{
	"parent": "item/handheld",
	"textures": {
		"layer0": "item/feather"
	},
	"overrides": [
        
		{"predicate": {"custom_model_data":-1002}, "model":"item/misc/suppressor"},
		{"predicate": {"custom_model_data":-1001}, "model":"item/misc/reflexsight"},
		{"predicate": {"custom_model_data":-1000}, "model":"item/weapons/reticle_pmii"},
        {"predicate": {"custom_model_data":-101}, "model":"item/weapons/ammo_nuke"},
        {"predicate": {"custom_model_data":-100}, "model":"item/weapons/ammo_rocket"},
        {"predicate": {"custom_model_data":-10}, "model":"item/weapons/combatknife"},
		{"predicate": {"custom_model_data":-1}, "model":"item/weapons/stim"},

        {"predicate": {"custom_model_data":0}, "model":"item/feather"},

		{"predicate": {"custom_model_data":   1}, "model":"item/weapons/uzi"},
        {"predicate": {"custom_model_data":   2}, "model":"item/weapons/aug"},
        {"predicate": {"custom_model_data":   3}, "model":"item/weapons/origin12"},
        {"predicate": {"custom_model_data":   4}, "model":"item/weapons/rpg7"},
		{"predicate": {"custom_model_data":   5}, "model":"item/weapons/ak47"},
        {"predicate": {"custom_model_data":   6}, "model":"item/weapons/fnfal"},
        {"predicate": {"custom_model_data":   7}, "model":"item/weapons/m4a1"},
        {"predicate": {"custom_model_data":   8}, "model":"item/weapons/coltpython"},
        {"predicate": {"custom_model_data":   9}, "model":"item/weapons/deserteagle"},
		{"predicate": {"custom_model_data":  10}, "model":"item/weapons/kar98k"},
        {"predicate": {"custom_model_data":  11}, "model":"item/weapons/mg34"},
        {"predicate": {"custom_model_data":  12}, "model":"item/weapons/famasg2"},
        {"predicate": {"custom_model_data":  13}, "model":"item/weapons/ax50"},
        {"predicate": {"custom_model_data":  14}, "model":"item/weapons/dp12"},
        {"predicate": {"custom_model_data":  15}, "model":"item/weapons/stg44"},
        {"predicate": {"custom_model_data":  16}, "model":"item/weapons/fatman"},
        {"predicate": {"custom_model_data":  17}, "model":"item/weapons/fatman_rock"},
		{"predicate": {"custom_model_data":  18}, "model":"item/weapons/br85"},
		{"predicate": {"custom_model_data":  19}, "model":"item/weapons/ma37"},
		{"predicate": {"custom_model_data":  20}, "model":"item/weapons/magnum"},
		{"predicate": {"custom_model_data":  21}, "model":"item/weapons/srs99"},

        {"predicate": {"custom_model_data":1001}, "model":"item/weapons/uziaiming"},
        {"predicate": {"custom_model_data":1002}, "model":"item/weapons/augaiming"},
        {"predicate": {"custom_model_data":1003}, "model":"item/weapons/origin12aiming"},
        {"predicate": {"custom_model_data":1004}, "model":"item/weapons/rpg7aiming"},
        {"predicate": {"custom_model_data":1005}, "model":"item/weapons/ak47aiming"},
        {"predicate": {"custom_model_data":1006}, "model":"item/weapons/fnfalaiming"},
        {"predicate": {"custom_model_data":1007}, "model":"item/weapons/m4a1aiming"},
        {"predicate": {"custom_model_data":1008}, "model":"item/weapons/coltpythonaiming"},
        {"predicate": {"custom_model_data":1009}, "model":"item/weapons/deserteagleaiming"},
        {"predicate": {"custom_model_data":1010}, "model":"item/weapons/kar98kaiming"},
        {"predicate": {"custom_model_data":1011}, "model":"item/weapons/mg34aiming"},
        {"predicate": {"custom_model_data":1012}, "model":"item/weapons/famasg2aiming"},
        {"predicate": {"custom_model_data":1013}, "model":"item/weapons/reticle_pmii"},
        {"predicate": {"custom_model_data":1014}, "model":"item/weapons/dp12aiming"},
        {"predicate": {"custom_model_data":1015}, "model":"item/weapons/stg44aiming"},
        {"predicate": {"custom_model_data":1016}, "model":"item/weapons/fatmanaiming"},
        {"predicate": {"custom_model_data":1017}, "model":"item/weapons/fatman_rockaiming"},
		{"predicate": {"custom_model_data":1019}, "model":"item/weapons/ma37aiming"},
		{"predicate": {"custom_model_data":1020}, "model":"item/weapons/magnumaiming"},
		{"predicate": {"custom_model_data":1021}, "model":"item/weapons/srs99_scope"},

        {"predicate": {"custom_model_data":2001}, "model":"item/weapons/uzisprinting"},
        {"predicate": {"custom_model_data":2002}, "model":"item/weapons/augsprinting"},
        {"predicate": {"custom_model_data":2003}, "model":"item/weapons/origin12sprinting"},
        {"predicate": {"custom_model_data":2004}, "model":"item/weapons/rpg7sprinting"},
        {"predicate": {"custom_model_data":2005}, "model":"item/weapons/ak47sprinting"},
        {"predicate": {"custom_model_data":2006}, "model":"item/weapons/fnfalsprinting"},
        {"predicate": {"custom_model_data":2007}, "model":"item/weapons/m4a1sprinting"},
        {"predicate": {"custom_model_data":2008}, "model":"item/weapons/coltpythonsprinting"},
        {"predicate": {"custom_model_data":2009}, "model":"item/weapons/deserteaglesprinting"},
        {"predicate": {"custom_model_data":2010}, "model":"item/weapons/kar98ksprinting"},
        {"predicate": {"custom_model_data":2011}, "model":"item/weapons/mg34sprinting"},
        {"predicate": {"custom_model_data":2012}, "model":"item/weapons/famasg2sprinting"},
        {"predicate": {"custom_model_data":2013}, "model":"item/weapons/ax50sprinting"},
        {"predicate": {"custom_model_data":2014}, "model":"item/weapons/dp12sprinting"},
        {"predicate": {"custom_model_data":2015}, "model":"item/weapons/stg44sprinting"},
        {"predicate": {"custom_model_data":2016}, "model":"item/weapons/fatmansprinting"},
        {"predicate": {"custom_model_data":2017}, "model":"item/weapons/fatman_rocksprinting"},
        {"predicate": {"custom_model_data":2018}, "model":"item/weapons/br85sprinting"},
        {"predicate": {"custom_model_data":2019}, "model":"item/weapons/ma37sprinting"},
        {"predicate": {"custom_model_data":2020}, "model":"item/weapons/magnumsprinting"},
        {"predicate": {"custom_model_data":2021}, "model":"item/weapons/srs99sprinting"},

        {"predicate": {"custom_model_data":3012}, "model":"item/weapons/famasg2reloading"},
        {"predicate": {"custom_model_data":3018}, "model":"item/weapons/br85reloading"},
        {"predicate": {"custom_model_data":3019}, "model":"item/weapons/ma37reloading"},
        {"predicate": {"custom_model_data":3020}, "model":"item/weapons/magnumreloading"},
        {"predicate": {"custom_model_data":3021}, "model":"item/weapons/srs99reloading"},

        {"predicate": {"custom_model_data":4016}, "model":"item/weapons/fatman_empty"},
        {"predicate": {"custom_model_data":4017}, "model":"item/weapons/fatman_empty"},
        {"predicate": {"custom_model_data":4021}, "model":"item/weapons/srs99_empty"},

        {"predicate": {"custom_model_data":10004}, "model":"item/weapons/rpg7_blue"},
        {"predicate": {"custom_model_data":10005}, "model":"item/weapons/ak47_blue"},
        {"predicate": {"custom_model_data":11004}, "model":"item/weapons/rpg7_blueaiming"},
        {"predicate": {"custom_model_data":11005}, "model":"item/weapons/ak47_blueaiming"},
        {"predicate": {"custom_model_data":12004}, "model":"item/weapons/rpg7_bluesprinting"},
        {"predicate": {"custom_model_data":12005}, "model":"item/weapons/ak47_bluesprinting"},

        {"predicate": {"custom_model_data":20004}, "model":"item/weapons/rpg7_red"},
        {"predicate": {"custom_model_data":20005}, "model":"item/weapons/ak47_red"},

        {"predicate": {"custom_model_data":21004}, "model":"item/weapons/rpg7_redaiming"},
        {"predicate": {"custom_model_data":21005}, "model":"item/weapons/ak47_redaiming"},
        
        {"predicate": {"custom_model_data":22004}, "model":"item/weapons/rpg7_redsprinting"},
        {"predicate": {"custom_model_data":22005}, "model":"item/weapons/ak47_redsprinting"},

        {"predicate": {"custom_model_data": 100007}, "model":"item/weapons/m4a1_reflexsight"},
        {"predicate": {"custom_model_data": 100015}, "model":"item/weapons/stg44_reflexsight"},

        {"predicate": {"custom_model_data": 101007}, "model":"item/weapons/m4a1_reflexsightaiming"},
        {"predicate": {"custom_model_data": 101015}, "model":"item/weapons/stg44_reflexsightaiming"},

        {"predicate": {"custom_model_data": 102007}, "model":"item/weapons/m4a1_reflexsightsprinting"},
        {"predicate": {"custom_model_data": 102015}, "model":"item/weapons/stg44_reflexsightsprinting"},

		{"predicate": {"custom_model_data":1000007}, "model":"item/weapons/m4a1_suppressor"},

        {"predicate": {"custom_model_data":1001007}, "model":"item/weapons/m4a1_suppressoraiming"},
        {"predicate": {"custom_model_data":1002007}, "model":"item/weapons/m4a1_suppressorsprinting"},

        {"predicate": {"custom_model_data":1100007}, "model":"item/weapons/m4a1_reflexsight_suppressor"},

        {"predicate": {"custom_model_data":1101007}, "model":"item/weapons/m4a1_reflexsight_suppressoraiming"},

        {"predicate": {"custom_model_data":1102007}, "model":"item/weapons/m4a1_reflexsight_suppressorsprinting"}
	]
}