{"credit":"Made with Blockbench","textures":{"0":"PT taurus 38/Textura Pt 38","particle":"PT taurus 38/Textura Pt 38"},"elements":[{"from":[0,1.6,1.2],"to":[2,1.7,1.5],"faces":{"north":{"uv":[2.5,0,6.5,4.5],"texture":"#0"},"east":{"uv":[2.5,0,6.5,4.5],"texture":"#0"},"south":{"uv":[2.5,0,6.5,4.5],"texture":"#0"},"west":{"uv":[2.5,0,6.5,4.5],"texture":"#0"},"up":{"uv":[2.5,0,6.5,4.5],"texture":"#0"},"down":{"uv":[2.5,0,6.5,4.5],"texture":"#0"}}},{"from":[0,1.7,1.1],"to":[2,1.8,1.6],"faces":{"north":{"uv":[2.5,0,6.5,4.5],"texture":"#0"},"east":{"uv":[2.5,0,6.5,4.5],"texture":"#0"},"south":{"uv":[2.5,0,6.5,4.5],"texture":"#0"},"west":{"uv":[2.5,0,6.5,4.5],"texture":"#0"},"up":{"uv":[2.5,0,6.5,4.5],"texture":"#0"},"down":{"uv":[2.5,0,6.5,4.5],"texture":"#0"}}},{"from":[0,1.8,1],"to":[2,1.9,1.6],"faces":{"north":{"uv":[2.5,0,6.5,4.5],"texture":"#0"},"east":{"uv":[2.5,0,6.5,4.5],"texture":"#0"},"south":{"uv":[2.5,0,6.5,4.5],"texture":"#0"},"west":{"uv":[2.5,0,6.5,4.5],"texture":"#0"},"up":{"uv":[2.5,0,6.5,4.5],"texture":"#0"},"down":{"uv":[2.5,0,6.5,4.5],"texture":"#0"}}},{"from":[0,1.9,0.9],"to":[2,2,6.9],"faces":{"north":{"uv":[2.5,0,6.5,4.5],"texture":"#0"},"east":{"uv":[2.5,0,6.5,4.5],"texture":"#0"},"south":{"uv":[2.5,0,6.5,4.5],"texture":"#0"},"west":{"uv":[2.5,0,6.5,4.5],"texture":"#0"},"up":{"uv":[2.5,0,6.5,4.5],"texture":"#0"},"down":{"uv":[2.5,0,6.5,4.5],"texture":"#0"}}},{"from":[0,2,0.9],"to":[2,2.1,7],"faces":{"north":{"uv":[2.5,0,6.5,4.5],"texture":"#0"},"east":{"uv":[2.5,0,6.5,4.5],"texture":"#0"},"south":{"uv":[2.5,0,6.5,4.5],"texture":"#0"},"west":{"uv":[2.5,0,6.5,4.5],"texture":"#0"},"up":{"uv":[2.5,0,6.5,4.5],"texture":"#0"},"down":{"uv":[2.5,0,6.5,4.5],"texture":"#0"}}},{"from":[0,2.1,0.9],"to":[2,2.2,7],"faces":{"north":{"uv":[2.5,0,6.5,4.5],"texture":"#0"},"east":{"uv":[2.5,0,6.5,4.5],"texture":"#0"},"south":{"uv":[2.5,0,6.5,4.5],"texture":"#0"},"west":{"uv":[2.5,0,6.5,4.5],"texture":"#0"},"up":{"uv":[2.5,0,6.5,4.5],"texture":"#0"},"down":{"uv":[2.5,0,6.5,4.5],"texture":"#0"}}},{"from":[0,2.2,0.8],"to":[2,2.3,7],"faces":{"north":{"uv":[2.5,0,6.5,4.5],"texture":"#0"},"east":{"uv":[2.5,0,6.5,4.5],"texture":"#0"},"south":{"uv":[2.5,0,6.5,4.5],"texture":"#0"},"west":{"uv":[2.5,0,6.5,4.5],"texture":"#0"},"up":{"uv":[2.5,0,6.5,4.5],"texture":"#0"},"down":{"uv":[2.5,0,6.5,4.5],"texture":"#0"}}},{"from":[0,2.3,0.8],"to":[2,2.4,7],"faces":{"north":{"uv":[2.5,0,6.5,4.5],"texture":"#0"},"east":{"uv":[2.5,0,6.5,4.5],"texture":"#0"},"south":{"uv":[2.5,0,6.5,4.5],"texture":"#0"},"west":{"uv":[2.5,0,6.5,4.5],"texture":"#0"},"up":{"uv":[2.5,0,6.5,4.5],"texture":"#0"},"down":{"uv":[2.5,0,6.5,4.5],"texture":"#0"}}},{"from":[0,2.4,0.8],"to":[2,2.5,7],"faces":{"north":{"uv":[2.5,0,6.5,4.5],"texture":"#0"},"east":{"uv":[2.5,0,6.5,4.5],"texture":"#0"},"south":{"uv":[2.5,0,6.5,4.5],"texture":"#0"},"west":{"uv":[2.5,0,6.5,4.5],"texture":"#0"},"up":{"uv":[2.5,0,6.5,4.5],"texture":"#0"},"down":{"uv":[2.5,0,6.5,4.5],"texture":"#0"}}},{"from":[0,2.5,0.8],"to":[2,2.6,7],"faces":{"north":{"uv":[2.5,0,6.5,4.5],"texture":"#0"},"east":{"uv":[2.5,0,6.5,4.5],"texture":"#0"},"south":{"uv":[2.5,0,6.5,4.5],"texture":"#0"},"west":{"uv":[2.5,0,6.5,4.5],"texture":"#0"},"up":{"uv":[2.5,0,6.5,4.5],"texture":"#0"},"down":{"uv":[2.5,0,6.5,4.5],"texture":"#0"}}},{"from":[0,2.6,0.8],"to":[2,2.7,7],"faces":{"north":{"uv":[2.5,0,6.5,4.5],"texture":"#0"},"east":{"uv":[2.5,0,6.5,4.5],"texture":"#0"},"south":{"uv":[2.5,0,6.5,4.5],"texture":"#0"},"west":{"uv":[2.5,0,6.5,4.5],"texture":"#0"},"up":{"uv":[2.5,0,6.5,4.5],"texture":"#0"},"down":{"uv":[2.5,0,6.5,4.5],"texture":"#0"}}},{"from":[0,2.7,0.8],"to":[2,2.8,7],"faces":{"north":{"uv":[2.5,0,6.5,4.5],"texture":"#0"},"east":{"uv":[2.5,0,6.5,4.5],"texture":"#0"},"south":{"uv":[2.5,0,6.5,4.5],"texture":"#0"},"west":{"uv":[2.5,0,6.5,4.5],"texture":"#0"},"up":{"uv":[2.5,0,6.5,4.5],"texture":"#0"},"down":{"uv":[2.5,0,6.5,4.5],"texture":"#0"}}},{"from":[0,2.8,0.8],"to":[2,2.9,6.9],"faces":{"north":{"uv":[2.5,0,6.5,4.5],"texture":"#0"},"east":{"uv":[2.5,0,6.5,4.5],"texture":"#0"},"south":{"uv":[2.5,0,6.5,4.5],"texture":"#0"},"west":{"uv":[2.5,0,6.5,4.5],"texture":"#0"},"up":{"uv":[2.5,0,6.5,4.5],"texture":"#0"},"down":{"uv":[2.5,0,6.5,4.5],"texture":"#0"}}},{"from":[0,2.9,0.7],"to":[2,3,6.9],"faces":{"north":{"uv":[2.5,0,6.5,4.5],"texture":"#0"},"east":{"uv":[2.5,0,6.5,4.5],"texture":"#0"},"south":{"uv":[2.5,0,6.5,4.5],"texture":"#0"},"west":{"uv":[2.5,0,6.5,4.5],"texture":"#0"},"up":{"uv":[2.5,0,6.5,4.5],"texture":"#0"},"down":{"uv":[2.5,0,6.5,4.5],"texture":"#0"}}},{"from":[0,3,0.7],"to":[2,3.1,7],"faces":{"north":{"uv":[2.5,0,6.5,4.5],"texture":"#0"},"east":{"uv":[2.5,0,6.5,4.5],"texture":"#0"},"south":{"uv":[2.5,0,6.5,4.5],"texture":"#0"},"west":{"uv":[2.5,0,6.5,4.5],"texture":"#0"},"up":{"uv":[2.5,0,6.5,4.5],"texture":"#0"},"down":{"uv":[2.5,0,6.5,4.5],"texture":"#0"}}},{"from":[0,3.1,0.7],"to":[2,3.2,6.9],"faces":{"north":{"uv":[2.5,0,6.5,4.5],"texture":"#0"},"east":{"uv":[2.5,0,6.5,4.5],"texture":"#0"},"south":{"uv":[2.5,0,6.5,4.5],"texture":"#0"},"west":{"uv":[2.5,0,6.5,4.5],"texture":"#0"},"up":{"uv":[2.5,0,6.5,4.5],"texture":"#0"},"down":{"uv":[2.5,0,6.5,4.5],"texture":"#0"}}},{"from":[0,3.2,0.7],"to":[2,3.3,6.9],"faces":{"north":{"uv":[2.5,0,6.5,4.5],"texture":"#0"},"east":{"uv":[2.5,0,6.5,4.5],"texture":"#0"},"south":{"uv":[2.5,0,6.5,4.5],"texture":"#0"},"west":{"uv":[2.5,0,6.5,4.5],"texture":"#0"},"up":{"uv":[2.5,0,6.5,4.5],"texture":"#0"},"down":{"uv":[2.5,0,6.5,4.5],"texture":"#0"}}},{"from":[0,3.3,0.7],"to":[2,3.4,7],"faces":{"north":{"uv":[2.5,0,6.5,4.5],"texture":"#0"},"east":{"uv":[2.5,0,6.5,4.5],"texture":"#0"},"south":{"uv":[2.5,0,6.5,4.5],"texture":"#0"},"west":{"uv":[2.5,0,6.5,4.5],"texture":"#0"},"up":{"uv":[2.5,0,6.5,4.5],"texture":"#0"},"down":{"uv":[2.5,0,6.5,4.5],"texture":"#0"}}},{"from":[0,3.4,0.7],"to":[2,3.5,6.9],"faces":{"north":{"uv":[2.5,0,6.5,4.5],"texture":"#0"},"east":{"uv":[2.5,0,6.5,4.5],"texture":"#0"},"south":{"uv":[2.5,0,6.5,4.5],"texture":"#0"},"west":{"uv":[2.5,0,6.5,4.5],"texture":"#0"},"up":{"uv":[2.5,0,6.5,4.5],"texture":"#0"},"down":{"uv":[2.5,0,6.5,4.5],"texture":"#0"}}},{"from":[0,3.5,0.7],"to":[2,3.6,6.9],"faces":{"north":{"uv":[2.5,0,6.5,4.5],"texture":"#0"},"east":{"uv":[2.5,0,6.5,4.5],"texture":"#0"},"south":{"uv":[2.5,0,6.5,4.5],"texture":"#0"},"west":{"uv":[2.5,0,6.5,4.5],"texture":"#0"},"up":{"uv":[2.5,0,6.5,4.5],"texture":"#0"},"down":{"uv":[2.5,0,6.5,4.5],"texture":"#0"}}},{"from":[0,3.6,0.7],"to":[2,3.7,7.1],"faces":{"north":{"uv":[2.5,0,6.5,4.5],"texture":"#0"},"east":{"uv":[2.5,0,6.5,4.5],"texture":"#0"},"south":{"uv":[2.5,0,6.5,4.5],"texture":"#0"},"west":{"uv":[2.5,0,6.5,4.5],"texture":"#0"},"up":{"uv":[2.5,0,6.5,4.5],"texture":"#0"},"down":{"uv":[2.5,0,6.5,4.5],"texture":"#0"}}},{"from":[0,3.7,0.8],"to":[2,3.8,7],"faces":{"north":{"uv":[2.5,0,6.5,4.5],"texture":"#0"},"east":{"uv":[2.5,0,6.5,4.5],"texture":"#0"},"south":{"uv":[2.5,0,6.5,4.5],"texture":"#0"},"west":{"uv":[2.5,0,6.5,4.5],"texture":"#0"},"up":{"uv":[2.5,0,6.5,4.5],"texture":"#0"},"down":{"uv":[2.5,0,6.5,4.5],"texture":"#0"}}},{"from":[0,3.8,0.8],"to":[2,3.9,7],"faces":{"north":{"uv":[2.5,0,6.5,4.5],"texture":"#0"},"east":{"uv":[2.5,0,6.5,4.5],"texture":"#0"},"south":{"uv":[2.5,0,6.5,4.5],"texture":"#0"},"west":{"uv":[2.5,0,6.5,4.5],"texture":"#0"},"up":{"uv":[2.5,0,6.5,4.5],"texture":"#0"},"down":{"uv":[2.5,0,6.5,4.5],"texture":"#0"}}},{"from":[0,3.9,0.8],"to":[2,4,7.1],"faces":{"north":{"uv":[2.5,0,6.5,4.5],"texture":"#0"},"east":{"uv":[2.5,0,6.5,4.5],"texture":"#0"},"south":{"uv":[2.5,0,6.5,4.5],"texture":"#0"},"west":{"uv":[2.5,0,6.5,4.5],"texture":"#0"},"up":{"uv":[2.5,0,6.5,4.5],"texture":"#0"},"down":{"uv":[2.5,0,6.5,4.5],"texture":"#0"}}},{"from":[0,4,0.8],"to":[2,4.1,7.1],"faces":{"north":{"uv":[2.5,0,6.5,4.5],"texture":"#0"},"east":{"uv":[2.5,0,6.5,4.5],"texture":"#0"},"south":{"uv":[2.5,0,6.5,4.5],"texture":"#0"},"west":{"uv":[2.5,0,6.5,4.5],"texture":"#0"},"up":{"uv":[2.5,0,6.5,4.5],"texture":"#0"},"down":{"uv":[2.5,0,6.5,4.5],"texture":"#0"}}},{"from":[0,4.1,0.8],"to":[2,4.2,7.1],"faces":{"north":{"uv":[2.5,0,6.5,4.5],"texture":"#0"},"east":{"uv":[2.5,0,6.5,4.5],"texture":"#0"},"south":{"uv":[2.5,0,6.5,4.5],"texture":"#0"},"west":{"uv":[2.5,0,6.5,4.5],"texture":"#0"},"up":{"uv":[2.5,0,6.5,4.5],"texture":"#0"},"down":{"uv":[2.5,0,6.5,4.5],"texture":"#0"}}},{"from":[0,4.2,0.8],"to":[2,4.3,7.2],"faces":{"north":{"uv":[2.5,0,6.5,4.5],"texture":"#0"},"east":{"uv":[2.5,0,6.5,4.5],"texture":"#0"},"south":{"uv":[2.5,0,6.5,4.5],"texture":"#0"},"west":{"uv":[2.5,0,6.5,4.5],"texture":"#0"},"up":{"uv":[2.5,0,6.5,4.5],"texture":"#0"},"down":{"uv":[2.5,0,6.5,4.5],"texture":"#0"}}},{"from":[0,4.3,0.8],"to":[2,4.4,7.2],"faces":{"north":{"uv":[2.5,0,6.5,4.5],"texture":"#0"},"east":{"uv":[2.5,0,6.5,4.5],"texture":"#0"},"south":{"uv":[2.5,0,6.5,4.5],"texture":"#0"},"west":{"uv":[2.5,0,6.5,4.5],"texture":"#0"},"up":{"uv":[2.5,0,6.5,4.5],"texture":"#0"},"down":{"uv":[2.5,0,6.5,4.5],"texture":"#0"}}},{"from":[0,4.4,0.8],"to":[2,4.5,7.2],"faces":{"north":{"uv":[2.5,0,6.5,4.5],"texture":"#0"},"east":{"uv":[2.5,0,6.5,4.5],"texture":"#0"},"south":{"uv":[2.5,0,6.5,4.5],"texture":"#0"},"west":{"uv":[2.5,0,6.5,4.5],"texture":"#0"},"up":{"uv":[2.5,0,6.5,4.5],"texture":"#0"},"down":{"uv":[2.5,0,6.5,4.5],"texture":"#0"}}},{"from":[0,4.5,0.8],"to":[2,4.6,7.3],"faces":{"north":{"uv":[2.5,0,6.5,4.5],"texture":"#0"},"east":{"uv":[2.5,0,6.5,4.5],"texture":"#0"},"south":{"uv":[2.5,0,6.5,4.5],"texture":"#0"},"west":{"uv":[2.5,0,6.5,4.5],"texture":"#0"},"up":{"uv":[2.5,0,6.5,4.5],"texture":"#0"},"down":{"uv":[2.5,0,6.5,4.5],"texture":"#0"}}},{"from":[0,4.6,0.9],"to":[2,4.7,7.4],"faces":{"north":{"uv":[2.5,0,6.5,4.5],"texture":"#0"},"east":{"uv":[2.5,0,6.5,4.5],"texture":"#0"},"south":{"uv":[2.5,0,6.5,4.5],"texture":"#0"},"west":{"uv":[2.5,0,6.5,4.5],"texture":"#0"},"up":{"uv":[2.5,0,6.5,4.5],"texture":"#0"},"down":{"uv":[2.5,0,6.5,4.5],"texture":"#0"}}},{"from":[0,4.7,0.9],"to":[2,4.8,7.4],"faces":{"north":{"uv":[2.5,0,6.5,4.5],"texture":"#0"},"east":{"uv":[2.5,0,6.5,4.5],"texture":"#0"},"south":{"uv":[2.5,0,6.5,4.5],"texture":"#0"},"west":{"uv":[2.5,0,6.5,4.5],"texture":"#0"},"up":{"uv":[2.5,0,6.5,4.5],"texture":"#0"},"down":{"uv":[2.5,0,6.5,4.5],"texture":"#0"}}},{"from":[0,4.8,0.9],"to":[2,4.9,7.5],"faces":{"north":{"uv":[2.5,0,6.5,4.5],"texture":"#0"},"east":{"uv":[2.5,0,6.5,4.5],"texture":"#0"},"south":{"uv":[2.5,0,6.5,4.5],"texture":"#0"},"west":{"uv":[2.5,0,6.5,4.5],"texture":"#0"},"up":{"uv":[2.5,0,6.5,4.5],"texture":"#0"},"down":{"uv":[2.5,0,6.5,4.5],"texture":"#0"}}},{"from":[0,4.9,0.9],"to":[2,5,7.6],"faces":{"north":{"uv":[2.5,0,6.5,4.5],"texture":"#0"},"east":{"uv":[2.5,0,6.5,4.5],"texture":"#0"},"south":{"uv":[2.5,0,6.5,4.5],"texture":"#0"},"west":{"uv":[2.5,0,6.5,4.5],"texture":"#0"},"up":{"uv":[2.5,0,6.5,4.5],"texture":"#0"},"down":{"uv":[2.5,0,6.5,4.5],"texture":"#0"}}},{"from":[0,5,0.9],"to":[2,5.1,7.6],"faces":{"north":{"uv":[2.5,0,6.5,4.5],"texture":"#0"},"east":{"uv":[2.5,0,6.5,4.5],"texture":"#0"},"south":{"uv":[2.5,0,6.5,4.5],"texture":"#0"},"west":{"uv":[2.5,0,6.5,4.5],"texture":"#0"},"up":{"uv":[2.5,0,6.5,4.5],"texture":"#0"},"down":{"uv":[2.5,0,6.5,4.5],"texture":"#0"}}},{"from":[0,5.1,0.9],"to":[2,5.2,7.5],"faces":{"north":{"uv":[2.5,0,6.5,4.5],"texture":"#0"},"east":{"uv":[2.5,0,6.5,4.5],"texture":"#0"},"south":{"uv":[2.5,0,6.5,4.5],"texture":"#0"},"west":{"uv":[2.5,0,6.5,4.5],"texture":"#0"},"up":{"uv":[2.5,0,6.5,4.5],"texture":"#0"},"down":{"uv":[2.5,0,6.5,4.5],"texture":"#0"}}},{"from":[0,5.2,0.9],"to":[2,5.3,7.6],"faces":{"north":{"uv":[2.5,0,6.5,4.5],"texture":"#0"},"east":{"uv":[2.5,0,6.5,4.5],"texture":"#0"},"south":{"uv":[2.5,0,6.5,4.5],"texture":"#0"},"west":{"uv":[2.5,0,6.5,4.5],"texture":"#0"},"up":{"uv":[2.5,0,6.5,4.5],"texture":"#0"},"down":{"uv":[2.5,0,6.5,4.5],"texture":"#0"}}},{"from":[0,5.3,1],"to":[2,5.4,7.5],"faces":{"north":{"uv":[2.5,0,6.5,4.5],"texture":"#0"},"east":{"uv":[2.5,0,6.5,4.5],"texture":"#0"},"south":{"uv":[2.5,0,6.5,4.5],"texture":"#0"},"west":{"uv":[2.5,0,6.5,4.5],"texture":"#0"},"up":{"uv":[2.5,0,6.5,4.5],"texture":"#0"},"down":{"uv":[2.5,0,6.5,4.5],"texture":"#0"}}},{"from":[0,5.4,1],"to":[2,5.5,7.6],"faces":{"north":{"uv":[2.5,0,6.5,4.5],"texture":"#0"},"east":{"uv":[2.5,0,6.5,4.5],"texture":"#0"},"south":{"uv":[2.5,0,6.5,4.5],"texture":"#0"},"west":{"uv":[2.5,0,6.5,4.5],"texture":"#0"},"up":{"uv":[2.5,0,6.5,4.5],"texture":"#0"},"down":{"uv":[2.5,0,6.5,4.5],"texture":"#0"}}},{"from":[0,5.5,1],"to":[2,5.6,7.6],"faces":{"north":{"uv":[2.5,0,6.5,4.5],"texture":"#0"},"east":{"uv":[2.5,0,6.5,4.5],"texture":"#0"},"south":{"uv":[2.5,0,6.5,4.5],"texture":"#0"},"west":{"uv":[2.5,0,6.5,4.5],"texture":"#0"},"up":{"uv":[2.5,0,6.5,4.5],"texture":"#0"},"down":{"uv":[2.5,0,6.5,4.5],"texture":"#0"}}},{"from":[0,5.6,1.1],"to":[2,5.7,7.6],"faces":{"north":{"uv":[2.5,0,6.5,4.5],"texture":"#0"},"east":{"uv":[2.5,0,6.5,4.5],"texture":"#0"},"south":{"uv":[2.5,0,6.5,4.5],"texture":"#0"},"west":{"uv":[2.5,0,6.5,4.5],"texture":"#0"},"up":{"uv":[2.5,0,6.5,4.5],"texture":"#0"},"down":{"uv":[2.5,0,6.5,4.5],"texture":"#0"}}},{"from":[0,5.7,1.1],"to":[2,5.8,7.5],"faces":{"north":{"uv":[2.5,0,6.5,4.5],"texture":"#0"},"east":{"uv":[2.5,0,6.5,4.5],"texture":"#0"},"south":{"uv":[2.5,0,6.5,4.5],"texture":"#0"},"west":{"uv":[2.5,0,6.5,4.5],"texture":"#0"},"up":{"uv":[2.5,0,6.5,4.5],"texture":"#0"},"down":{"uv":[2.5,0,6.5,4.5],"texture":"#0"}}},{"from":[0,5.8,1.1],"to":[2,5.9,7.7],"faces":{"north":{"uv":[2.5,0,6.5,4.5],"texture":"#0"},"east":{"uv":[2.5,0,6.5,4.5],"texture":"#0"},"south":{"uv":[2.5,0,6.5,4.5],"texture":"#0"},"west":{"uv":[2.5,0,6.5,4.5],"texture":"#0"},"up":{"uv":[2.5,0,6.5,4.5],"texture":"#0"},"down":{"uv":[2.5,0,6.5,4.5],"texture":"#0"}}},{"from":[0,5.9,1.2],"to":[2,6,7.6],"faces":{"north":{"uv":[2.5,0,6.5,4.5],"texture":"#0"},"east":{"uv":[2.5,0,6.5,4.5],"texture":"#0"},"south":{"uv":[2.5,0,6.5,4.5],"texture":"#0"},"west":{"uv":[2.5,0,6.5,4.5],"texture":"#0"},"up":{"uv":[2.5,0,6.5,4.5],"texture":"#0"},"down":{"uv":[2.5,0,6.5,4.5],"texture":"#0"}}},{"from":[0,6,1.2],"to":[2,6.1,7.6],"faces":{"north":{"uv":[2.5,0,6.5,4.5],"texture":"#0"},"east":{"uv":[2.5,0,6.5,4.5],"texture":"#0"},"south":{"uv":[2.5,0,6.5,4.5],"texture":"#0"},"west":{"uv":[2.5,0,6.5,4.5],"texture":"#0"},"up":{"uv":[2.5,0,6.5,4.5],"texture":"#0"},"down":{"uv":[2.5,0,6.5,4.5],"texture":"#0"}}},{"from":[0,6.1,1.2],"to":[2,6.2,7.6],"faces":{"north":{"uv":[2.5,0,6.5,4.5],"texture":"#0"},"east":{"uv":[2.5,0,6.5,4.5],"texture":"#0"},"south":{"uv":[2.5,0,6.5,4.5],"texture":"#0"},"west":{"uv":[2.5,0,6.5,4.5],"texture":"#0"},"up":{"uv":[2.5,0,6.5,4.5],"texture":"#0"},"down":{"uv":[2.5,0,6.5,4.5],"texture":"#0"}}},{"from":[0,6.2,1.3],"to":[2,6.3,7.7],"faces":{"north":{"uv":[2.5,0,6.5,4.5],"texture":"#0"},"east":{"uv":[2.5,0,6.5,4.5],"texture":"#0"},"south":{"uv":[2.5,0,6.5,4.5],"texture":"#0"},"west":{"uv":[2.5,0,6.5,4.5],"texture":"#0"},"up":{"uv":[2.5,0,6.5,4.5],"texture":"#0"},"down":{"uv":[2.5,0,6.5,4.5],"texture":"#0"}}},{"from":[0,6.3,1.3],"to":[2,6.4,7.6],"faces":{"north":{"uv":[2.5,0,6.5,4.5],"texture":"#0"},"east":{"uv":[2.5,0,6.5,4.5],"texture":"#0"},"south":{"uv":[2.5,0,6.5,4.5],"texture":"#0"},"west":{"uv":[2.5,0,6.5,4.5],"texture":"#0"},"up":{"uv":[2.5,0,6.5,4.5],"texture":"#0"},"down":{"uv":[2.5,0,6.5,4.5],"texture":"#0"}}},{"from":[0,6.4,1.3],"to":[2,6.5,7.7],"faces":{"north":{"uv":[2.5,0,6.5,4.5],"texture":"#0"},"east":{"uv":[2.5,0,6.5,4.5],"texture":"#0"},"south":{"uv":[2.5,0,6.5,4.5],"texture":"#0"},"west":{"uv":[2.5,0,6.5,4.5],"texture":"#0"},"up":{"uv":[2.5,0,6.5,4.5],"texture":"#0"},"down":{"uv":[2.5,0,6.5,4.5],"texture":"#0"}}},{"from":[0,6.5,1.4],"to":[2,6.6,7.8],"faces":{"north":{"uv":[2.5,0,6.5,4.5],"texture":"#0"},"east":{"uv":[2.5,0,6.5,4.5],"texture":"#0"},"south":{"uv":[2.5,0,6.5,4.5],"texture":"#0"},"west":{"uv":[2.5,0,6.5,4.5],"texture":"#0"},"up":{"uv":[2.5,0,6.5,4.5],"texture":"#0"},"down":{"uv":[2.5,0,6.5,4.5],"texture":"#0"}}},{"from":[0,6.6,1.4],"to":[2,6.7,7.8],"faces":{"north":{"uv":[2.5,0,6.5,4.5],"texture":"#0"},"east":{"uv":[2.5,0,6.5,4.5],"texture":"#0"},"south":{"uv":[2.5,0,6.5,4.5],"texture":"#0"},"west":{"uv":[2.5,0,6.5,4.5],"texture":"#0"},"up":{"uv":[2.5,0,6.5,4.5],"texture":"#0"},"down":{"uv":[2.5,0,6.5,4.5],"texture":"#0"}}},{"from":[0,6.7,1.4],"to":[2,6.8,7.8],"faces":{"north":{"uv":[2.5,0,6.5,4.5],"texture":"#0"},"east":{"uv":[2.5,0,6.5,4.5],"texture":"#0"},"south":{"uv":[2.5,0,6.5,4.5],"texture":"#0"},"west":{"uv":[2.5,0,6.5,4.5],"texture":"#0"},"up":{"uv":[2.5,0,6.5,4.5],"texture":"#0"},"down":{"uv":[2.5,0,6.5,4.5],"texture":"#0"}}},{"from":[0,6.8,1.5],"to":[2,6.9,8],"faces":{"north":{"uv":[2.5,0,6.5,4.5],"texture":"#0"},"east":{"uv":[2.5,0,6.5,4.5],"texture":"#0"},"south":{"uv":[2.5,0,6.5,4.5],"texture":"#0"},"west":{"uv":[2.5,0,6.5,4.5],"texture":"#0"},"up":{"uv":[2.5,0,6.5,4.5],"texture":"#0"},"down":{"uv":[2.5,0,6.5,4.5],"texture":"#0"}}},{"from":[0,6.9,1.5],"to":[2,7,8],"faces":{"north":{"uv":[2.5,0,6.5,4.5],"texture":"#0"},"east":{"uv":[2.5,0,6.5,4.5],"texture":"#0"},"south":{"uv":[2.5,0,6.5,4.5],"texture":"#0"},"west":{"uv":[2.5,0,6.5,4.5],"texture":"#0"},"up":{"uv":[2.5,0,6.5,4.5],"texture":"#0"},"down":{"uv":[2.5,0,6.5,4.5],"texture":"#0"}}},{"from":[0,7,1.6],"to":[2,7.1,8.1],"faces":{"north":{"uv":[2.5,0,6.5,4.5],"texture":"#0"},"east":{"uv":[2.5,0,6.5,4.5],"texture":"#0"},"south":{"uv":[2.5,0,6.5,4.5],"texture":"#0"},"west":{"uv":[2.5,0,6.5,4.5],"texture":"#0"},"up":{"uv":[2.5,0,6.5,4.5],"texture":"#0"},"down":{"uv":[2.5,0,6.5,4.5],"texture":"#0"}}},{"from":[0,7.1,1.6],"to":[2,7.2,8.2],"faces":{"north":{"uv":[2.5,0,6.5,4.5],"texture":"#0"},"east":{"uv":[2.5,0,6.5,4.5],"texture":"#0"},"south":{"uv":[2.5,0,6.5,4.5],"texture":"#0"},"west":{"uv":[2.5,0,6.5,4.5],"texture":"#0"},"up":{"uv":[2.5,0,6.5,4.5],"texture":"#0"},"down":{"uv":[2.5,0,6.5,4.5],"texture":"#0"}}},{"from":[0,7.2,1.6],"to":[2,7.3,8.2],"faces":{"north":{"uv":[2.5,0,6.5,4.5],"texture":"#0"},"east":{"uv":[2.5,0,6.5,4.5],"texture":"#0"},"south":{"uv":[2.5,0,6.5,4.5],"texture":"#0"},"west":{"uv":[2.5,0,6.5,4.5],"texture":"#0"},"up":{"uv":[2.5,0,6.5,4.5],"texture":"#0"},"down":{"uv":[2.5,0,6.5,4.5],"texture":"#0"}}},{"from":[0,7.3,1.7],"to":[2,7.4,8.2],"faces":{"north":{"uv":[2.5,0,6.5,4.5],"texture":"#0"},"east":{"uv":[2.5,0,6.5,4.5],"texture":"#0"},"south":{"uv":[2.5,0,6.5,4.5],"texture":"#0"},"west":{"uv":[2.5,0,6.5,4.5],"texture":"#0"},"up":{"uv":[2.5,0,6.5,4.5],"texture":"#0"},"down":{"uv":[2.5,0,6.5,4.5],"texture":"#0"}}},{"from":[0,7.4,1.7],"to":[2,7.5,8.2],"faces":{"north":{"uv":[2.5,0,6.5,4.5],"texture":"#0"},"east":{"uv":[2.5,0,6.5,4.5],"texture":"#0"},"south":{"uv":[2.5,0,6.5,4.5],"texture":"#0"},"west":{"uv":[2.5,0,6.5,4.5],"texture":"#0"},"up":{"uv":[2.5,0,6.5,4.5],"texture":"#0"},"down":{"uv":[2.5,0,6.5,4.5],"texture":"#0"}}},{"from":[0,7.5,1.8],"to":[2,7.6,8.2],"faces":{"north":{"uv":[2.5,0,6.5,4.5],"texture":"#0"},"east":{"uv":[2.5,0,6.5,4.5],"texture":"#0"},"south":{"uv":[2.5,0,6.5,4.5],"texture":"#0"},"west":{"uv":[2.5,0,6.5,4.5],"texture":"#0"},"up":{"uv":[2.5,0,6.5,4.5],"texture":"#0"},"down":{"uv":[2.5,0,6.5,4.5],"texture":"#0"}}},{"from":[0,7.6,1.8],"to":[2,7.7,8.2],"faces":{"north":{"uv":[2.5,0,6.5,4.5],"texture":"#0"},"east":{"uv":[2.5,0,6.5,4.5],"texture":"#0"},"south":{"uv":[2.5,0,6.5,4.5],"texture":"#0"},"west":{"uv":[2.5,0,6.5,4.5],"texture":"#0"},"up":{"uv":[2.5,0,6.5,4.5],"texture":"#0"},"down":{"uv":[2.5,0,6.5,4.5],"texture":"#0"}}},{"from":[0,7.7,1.9],"to":[2,7.8,8.2],"faces":{"north":{"uv":[2.5,0,6.5,4.5],"texture":"#0"},"east":{"uv":[2.5,0,6.5,4.5],"texture":"#0"},"south":{"uv":[2.5,0,6.5,4.5],"texture":"#0"},"west":{"uv":[2.5,0,6.5,4.5],"texture":"#0"},"up":{"uv":[2.5,0,6.5,4.5],"texture":"#0"},"down":{"uv":[2.5,0,6.5,4.5],"texture":"#0"}}},{"from":[0,7.8,1.9],"to":[2,7.9,8.2],"faces":{"north":{"uv":[2.5,0,6.5,4.5],"texture":"#0"},"east":{"uv":[2.5,0,6.5,4.5],"texture":"#0"},"south":{"uv":[2.5,0,6.5,4.5],"texture":"#0"},"west":{"uv":[2.5,0,6.5,4.5],"texture":"#0"},"up":{"uv":[2.5,0,6.5,4.5],"texture":"#0"},"down":{"uv":[2.5,0,6.5,4.5],"texture":"#0"}}},{"from":[0,7.9,2],"to":[2,8,8.2],"faces":{"north":{"uv":[2.5,0,6.5,4.5],"texture":"#0"},"east":{"uv":[2.5,0,6.5,4.5],"texture":"#0"},"south":{"uv":[2.5,0,6.5,4.5],"texture":"#0"},"west":{"uv":[2.5,0,6.5,4.5],"texture":"#0"},"up":{"uv":[2.5,0,6.5,4.5],"texture":"#0"},"down":{"uv":[2.5,0,6.5,4.5],"texture":"#0"}}},{"from":[0,8,2.1],"to":[2,8.1,8.2],"faces":{"north":{"uv":[2.5,0,6.5,4.5],"texture":"#0"},"east":{"uv":[2.5,0,6.5,4.5],"texture":"#0"},"south":{"uv":[2.5,0,6.5,4.5],"texture":"#0"},"west":{"uv":[2.5,0,6.5,4.5],"texture":"#0"},"up":{"uv":[2.5,0,6.5,4.5],"texture":"#0"},"down":{"uv":[2.5,0,6.5,4.5],"texture":"#0"}}},{"from":[0,8.1,2.1],"to":[2,8.2,8.3],"faces":{"north":{"uv":[2.5,0,6.5,4.5],"texture":"#0"},"east":{"uv":[2.5,0,6.5,4.5],"texture":"#0"},"south":{"uv":[2.5,0,6.5,4.5],"texture":"#0"},"west":{"uv":[2.5,0,6.5,4.5],"texture":"#0"},"up":{"uv":[2.5,0,6.5,4.5],"texture":"#0"},"down":{"uv":[2.5,0,6.5,4.5],"texture":"#0"}}},{"from":[0,8.2,2.2],"to":[2,8.3,8.3],"faces":{"north":{"uv":[2.5,0,6.5,4.5],"texture":"#0"},"east":{"uv":[2.5,0,6.5,4.5],"texture":"#0"},"south":{"uv":[2.5,0,6.5,4.5],"texture":"#0"},"west":{"uv":[2.5,0,6.5,4.5],"texture":"#0"},"up":{"uv":[2.5,0,6.5,4.5],"texture":"#0"},"down":{"uv":[2.5,0,6.5,4.5],"texture":"#0"}}},{"from":[0,8.3,2.2],"to":[2,8.4,8.3],"faces":{"north":{"uv":[2.5,0,6.5,4.5],"texture":"#0"},"east":{"uv":[2.5,0,6.5,4.5],"texture":"#0"},"south":{"uv":[2.5,0,6.5,4.5],"texture":"#0"},"west":{"uv":[2.5,0,6.5,4.5],"texture":"#0"},"up":{"uv":[2.5,0,6.5,4.5],"texture":"#0"},"down":{"uv":[2.5,0,6.5,4.5],"texture":"#0"}}},{"from":[0,8.4,2.3],"to":[2,8.5,8.4],"faces":{"north":{"uv":[2.5,0,6.5,4.5],"texture":"#0"},"east":{"uv":[2.5,0,6.5,4.5],"texture":"#0"},"south":{"uv":[2.5,0,6.5,4.5],"texture":"#0"},"west":{"uv":[2.5,0,6.5,4.5],"texture":"#0"},"up":{"uv":[2.5,0,6.5,4.5],"texture":"#0"},"down":{"uv":[2.5,0,6.5,4.5],"texture":"#0"}}},{"from":[0,8.5,2.3],"to":[2,8.6,8.4],"faces":{"north":{"uv":[2.5,0,6.5,4.5],"texture":"#0"},"east":{"uv":[2.5,0,6.5,4.5],"texture":"#0"},"south":{"uv":[2.5,0,6.5,4.5],"texture":"#0"},"west":{"uv":[2.5,0,6.5,4.5],"texture":"#0"},"up":{"uv":[2.5,0,6.5,4.5],"texture":"#0"},"down":{"uv":[2.5,0,6.5,4.5],"texture":"#0"}}},{"from":[0,8.6,2.4],"to":[2,8.7,8.5],"faces":{"north":{"uv":[2.5,0,6.5,4.5],"texture":"#0"},"east":{"uv":[2.5,0,6.5,4.5],"texture":"#0"},"south":{"uv":[2.5,0,6.5,4.5],"texture":"#0"},"west":{"uv":[2.5,0,6.5,4.5],"texture":"#0"},"up":{"uv":[2.5,0,6.5,4.5],"texture":"#0"},"down":{"uv":[2.5,0,6.5,4.5],"texture":"#0"}}},{"from":[0,8.7,2.4],"to":[2,8.8,8.6],"faces":{"north":{"uv":[2.5,0,6.5,4.5],"texture":"#0"},"east":{"uv":[2.5,0,6.5,4.5],"texture":"#0"},"south":{"uv":[2.5,0,6.5,4.5],"texture":"#0"},"west":{"uv":[2.5,0,6.5,4.5],"texture":"#0"},"up":{"uv":[2.5,0,6.5,4.5],"texture":"#0"},"down":{"uv":[2.5,0,6.5,4.5],"texture":"#0"}}},{"from":[0,8.8,2.5],"to":[2,8.9,8.7],"faces":{"north":{"uv":[2.5,0,6.5,4.5],"texture":"#0"},"east":{"uv":[2.5,0,6.5,4.5],"texture":"#0"},"south":{"uv":[2.5,0,6.5,4.5],"texture":"#0"},"west":{"uv":[2.5,0,6.5,4.5],"texture":"#0"},"up":{"uv":[2.5,0,6.5,4.5],"texture":"#0"},"down":{"uv":[2.5,0,6.5,4.5],"texture":"#0"}}},{"from":[0,8.9,2.5],"to":[2,9,8.8],"faces":{"north":{"uv":[2.5,0,6.5,4.5],"texture":"#0"},"east":{"uv":[2.5,0,6.5,4.5],"texture":"#0"},"south":{"uv":[2.5,0,6.5,4.5],"texture":"#0"},"west":{"uv":[2.5,0,6.5,4.5],"texture":"#0"},"up":{"uv":[2.5,0,6.5,4.5],"texture":"#0"},"down":{"uv":[2.5,0,6.5,4.5],"texture":"#0"}}},{"from":[0,9,2.5],"to":[2,9.1,8.9],"faces":{"north":{"uv":[2.5,0,6.5,4.5],"texture":"#0"},"east":{"uv":[2.5,0,6.5,4.5],"texture":"#0"},"south":{"uv":[2.5,0,6.5,4.5],"texture":"#0"},"west":{"uv":[2.5,0,6.5,4.5],"texture":"#0"},"up":{"uv":[2.5,0,6.5,4.5],"texture":"#0"},"down":{"uv":[2.5,0,6.5,4.5],"texture":"#0"}}},{"from":[0,9.1,2.6],"to":[2,9.2,9],"faces":{"north":{"uv":[2.5,0,6.5,4.5],"texture":"#0"},"east":{"uv":[2.5,0,6.5,4.5],"texture":"#0"},"south":{"uv":[2.5,0,6.5,4.5],"texture":"#0"},"west":{"uv":[2.5,0,6.5,4.5],"texture":"#0"},"up":{"uv":[2.5,0,6.5,4.5],"texture":"#0"},"down":{"uv":[2.5,0,6.5,4.5],"texture":"#0"}}},{"from":[0,9.2,2.6],"to":[2,9.3,9.1],"faces":{"north":{"uv":[2.5,0,6.5,4.5],"texture":"#0"},"east":{"uv":[2.5,0,6.5,4.5],"texture":"#0"},"south":{"uv":[2.5,0,6.5,4.5],"texture":"#0"},"west":{"uv":[2.5,0,6.5,4.5],"texture":"#0"},"up":{"uv":[2.5,0,6.5,4.5],"texture":"#0"},"down":{"uv":[2.5,0,6.5,4.5],"texture":"#0"}}},{"from":[0,9.3,2.6],"to":[2,9.4,9.2],"faces":{"north":{"uv":[2.5,0,6.5,4.5],"texture":"#0"},"east":{"uv":[2.5,0,6.5,4.5],"texture":"#0"},"south":{"uv":[2.5,0,6.5,4.5],"texture":"#0"},"west":{"uv":[2.5,0,6.5,4.5],"texture":"#0"},"up":{"uv":[2.5,0,6.5,4.5],"texture":"#0"},"down":{"uv":[2.5,0,6.5,4.5],"texture":"#0"}}},{"from":[0,9.5,2.7],"to":[2,9.6,10.8],"faces":{"north":{"uv":[2.5,0,6.5,4.5],"texture":"#0"},"east":{"uv":[2.5,0,6.5,4.5],"texture":"#0"},"south":{"uv":[2.5,0,6.5,4.5],"texture":"#0"},"west":{"uv":[2.5,0,6.5,4.5],"texture":"#0"},"up":{"uv":[2.5,0,6.5,4.5],"texture":"#0"},"down":{"uv":[2.5,0,6.5,4.5],"texture":"#0"}}},{"from":[0,9.6,2.7],"to":[2,9.7,10.5],"faces":{"north":{"uv":[2.5,0,6.5,4.5],"texture":"#0"},"east":{"uv":[2.5,0,6.5,4.5],"texture":"#0"},"south":{"uv":[2.5,0,6.5,4.5],"texture":"#0"},"west":{"uv":[2.5,0,6.5,4.5],"texture":"#0"},"up":{"uv":[2.5,0,6.5,4.5],"texture":"#0"},"down":{"uv":[2.5,0,6.5,4.5],"texture":"#0"}}},{"from":[0,9.7,2.7],"to":[2,9.8,10.2],"faces":{"north":{"uv":[2.5,0,6.5,4.5],"texture":"#0"},"east":{"uv":[2.5,0,6.5,4.5],"texture":"#0"},"south":{"uv":[2.5,0,6.5,4.5],"texture":"#0"},"west":{"uv":[2.5,0,6.5,4.5],"texture":"#0"},"up":{"uv":[2.5,0,6.5,4.5],"texture":"#0"},"down":{"uv":[2.5,0,6.5,4.5],"texture":"#0"}}},{"from":[0,9.8,2.8],"to":[2,9.9,9.9],"faces":{"north":{"uv":[2.5,0,6.5,4.5],"texture":"#0"},"east":{"uv":[2.5,0,6.5,4.5],"texture":"#0"},"south":{"uv":[2.5,0,6.5,4.5],"texture":"#0"},"west":{"uv":[2.5,0,6.5,4.5],"texture":"#0"},"up":{"uv":[2.5,0,6.5,4.5],"texture":"#0"},"down":{"uv":[2.5,0,6.5,4.5],"texture":"#0"}}},{"from":[0,9.9,2.8],"to":[2,10,9.6],"faces":{"north":{"uv":[2.5,0,6.5,4.5],"texture":"#0"},"east":{"uv":[2.5,0,6.5,4.5],"texture":"#0"},"south":{"uv":[2.5,0,6.5,4.5],"texture":"#0"},"west":{"uv":[2.5,0,6.5,4.5],"texture":"#0"},"up":{"uv":[2.5,0,6.5,4.5],"texture":"#0"},"down":{"uv":[2.5,0,6.5,4.5],"texture":"#0"}}},{"from":[0,10,2.8],"to":[2,10.1,9.5],"faces":{"north":{"uv":[2.5,0,6.5,4.5],"texture":"#0"},"east":{"uv":[2.5,0,6.5,4.5],"texture":"#0"},"south":{"uv":[2.5,0,6.5,4.5],"texture":"#0"},"west":{"uv":[2.5,0,6.5,4.5],"texture":"#0"},"up":{"uv":[2.5,0,6.5,4.5],"texture":"#0"},"down":{"uv":[2.5,0,6.5,4.5],"texture":"#0"}}},{"from":[0,10.1,2.8],"to":[2,10.2,9.4],"faces":{"north":{"uv":[2.5,0,6.5,4.5],"texture":"#0"},"east":{"uv":[2.5,0,6.5,4.5],"texture":"#0"},"south":{"uv":[2.5,0,6.5,4.5],"texture":"#0"},"west":{"uv":[2.5,0,6.5,4.5],"texture":"#0"},"up":{"uv":[2.5,0,6.5,4.5],"texture":"#0"},"down":{"uv":[2.5,0,6.5,4.5],"texture":"#0"}}},{"from":[0,10.2,2.8],"to":[2,10.3,9.3],"faces":{"north":{"uv":[2.5,0,6.5,4.5],"texture":"#0"},"east":{"uv":[2.5,0,6.5,4.5],"texture":"#0"},"south":{"uv":[2.5,0,6.5,4.5],"texture":"#0"},"west":{"uv":[2.5,0,6.5,4.5],"texture":"#0"},"up":{"uv":[2.5,0,6.5,4.5],"texture":"#0"},"down":{"uv":[2.5,0,6.5,4.5],"texture":"#0"}}},{"from":[0,10.3,2.8],"to":[2,10.4,9.3],"faces":{"north":{"uv":[2.5,0,6.5,4.5],"texture":"#0"},"east":{"uv":[2.5,0,6.5,4.5],"texture":"#0"},"south":{"uv":[2.5,0,6.5,4.5],"texture":"#0"},"west":{"uv":[2.5,0,6.5,4.5],"texture":"#0"},"up":{"uv":[2.5,0,6.5,4.5],"texture":"#0"},"down":{"uv":[2.5,0,6.5,4.5],"texture":"#0"}}},{"from":[0,10.4,2.8],"to":[2,10.5,9.2],"faces":{"north":{"uv":[2.5,0,6.5,4.5],"texture":"#0"},"east":{"uv":[2.5,0,6.5,4.5],"texture":"#0"},"south":{"uv":[2.5,0,6.5,4.5],"texture":"#0"},"west":{"uv":[2.5,0,6.5,4.5],"texture":"#0"},"up":{"uv":[2.5,0,6.5,4.5],"texture":"#0"},"down":{"uv":[2.5,0,6.5,4.5],"texture":"#0"}}},{"from":[0,10.5,2.8],"to":[2,10.6,9.2],"faces":{"north":{"uv":[2.5,0,6.5,4.5],"texture":"#0"},"east":{"uv":[2.5,0,6.5,4.5],"texture":"#0"},"south":{"uv":[2.5,0,6.5,4.5],"texture":"#0"},"west":{"uv":[2.5,0,6.5,4.5],"texture":"#0"},"up":{"uv":[2.5,0,6.5,4.5],"texture":"#0"},"down":{"uv":[2.5,0,6.5,4.5],"texture":"#0"}}},{"from":[0,10.6,2.8],"to":[2,10.7,9.2],"faces":{"north":{"uv":[2.5,0,6.5,4.5],"texture":"#0"},"east":{"uv":[2.5,0,6.5,4.5],"texture":"#0"},"south":{"uv":[2.5,0,6.5,4.5],"texture":"#0"},"west":{"uv":[2.5,0,6.5,4.5],"texture":"#0"},"up":{"uv":[2.5,0,6.5,4.5],"texture":"#0"},"down":{"uv":[2.5,0,6.5,4.5],"texture":"#0"}}},{"from":[0,10.7,2.8],"to":[2,10.8,9.2],"faces":{"north":{"uv":[2.5,0,6.5,4.5],"texture":"#0"},"east":{"uv":[2.5,0,6.5,4.5],"texture":"#0"},"south":{"uv":[2.5,0,6.5,4.5],"texture":"#0"},"west":{"uv":[2.5,0,6.5,4.5],"texture":"#0"},"up":{"uv":[2.5,0,6.5,4.5],"texture":"#0"},"down":{"uv":[2.5,0,6.5,4.5],"texture":"#0"}}},{"from":[0,10.8,2.8],"to":[2,10.9,9.3],"faces":{"north":{"uv":[2.5,0,6.5,4.5],"texture":"#0"},"east":{"uv":[2.5,0,6.5,4.5],"texture":"#0"},"south":{"uv":[2.5,0,6.5,4.5],"texture":"#0"},"west":{"uv":[2.5,0,6.5,4.5],"texture":"#0"},"up":{"uv":[2.5,0,6.5,4.5],"texture":"#0"},"down":{"uv":[2.5,0,6.5,4.5],"texture":"#0"}}},{"from":[0,10.9,2.8],"to":[2,11,9.3],"faces":{"north":{"uv":[2.5,0,6.5,4.5],"texture":"#0"},"east":{"uv":[2.5,0,6.5,4.5],"texture":"#0"},"south":{"uv":[2.5,0,6.5,4.5],"texture":"#0"},"west":{"uv":[2.5,0,6.5,4.5],"texture":"#0"},"up":{"uv":[2.5,0,6.5,4.5],"texture":"#0"},"down":{"uv":[2.5,0,6.5,4.5],"texture":"#0"}}},{"from":[0,11,2.8],"to":[2,11.1,9.3],"faces":{"north":{"uv":[2.5,0,6.5,4.5],"texture":"#0"},"east":{"uv":[2.5,0,6.5,4.5],"texture":"#0"},"south":{"uv":[2.5,0,6.5,4.5],"texture":"#0"},"west":{"uv":[2.5,0,6.5,4.5],"texture":"#0"},"up":{"uv":[2.5,0,6.5,4.5],"texture":"#0"},"down":{"uv":[2.5,0,6.5,4.5],"texture":"#0"}}},{"from":[0,11.1,2.8],"to":[2,11.2,9.3],"faces":{"north":{"uv":[2.5,0,6.5,4.5],"texture":"#0"},"east":{"uv":[2.5,0,6.5,4.5],"texture":"#0"},"south":{"uv":[2.5,0,6.5,4.5],"texture":"#0"},"west":{"uv":[2.5,0,6.5,4.5],"texture":"#0"},"up":{"uv":[2.5,0,6.5,4.5],"texture":"#0"},"down":{"uv":[2.5,0,6.5,4.5],"texture":"#0"}}},{"from":[0,11.2,2.8],"to":[2,11.3,9.4],"faces":{"north":{"uv":[2.5,0,6.5,4.5],"texture":"#0"},"east":{"uv":[2.5,0,6.5,4.5],"texture":"#0"},"south":{"uv":[2.5,0,6.5,4.5],"texture":"#0"},"west":{"uv":[2.5,0,6.5,4.5],"texture":"#0"},"up":{"uv":[2.5,0,6.5,4.5],"texture":"#0"},"down":{"uv":[2.5,0,6.5,4.5],"texture":"#0"}}},{"from":[0,11.3,2.8],"to":[2,11.4,9.4],"faces":{"north":{"uv":[2.5,0,6.5,4.5],"texture":"#0"},"east":{"uv":[2.5,0,6.5,4.5],"texture":"#0"},"south":{"uv":[2.5,0,6.5,4.5],"texture":"#0"},"west":{"uv":[2.5,0,6.5,4.5],"texture":"#0"},"up":{"uv":[2.5,0,6.5,4.5],"texture":"#0"},"down":{"uv":[2.5,0,6.5,4.5],"texture":"#0"}}},{"from":[0,11.4,2.8],"to":[2,11.5,9.4],"faces":{"north":{"uv":[2.5,0,6.5,4.5],"texture":"#0"},"east":{"uv":[2.5,0,6.5,4.5],"texture":"#0"},"south":{"uv":[2.5,0,6.5,4.5],"texture":"#0"},"west":{"uv":[2.5,0,6.5,4.5],"texture":"#0"},"up":{"uv":[2.5,0,6.5,4.5],"texture":"#0"},"down":{"uv":[2.5,0,6.5,4.5],"texture":"#0"}}},{"from":[0,11.5,2.8],"to":[2,11.6,9.5],"faces":{"north":{"uv":[2.5,0,6.5,4.5],"texture":"#0"},"east":{"uv":[2.5,0,6.5,4.5],"texture":"#0"},"south":{"uv":[2.5,0,6.5,4.5],"texture":"#0"},"west":{"uv":[2.5,0,6.5,4.5],"texture":"#0"},"up":{"uv":[2.5,0,6.5,4.5],"texture":"#0"},"down":{"uv":[2.5,0,6.5,4.5],"texture":"#0"}}},{"from":[0,11.6,2.8],"to":[2,11.7,9.5],"faces":{"north":{"uv":[2.5,0,6.5,4.5],"texture":"#0"},"east":{"uv":[2.5,0,6.5,4.5],"texture":"#0"},"south":{"uv":[2.5,0,6.5,4.5],"texture":"#0"},"west":{"uv":[2.5,0,6.5,4.5],"texture":"#0"},"up":{"uv":[2.5,0,6.5,4.5],"texture":"#0"},"down":{"uv":[2.5,0,6.5,4.5],"texture":"#0"}}},{"from":[0,11.7,2.8],"to":[2,11.8,9.5],"faces":{"north":{"uv":[2.5,0,6.5,4.5],"texture":"#0"},"east":{"uv":[2.5,0,6.5,4.5],"texture":"#0"},"south":{"uv":[2.5,0,6.5,4.5],"texture":"#0"},"west":{"uv":[2.5,0,6.5,4.5],"texture":"#0"},"up":{"uv":[2.5,0,6.5,4.5],"texture":"#0"},"down":{"uv":[2.5,0,6.5,4.5],"texture":"#0"}}},{"from":[0,11.8,2.7],"to":[2,11.9,9.6],"faces":{"north":{"uv":[2.5,0,6.5,4.5],"texture":"#0"},"east":{"uv":[2.5,0,6.5,4.5],"texture":"#0"},"south":{"uv":[2.5,0,6.5,4.5],"texture":"#0"},"west":{"uv":[2.5,0,6.5,4.5],"texture":"#0"},"up":{"uv":[2.5,0,6.5,4.5],"texture":"#0"},"down":{"uv":[2.5,0,6.5,4.5],"texture":"#0"}}},{"from":[0,11.9,2.7],"to":[2,12,9.6],"faces":{"north":{"uv":[2.5,0,6.5,4.5],"texture":"#0"},"east":{"uv":[2.5,0,6.5,4.5],"texture":"#0"},"south":{"uv":[2.5,0,6.5,4.5],"texture":"#0"},"west":{"uv":[2.5,0,6.5,4.5],"texture":"#0"},"up":{"uv":[2.5,0,6.5,4.5],"texture":"#0"},"down":{"uv":[2.5,0,6.5,4.5],"texture":"#0"}}},{"from":[0,12,2.6],"to":[2,12.1,9.7],"faces":{"north":{"uv":[2.5,0,6.5,4.5],"texture":"#0"},"east":{"uv":[2.5,0,6.5,4.5],"texture":"#0"},"south":{"uv":[2.5,0,6.5,4.5],"texture":"#0"},"west":{"uv":[2.5,0,6.5,4.5],"texture":"#0"},"up":{"uv":[2.5,0,6.5,4.5],"texture":"#0"},"down":{"uv":[2.5,0,6.5,4.5],"texture":"#0"}}},{"from":[0,12.1,2.5],"to":[2,12.2,9.8],"faces":{"north":{"uv":[2.5,0,6.5,4.5],"texture":"#0"},"east":{"uv":[2.5,0,6.5,4.5],"texture":"#0"},"south":{"uv":[2.5,0,6.5,4.5],"texture":"#0"},"west":{"uv":[2.5,0,6.5,4.5],"texture":"#0"},"up":{"uv":[2.5,0,6.5,4.5],"texture":"#0"},"down":{"uv":[2.5,0,6.5,4.5],"texture":"#0"}}},{"from":[0,12.2,2.5],"to":[2,12.3,9.9],"faces":{"north":{"uv":[2.5,0,6.5,4.5],"texture":"#0"},"east":{"uv":[2.5,0,6.5,4.5],"texture":"#0"},"south":{"uv":[2.5,0,6.5,4.5],"texture":"#0"},"west":{"uv":[2.5,0,6.5,4.5],"texture":"#0"},"up":{"uv":[2.5,0,6.5,4.5],"texture":"#0"},"down":{"uv":[2.5,0,6.5,4.5],"texture":"#0"}}},{"from":[0,12.3,2.4],"to":[2,12.4,10],"faces":{"north":{"uv":[2.5,0,6.5,4.5],"texture":"#0"},"east":{"uv":[2.5,0,6.5,4.5],"texture":"#0"},"south":{"uv":[2.5,0,6.5,4.5],"texture":"#0"},"west":{"uv":[2.5,0,6.5,4.5],"texture":"#0"},"up":{"uv":[2.5,0,6.5,4.5],"texture":"#0"},"down":{"uv":[2.5,0,6.5,4.5],"texture":"#0"}}},{"from":[0,12.4,2.4],"to":[2,12.5,10.2],"faces":{"north":{"uv":[2.5,0,6.5,4.5],"texture":"#0"},"east":{"uv":[2.5,0,6.5,4.5],"texture":"#0"},"south":{"uv":[2.5,0,6.5,4.5],"texture":"#0"},"west":{"uv":[2.5,0,6.5,4.5],"texture":"#0"},"up":{"uv":[2.5,0,6.5,4.5],"texture":"#0"},"down":{"uv":[2.5,0,6.5,4.5],"texture":"#0"}}},{"from":[0,12.6,2.2],"to":[2,12.7,19],"faces":{"north":{"uv":[2.5,0,6.5,4.5],"texture":"#0"},"east":{"uv":[2.5,0,6.5,4.5],"texture":"#0"},"south":{"uv":[2.5,0,6.5,4.5],"texture":"#0"},"west":{"uv":[2.5,0,6.5,4.5],"texture":"#0"},"up":{"uv":[2.5,0,6.5,4.5],"texture":"#0"},"down":{"uv":[2.5,0,6.5,4.5],"texture":"#0"}}},{"from":[0,12.7,2],"to":[2,12.8,19],"faces":{"north":{"uv":[2.5,0,6.5,4.5],"texture":"#0"},"east":{"uv":[2.5,0,6.5,4.5],"texture":"#0"},"south":{"uv":[2.5,0,6.5,4.5],"texture":"#0"},"west":{"uv":[2.5,0,6.5,4.5],"texture":"#0"},"up":{"uv":[2.5,0,6.5,4.5],"texture":"#0"},"down":{"uv":[2.5,0,6.5,4.5],"texture":"#0"}}},{"from":[0,12.8,1.8],"to":[2,12.9,22.5],"faces":{"north":{"uv":[2.5,0,6.5,4.5],"texture":"#0"},"east":{"uv":[2.5,0,6.5,4.5],"texture":"#0"},"south":{"uv":[2.5,0,6.5,4.5],"texture":"#0"},"west":{"uv":[2.5,0,6.5,4.5],"texture":"#0"},"up":{"uv":[2.5,0,6.5,4.5],"texture":"#0"},"down":{"uv":[2.5,0,6.5,4.5],"texture":"#0"}}},{"from":[0,12.9,1.7],"to":[2,13,22.5],"faces":{"north":{"uv":[2.5,0,6.5,4.5],"texture":"#0"},"east":{"uv":[2.5,0,6.5,4.5],"texture":"#0"},"south":{"uv":[2.5,0,6.5,4.5],"texture":"#0"},"west":{"uv":[2.5,0,6.5,4.5],"texture":"#0"},"up":{"uv":[2.5,0,6.5,4.5],"texture":"#0"},"down":{"uv":[2.5,0,6.5,4.5],"texture":"#0"}}},{"from":[0,13,1.4],"to":[2,13.1,22.5],"faces":{"north":{"uv":[2.5,0,6.5,4.5],"texture":"#0"},"east":{"uv":[2.5,0,6.5,4.5],"texture":"#0"},"south":{"uv":[2.5,0,6.5,4.5],"texture":"#0"},"west":{"uv":[2.5,0,6.5,4.5],"texture":"#0"},"up":{"uv":[2.5,0,6.5,4.5],"texture":"#0"},"down":{"uv":[2.5,0,6.5,4.5],"texture":"#0"}}},{"from":[0,13.1,1],"to":[2,13.2,22.5],"faces":{"north":{"uv":[2.5,0,6.5,4.5],"texture":"#0"},"east":{"uv":[2.5,0,6.5,4.5],"texture":"#0"},"south":{"uv":[2.5,0,6.5,4.5],"texture":"#0"},"west":{"uv":[2.5,0,6.5,4.5],"texture":"#0"},"up":{"uv":[2.5,0,6.5,4.5],"texture":"#0"},"down":{"uv":[2.5,0,6.5,4.5],"texture":"#0"}}},{"from":[0,13.2,0.7],"to":[2,13.3,22.5],"faces":{"north":{"uv":[2.5,0,6.5,4.5],"texture":"#0"},"east":{"uv":[2.5,0,6.5,4.5],"texture":"#0"},"south":{"uv":[2.5,0,6.5,4.5],"texture":"#0"},"west":{"uv":[2.5,0,6.5,4.5],"texture":"#0"},"up":{"uv":[2.5,0,6.5,4.5],"texture":"#0"},"down":{"uv":[2.5,0,6.5,4.5],"texture":"#0"}}},{"from":[0,13.3,0.4],"to":[2,13.4,22.5],"faces":{"north":{"uv":[2.5,0,6.5,4.5],"texture":"#0"},"east":{"uv":[2.5,0,6.5,4.5],"texture":"#0"},"south":{"uv":[2.5,0,6.5,4.5],"texture":"#0"},"west":{"uv":[2.5,0,6.5,4.5],"texture":"#0"},"up":{"uv":[2.5,0,6.5,4.5],"texture":"#0"},"down":{"uv":[2.5,0,6.5,4.5],"texture":"#0"}}},{"from":[0,13.4,0.3],"to":[2,13.5,22.5],"faces":{"north":{"uv":[2.5,0,6.5,4.5],"texture":"#0"},"east":{"uv":[2.5,0,6.5,4.5],"texture":"#0"},"south":{"uv":[2.5,0,6.5,4.5],"texture":"#0"},"west":{"uv":[2.5,0,6.5,4.5],"texture":"#0"},"up":{"uv":[2.5,0,6.5,4.5],"texture":"#0"},"down":{"uv":[2.5,0,6.5,4.5],"texture":"#0"}}},{"from":[0,13.5,0.3],"to":[2,13.6,22.6],"faces":{"north":{"uv":[2.5,0,6.5,4.5],"texture":"#0"},"east":{"uv":[2.5,0,6.5,4.5],"texture":"#0"},"south":{"uv":[2.5,0,6.5,4.5],"texture":"#0"},"west":{"uv":[2.5,0,6.5,4.5],"texture":"#0"},"up":{"uv":[2.5,0,6.5,4.5],"texture":"#0"},"down":{"uv":[2.5,0,6.5,4.5],"texture":"#0"}}},{"from":[0,13.6,0.3],"to":[2,13.7,22.6],"faces":{"north":{"uv":[2.5,0,6.5,4.5],"texture":"#0"},"east":{"uv":[2.5,0,6.5,4.5],"texture":"#0"},"south":{"uv":[2.5,0,6.5,4.5],"texture":"#0"},"west":{"uv":[2.5,0,6.5,4.5],"texture":"#0"},"up":{"uv":[2.5,0,6.5,4.5],"texture":"#0"},"down":{"uv":[2.5,0,6.5,4.5],"texture":"#0"}}},{"from":[0,13.7,0.3],"to":[2,13.8,22.6],"faces":{"north":{"uv":[2.5,0,6.5,4.5],"texture":"#0"},"east":{"uv":[2.5,0,6.5,4.5],"texture":"#0"},"south":{"uv":[2.5,0,6.5,4.5],"texture":"#0"},"west":{"uv":[2.5,0,6.5,4.5],"texture":"#0"},"up":{"uv":[2.5,0,6.5,4.5],"texture":"#0"},"down":{"uv":[2.5,0,6.5,4.5],"texture":"#0"}}},{"from":[0,13.8,0.4],"to":[2,13.9,22.6],"faces":{"north":{"uv":[2.5,0,6.5,4.5],"texture":"#0"},"east":{"uv":[2.5,0,6.5,4.5],"texture":"#0"},"south":{"uv":[2.5,0,6.5,4.5],"texture":"#0"},"west":{"uv":[2.5,0,6.5,4.5],"texture":"#0"},"up":{"uv":[2.5,0,6.5,4.5],"texture":"#0"},"down":{"uv":[2.5,0,6.5,4.5],"texture":"#0"}}},{"from":[0,13.9,0.7],"to":[2,14,22.6],"faces":{"north":{"uv":[2.5,0,6.5,4.5],"texture":"#0"},"east":{"uv":[2.5,0,6.5,4.5],"texture":"#0"},"south":{"uv":[2.5,0,6.5,4.5],"texture":"#0"},"west":{"uv":[2.5,0,6.5,4.5],"texture":"#0"},"up":{"uv":[2.5,0,6.5,4.5],"texture":"#0"},"down":{"uv":[2.5,0,6.5,4.5],"texture":"#0"}}},{"from":[0,14,1.2],"to":[2,14.1,22.6],"faces":{"north":{"uv":[2.5,0,6.5,4.5],"texture":"#0"},"east":{"uv":[2.5,0,6.5,4.5],"texture":"#0"},"south":{"uv":[2.5,0,6.5,4.5],"texture":"#0"},"west":{"uv":[2.5,0,6.5,4.5],"texture":"#0"},"up":{"uv":[2.5,0,6.5,4.5],"texture":"#0"},"down":{"uv":[2.5,0,6.5,4.5],"texture":"#0"}}},{"from":[0,14.1,1.5],"to":[2,14.2,22.6],"faces":{"north":{"uv":[2.5,0,6.5,4.5],"texture":"#0"},"east":{"uv":[2.5,0,6.5,4.5],"texture":"#0"},"south":{"uv":[2.5,0,6.5,4.5],"texture":"#0"},"west":{"uv":[2.5,0,6.5,4.5],"texture":"#0"},"up":{"uv":[2.5,0,6.5,4.5],"texture":"#0"},"down":{"uv":[2.5,0,6.5,4.5],"texture":"#0"}}},{"from":[0,14.2,1.6],"to":[2,14.3,22.6],"faces":{"north":{"uv":[2.5,0,6.5,4.5],"texture":"#0"},"east":{"uv":[2.5,0,6.5,4.5],"texture":"#0"},"south":{"uv":[2.5,0,6.5,4.5],"texture":"#0"},"west":{"uv":[2.5,0,6.5,4.5],"texture":"#0"},"up":{"uv":[2.5,0,6.5,4.5],"texture":"#0"},"down":{"uv":[2.5,0,6.5,4.5],"texture":"#0"}}},{"from":[0,14.3,1.7],"to":[2,14.4,22.6],"faces":{"north":{"uv":[2.5,0,6.5,4.5],"texture":"#0"},"east":{"uv":[2.5,0,6.5,4.5],"texture":"#0"},"south":{"uv":[2.5,0,6.5,4.5],"texture":"#0"},"west":{"uv":[2.5,0,6.5,4.5],"texture":"#0"},"up":{"uv":[2.5,0,6.5,4.5],"texture":"#0"},"down":{"uv":[2.5,0,6.5,4.5],"texture":"#0"}}},{"from":[0,14.4,1.8],"to":[2,14.5,22.6],"faces":{"north":{"uv":[2.5,0,6.5,4.5],"texture":"#0"},"east":{"uv":[2.5,0,6.5,4.5],"texture":"#0"},"south":{"uv":[2.5,0,6.5,4.5],"texture":"#0"},"west":{"uv":[2.5,0,6.5,4.5],"texture":"#0"},"up":{"uv":[2.5,0,6.5,4.5],"texture":"#0"},"down":{"uv":[2.5,0,6.5,4.5],"texture":"#0"}}},{"from":[0,9.3,9.8],"to":[2,9.4,14.3],"faces":{"north":{"uv":[2.5,0,6.5,4.5],"texture":"#0"},"east":{"uv":[2.5,0,6.5,4.5],"texture":"#0"},"south":{"uv":[2.5,0,6.5,4.5],"texture":"#0"},"west":{"uv":[2.5,0,6.5,4.5],"texture":"#0"},"up":{"uv":[2.5,0,6.5,4.5],"texture":"#0"},"down":{"uv":[2.5,0,6.5,4.5],"texture":"#0"}}},{"from":[0,9.2,10.2],"to":[2,9.3,14],"faces":{"north":{"uv":[2.5,0,6.5,4.5],"texture":"#0"},"east":{"uv":[2.5,0,6.5,4.5],"texture":"#0"},"south":{"uv":[2.5,0,6.5,4.5],"texture":"#0"},"west":{"uv":[2.5,0,6.5,4.5],"texture":"#0"},"up":{"uv":[2.5,0,6.5,4.5],"texture":"#0"},"down":{"uv":[2.5,0,6.5,4.5],"texture":"#0"}}},{"from":[0,9.1,10.7],"to":[2,9.2,13.6],"faces":{"north":{"uv":[2.5,0,6.5,4.5],"texture":"#0"},"east":{"uv":[2.5,0,6.5,4.5],"texture":"#0"},"south":{"uv":[2.5,0,6.5,4.5],"texture":"#0"},"west":{"uv":[2.5,0,6.5,4.5],"texture":"#0"},"up":{"uv":[2.5,0,6.5,4.5],"texture":"#0"},"down":{"uv":[2.5,0,6.5,4.5],"texture":"#0"}}},{"from":[0,9.4,12.8],"to":[2,9.5,14.6],"faces":{"north":{"uv":[2.5,0,6.5,4.5],"texture":"#0"},"east":{"uv":[2.5,0,6.5,4.5],"texture":"#0"},"south":{"uv":[2.5,0,6.5,4.5],"texture":"#0"},"west":{"uv":[2.5,0,6.5,4.5],"texture":"#0"},"up":{"uv":[2.5,0,6.5,4.5],"texture":"#0"},"down":{"uv":[2.5,0,6.5,4.5],"texture":"#0"}}},{"from":[0,9.5,13.5],"to":[2,9.6,14.8],"faces":{"north":{"uv":[2.5,0,6.5,4.5],"texture":"#0"},"east":{"uv":[2.5,0,6.5,4.5],"texture":"#0"},"south":{"uv":[2.5,0,6.5,4.5],"texture":"#0"},"west":{"uv":[2.5,0,6.5,4.5],"texture":"#0"},"up":{"uv":[2.5,0,6.5,4.5],"texture":"#0"},"down":{"uv":[2.5,0,6.5,4.5],"texture":"#0"}}},{"from":[0,9.6,13.7],"to":[2,9.7,14.9],"faces":{"north":{"uv":[2.5,0,6.5,4.5],"texture":"#0"},"east":{"uv":[2.5,0,6.5,4.5],"texture":"#0"},"south":{"uv":[2.5,0,6.5,4.5],"texture":"#0"},"west":{"uv":[2.5,0,6.5,4.5],"texture":"#0"},"up":{"uv":[2.5,0,6.5,4.5],"texture":"#0"},"down":{"uv":[2.5,0,6.5,4.5],"texture":"#0"}}},{"from":[0,9.7,13.9],"to":[2,9.8,14.9],"faces":{"north":{"uv":[2.5,0,6.5,4.5],"texture":"#0"},"east":{"uv":[2.5,0,6.5,4.5],"texture":"#0"},"south":{"uv":[2.5,0,6.5,4.5],"texture":"#0"},"west":{"uv":[2.5,0,6.5,4.5],"texture":"#0"},"up":{"uv":[2.5,0,6.5,4.5],"texture":"#0"},"down":{"uv":[2.5,0,6.5,4.5],"texture":"#0"}}},{"from":[0,9.8,14],"to":[2,9.9,14.9],"faces":{"north":{"uv":[2.5,0,6.5,4.5],"texture":"#0"},"east":{"uv":[2.5,0,6.5,4.5],"texture":"#0"},"south":{"uv":[2.5,0,6.5,4.5],"texture":"#0"},"west":{"uv":[2.5,0,6.5,4.5],"texture":"#0"},"up":{"uv":[2.5,0,6.5,4.5],"texture":"#0"},"down":{"uv":[2.5,0,6.5,4.5],"texture":"#0"}}},{"from":[0,9.9,14.1],"to":[2,10,14.9],"faces":{"north":{"uv":[2.5,0,6.5,4.5],"texture":"#0"},"east":{"uv":[2.5,0,6.5,4.5],"texture":"#0"},"south":{"uv":[2.5,0,6.5,4.5],"texture":"#0"},"west":{"uv":[2.5,0,6.5,4.5],"texture":"#0"},"up":{"uv":[2.5,0,6.5,4.5],"texture":"#0"},"down":{"uv":[2.5,0,6.5,4.5],"texture":"#0"}}},{"from":[0,10,14.2],"to":[2,10.1,14.8],"faces":{"north":{"uv":[2.5,0,6.5,4.5],"texture":"#0"},"east":{"uv":[2.5,0,6.5,4.5],"texture":"#0"},"south":{"uv":[2.5,0,6.5,4.5],"texture":"#0"},"west":{"uv":[2.5,0,6.5,4.5],"texture":"#0"},"up":{"uv":[2.5,0,6.5,4.5],"texture":"#0"},"down":{"uv":[2.5,0,6.5,4.5],"texture":"#0"}}},{"from":[0,10.1,14.3],"to":[2,10.2,14.8],"faces":{"north":{"uv":[2.5,0,6.5,4.5],"texture":"#0"},"east":{"uv":[2.5,0,6.5,4.5],"texture":"#0"},"south":{"uv":[2.5,0,6.5,4.5],"texture":"#0"},"west":{"uv":[2.5,0,6.5,4.5],"texture":"#0"},"up":{"uv":[2.5,0,6.5,4.5],"texture":"#0"},"down":{"uv":[2.5,0,6.5,4.5],"texture":"#0"}}},{"from":[0,10.2,14.3],"to":[2,10.3,14.8],"faces":{"north":{"uv":[2.5,0,6.5,4.5],"texture":"#0"},"east":{"uv":[2.5,0,6.5,4.5],"texture":"#0"},"south":{"uv":[2.5,0,6.5,4.5],"texture":"#0"},"west":{"uv":[2.5,0,6.5,4.5],"texture":"#0"},"up":{"uv":[2.5,0,6.5,4.5],"texture":"#0"},"down":{"uv":[2.5,0,6.5,4.5],"texture":"#0"}}},{"from":[0,11.1,14.4],"to":[2,11.2,14.8],"faces":{"north":{"uv":[2.5,0,6.5,4.5],"texture":"#0"},"east":{"uv":[2.5,0,6.5,4.5],"texture":"#0"},"south":{"uv":[2.5,0,6.5,4.5],"texture":"#0"},"west":{"uv":[2.5,0,6.5,4.5],"texture":"#0"},"up":{"uv":[2.5,0,6.5,4.5],"texture":"#0"},"down":{"uv":[2.5,0,6.5,4.5],"texture":"#0"}}},{"from":[0,11.2,14.4],"to":[2,11.3,14.8],"faces":{"north":{"uv":[2.5,0,6.5,4.5],"texture":"#0"},"east":{"uv":[2.5,0,6.5,4.5],"texture":"#0"},"south":{"uv":[2.5,0,6.5,4.5],"texture":"#0"},"west":{"uv":[2.5,0,6.5,4.5],"texture":"#0"},"up":{"uv":[2.5,0,6.5,4.5],"texture":"#0"},"down":{"uv":[2.5,0,6.5,4.5],"texture":"#0"}}},{"from":[0,11.3,14.3],"to":[2,11.4,14.9],"faces":{"north":{"uv":[2.5,0,6.5,4.5],"texture":"#0"},"east":{"uv":[2.5,0,6.5,4.5],"texture":"#0"},"south":{"uv":[2.5,0,6.5,4.5],"texture":"#0"},"west":{"uv":[2.5,0,6.5,4.5],"texture":"#0"},"up":{"uv":[2.5,0,6.5,4.5],"texture":"#0"},"down":{"uv":[2.5,0,6.5,4.5],"texture":"#0"}}},{"from":[0,11.4,14.3],"to":[2,11.5,14.9],"faces":{"north":{"uv":[2.5,0,6.5,4.5],"texture":"#0"},"east":{"uv":[2.5,0,6.5,4.5],"texture":"#0"},"south":{"uv":[2.5,0,6.5,4.5],"texture":"#0"},"west":{"uv":[2.5,0,6.5,4.5],"texture":"#0"},"up":{"uv":[2.5,0,6.5,4.5],"texture":"#0"},"down":{"uv":[2.5,0,6.5,4.5],"texture":"#0"}}},{"from":[0,11.5,14.3],"to":[2,11.6,15],"faces":{"north":{"uv":[2.5,0,6.5,4.5],"texture":"#0"},"east":{"uv":[2.5,0,6.5,4.5],"texture":"#0"},"south":{"uv":[2.5,0,6.5,4.5],"texture":"#0"},"west":{"uv":[2.5,0,6.5,4.5],"texture":"#0"},"up":{"uv":[2.5,0,6.5,4.5],"texture":"#0"},"down":{"uv":[2.5,0,6.5,4.5],"texture":"#0"}}},{"from":[0,11.6,14.2],"to":[2,11.7,15],"faces":{"north":{"uv":[2.5,0,6.5,4.5],"texture":"#0"},"east":{"uv":[2.5,0,6.5,4.5],"texture":"#0"},"south":{"uv":[2.5,0,6.5,4.5],"texture":"#0"},"west":{"uv":[2.5,0,6.5,4.5],"texture":"#0"},"up":{"uv":[2.5,0,6.5,4.5],"texture":"#0"},"down":{"uv":[2.5,0,6.5,4.5],"texture":"#0"}}},{"from":[0,11.7,14.2],"to":[2,11.8,15.1],"faces":{"north":{"uv":[2.5,0,6.5,4.5],"texture":"#0"},"east":{"uv":[2.5,0,6.5,4.5],"texture":"#0"},"south":{"uv":[2.5,0,6.5,4.5],"texture":"#0"},"west":{"uv":[2.5,0,6.5,4.5],"texture":"#0"},"up":{"uv":[2.5,0,6.5,4.5],"texture":"#0"},"down":{"uv":[2.5,0,6.5,4.5],"texture":"#0"}}},{"from":[0,11.8,14.1],"to":[2,11.9,15.2],"faces":{"north":{"uv":[2.5,0,6.5,4.5],"texture":"#0"},"east":{"uv":[2.5,0,6.5,4.5],"texture":"#0"},"south":{"uv":[2.5,0,6.5,4.5],"texture":"#0"},"west":{"uv":[2.5,0,6.5,4.5],"texture":"#0"},"up":{"uv":[2.5,0,6.5,4.5],"texture":"#0"},"down":{"uv":[2.5,0,6.5,4.5],"texture":"#0"}}},{"from":[0,11.9,14],"to":[2,12,15.3],"faces":{"north":{"uv":[2.5,0,6.5,4.5],"texture":"#0"},"east":{"uv":[2.5,0,6.5,4.5],"texture":"#0"},"south":{"uv":[2.5,0,6.5,4.5],"texture":"#0"},"west":{"uv":[2.5,0,6.5,4.5],"texture":"#0"},"up":{"uv":[2.5,0,6.5,4.5],"texture":"#0"},"down":{"uv":[2.5,0,6.5,4.5],"texture":"#0"}}},{"from":[0,12,14],"to":[2,12.1,15.4],"faces":{"north":{"uv":[2.5,0,6.5,4.5],"texture":"#0"},"east":{"uv":[2.5,0,6.5,4.5],"texture":"#0"},"south":{"uv":[2.5,0,6.5,4.5],"texture":"#0"},"west":{"uv":[2.5,0,6.5,4.5],"texture":"#0"},"up":{"uv":[2.5,0,6.5,4.5],"texture":"#0"},"down":{"uv":[2.5,0,6.5,4.5],"texture":"#0"}}},{"from":[0,12.1,13.9],"to":[2,12.2,15.5],"faces":{"north":{"uv":[2.5,0,6.5,4.5],"texture":"#0"},"east":{"uv":[2.5,0,6.5,4.5],"texture":"#0"},"south":{"uv":[2.5,0,6.5,4.5],"texture":"#0"},"west":{"uv":[2.5,0,6.5,4.5],"texture":"#0"},"up":{"uv":[2.5,0,6.5,4.5],"texture":"#0"},"down":{"uv":[2.5,0,6.5,4.5],"texture":"#0"}}},{"from":[0,12.2,13.8],"to":[2,12.3,15.6],"faces":{"north":{"uv":[2.5,0,6.5,4.5],"texture":"#0"},"east":{"uv":[2.5,0,6.5,4.5],"texture":"#0"},"south":{"uv":[2.5,0,6.5,4.5],"texture":"#0"},"west":{"uv":[2.5,0,6.5,4.5],"texture":"#0"},"up":{"uv":[2.5,0,6.5,4.5],"texture":"#0"},"down":{"uv":[2.5,0,6.5,4.5],"texture":"#0"}}},{"from":[0,12.3,13.6],"to":[2,12.4,15.8],"faces":{"north":{"uv":[2.5,0,6.5,4.5],"texture":"#0"},"east":{"uv":[2.5,0,6.5,4.5],"texture":"#0"},"south":{"uv":[2.5,0,6.5,4.5],"texture":"#0"},"west":{"uv":[2.5,0,6.5,4.5],"texture":"#0"},"up":{"uv":[2.5,0,6.5,4.5],"texture":"#0"},"down":{"uv":[2.5,0,6.5,4.5],"texture":"#0"}}},{"from":[0,12.4,13.4],"to":[2,12.5,16.1],"faces":{"north":{"uv":[2.5,0,6.5,4.5],"texture":"#0"},"east":{"uv":[2.5,0,6.5,4.5],"texture":"#0"},"south":{"uv":[2.5,0,6.5,4.5],"texture":"#0"},"west":{"uv":[2.5,0,6.5,4.5],"texture":"#0"},"up":{"uv":[2.5,0,6.5,4.5],"texture":"#0"},"down":{"uv":[2.5,0,6.5,4.5],"texture":"#0"}}},{"from":[0,12.5,19.3],"to":[2,12.8,20.8],"faces":{"north":{"uv":[2.5,0,6.5,4.5],"texture":"#0"},"east":{"uv":[2.5,0,6.5,4.5],"texture":"#0"},"south":{"uv":[2.5,0,6.5,4.5],"texture":"#0"},"west":{"uv":[2.5,0,6.5,4.5],"texture":"#0"},"up":{"uv":[2.5,0,6.5,4.5],"texture":"#0"},"down":{"uv":[2.5,0,6.5,4.5],"texture":"#0"}}},{"from":[0,12.5,21],"to":[2,12.8,22.5],"faces":{"north":{"uv":[2.5,0,6.5,4.5],"texture":"#0"},"east":{"uv":[2.5,0,6.5,4.5],"texture":"#0"},"south":{"uv":[2.5,0,6.5,4.5],"texture":"#0"},"west":{"uv":[2.5,0,6.5,4.5],"texture":"#0"},"up":{"uv":[2.5,0,6.5,4.5],"texture":"#0"},"down":{"uv":[2.5,0,6.5,4.5],"texture":"#0"}}},{"from":[0,12.5,2.3],"to":[2,12.6,19],"faces":{"north":{"uv":[2.5,0,6.5,4.5],"texture":"#0"},"east":{"uv":[2.5,0,6.5,4.5],"texture":"#0"},"south":{"uv":[2.5,0,6.5,4.5],"texture":"#0"},"west":{"uv":[2.5,0,6.5,4.5],"texture":"#0"},"up":{"uv":[2.5,0,6.5,4.5],"texture":"#0"},"down":{"uv":[2.5,0,6.5,4.5],"texture":"#0"}}},{"from":[0,10.3,14.4],"to":[2,11.1,14.7],"faces":{"north":{"uv":[2.5,0,6.5,4.5],"texture":"#0"},"east":{"uv":[2.5,0,6.5,4.5],"texture":"#0"},"south":{"uv":[2.5,0,6.5,4.5],"texture":"#0"},"west":{"uv":[2.5,0,6.5,4.5],"texture":"#0"},"up":{"uv":[2.5,0,6.5,4.5],"texture":"#0"},"down":{"uv":[2.5,0,6.5,4.5],"texture":"#0"}}},{"from":[0,9,11.1],"to":[2,9.1,13.1],"faces":{"north":{"uv":[2.5,0,6.5,4.5],"texture":"#0"},"east":{"uv":[2.5,0,6.5,4.5],"texture":"#0"},"south":{"uv":[2.5,0,6.5,4.5],"texture":"#0"},"west":{"uv":[2.5,0,6.5,4.5],"texture":"#0"},"up":{"uv":[2.5,0,6.5,4.5],"texture":"#0"},"down":{"uv":[2.5,0,6.5,4.5],"texture":"#0"}}},{"from":[0,8.9,11.5],"to":[2,9,12.7],"faces":{"north":{"uv":[2.5,0,6.5,4.5],"texture":"#0"},"east":{"uv":[2.5,0,6.5,4.5],"texture":"#0"},"south":{"uv":[2.5,0,6.5,4.5],"texture":"#0"},"west":{"uv":[2.5,0,6.5,4.5],"texture":"#0"},"up":{"uv":[2.5,0,6.5,4.5],"texture":"#0"},"down":{"uv":[2.5,0,6.5,4.5],"texture":"#0"}}},{"from":[0,9.4,2.7],"to":[2,9.5,11.4],"faces":{"north":{"uv":[2.5,0,6.5,4.5],"texture":"#0"},"east":{"uv":[2.5,0,6.5,4.5],"texture":"#0"},"south":{"uv":[2.5,0,6.5,4.5],"texture":"#0"},"west":{"uv":[2.5,0,6.5,4.5],"texture":"#0"},"up":{"uv":[2.5,0,6.5,4.5],"texture":"#0"},"down":{"uv":[2.5,0,6.5,4.5],"texture":"#0"}}},{"from":[0,14.5,1.8],"to":[2,14.6,22.6],"faces":{"north":{"uv":[10,9,15,15.5],"texture":"#0"},"east":{"uv":[10,9,15,15.5],"texture":"#0"},"south":{"uv":[10,9,15,15.5],"texture":"#0"},"west":{"uv":[10,9,15,15.5],"texture":"#0"},"up":{"uv":[10,9,15,15.5],"texture":"#0"},"down":{"uv":[10,9,15,15.5],"texture":"#0"}}},{"from":[0,1.8,1.6],"to":[2,1.9,6.9],"faces":{"north":{"uv":[10,9,15,15.5],"texture":"#0"},"east":{"uv":[10,9,15,15.5],"texture":"#0"},"south":{"uv":[10,9,15,15.5],"texture":"#0"},"west":{"uv":[10,9,15,15.5],"texture":"#0"},"up":{"uv":[10,9,15,15.5],"texture":"#0"},"down":{"uv":[10,9,15,15.5],"texture":"#0"}}},{"from":[0,1.7,1.6],"to":[2,1.8,6.9],"faces":{"north":{"uv":[10,9,15,15.5],"texture":"#0"},"east":{"uv":[10,9,15,15.5],"texture":"#0"},"south":{"uv":[10,9,15,15.5],"texture":"#0"},"west":{"uv":[10,9,15,15.5],"texture":"#0"},"up":{"uv":[10,9,15,15.5],"texture":"#0"},"down":{"uv":[10,9,15,15.5],"texture":"#0"}}},{"from":[0,1.6,1.5],"to":[2,1.7,6.9],"faces":{"north":{"uv":[10,9,15,15.5],"texture":"#0"},"east":{"uv":[10,9,15,15.5],"texture":"#0"},"south":{"uv":[10,9,15,15.5],"texture":"#0"},"west":{"uv":[10,9,15,15.5],"texture":"#0"},"up":{"uv":[10,9,15,15.5],"texture":"#0"},"down":{"uv":[10,9,15,15.5],"texture":"#0"}}},{"from":[0,1.5,1.5],"to":[2,1.6,6.9],"faces":{"north":{"uv":[10,9,15,15.5],"texture":"#0"},"east":{"uv":[10,9,15,15.5],"texture":"#0"},"south":{"uv":[10,9,15,15.5],"texture":"#0"},"west":{"uv":[10,9,15,15.5],"texture":"#0"},"up":{"uv":[10,9,15,15.5],"texture":"#0"},"down":{"uv":[10,9,15,15.5],"texture":"#0"}}},{"from":[0,1.4,1.6],"to":[2,1.5,6.9],"faces":{"north":{"uv":[10,9,15,15.5],"texture":"#0"},"east":{"uv":[10,9,15,15.5],"texture":"#0"},"south":{"uv":[10,9,15,15.5],"texture":"#0"},"west":{"uv":[10,9,15,15.5],"texture":"#0"},"up":{"uv":[10,9,15,15.5],"texture":"#0"},"down":{"uv":[10,9,15,15.5],"texture":"#0"}}},{"from":[0,1.3,2],"to":[2,1.4,6.9],"faces":{"north":{"uv":[10,9,15,15.5],"texture":"#0"},"east":{"uv":[10,9,15,15.5],"texture":"#0"},"south":{"uv":[10,9,15,15.5],"texture":"#0"},"west":{"uv":[10,9,15,15.5],"texture":"#0"},"up":{"uv":[10,9,15,15.5],"texture":"#0"},"down":{"uv":[10,9,15,15.5],"texture":"#0"}}},{"from":[0,1.2,2.4],"to":[2,1.3,6.9],"faces":{"north":{"uv":[10,9,15,15.5],"texture":"#0"},"east":{"uv":[10,9,15,15.5],"texture":"#0"},"south":{"uv":[10,9,15,15.5],"texture":"#0"},"west":{"uv":[10,9,15,15.5],"texture":"#0"},"up":{"uv":[10,9,15,15.5],"texture":"#0"},"down":{"uv":[10,9,15,15.5],"texture":"#0"}}},{"from":[0,1.1,2.8],"to":[2,1.2,6.9],"faces":{"north":{"uv":[10,9,15,15.5],"texture":"#0"},"east":{"uv":[10,9,15,15.5],"texture":"#0"},"south":{"uv":[10,9,15,15.5],"texture":"#0"},"west":{"uv":[10,9,15,15.5],"texture":"#0"},"up":{"uv":[10,9,15,15.5],"texture":"#0"},"down":{"uv":[10,9,15,15.5],"texture":"#0"}}},{"from":[0,1,3.3],"to":[2,1.1,7],"faces":{"north":{"uv":[10,9,15,15.5],"texture":"#0"},"east":{"uv":[10,9,15,15.5],"texture":"#0"},"south":{"uv":[10,9,15,15.5],"texture":"#0"},"west":{"uv":[10,9,15,15.5],"texture":"#0"},"up":{"uv":[10,9,15,15.5],"texture":"#0"},"down":{"uv":[10,9,15,15.5],"texture":"#0"}}},{"from":[0,0.9,3.5],"to":[2,1,7],"faces":{"north":{"uv":[10,9,15,15.5],"texture":"#0"},"east":{"uv":[10,9,15,15.5],"texture":"#0"},"south":{"uv":[10,9,15,15.5],"texture":"#0"},"west":{"uv":[10,9,15,15.5],"texture":"#0"},"up":{"uv":[10,9,15,15.5],"texture":"#0"},"down":{"uv":[10,9,15,15.5],"texture":"#0"}}},{"from":[0,0.8,4],"to":[2,0.9,7],"faces":{"north":{"uv":[10,9,15,15.5],"texture":"#0"},"east":{"uv":[10,9,15,15.5],"texture":"#0"},"south":{"uv":[10,9,15,15.5],"texture":"#0"},"west":{"uv":[10,9,15,15.5],"texture":"#0"},"up":{"uv":[10,9,15,15.5],"texture":"#0"},"down":{"uv":[10,9,15,15.5],"texture":"#0"}}},{"from":[0,0.7,4.4],"to":[2,0.8,7],"faces":{"north":{"uv":[10,9,15,15.5],"texture":"#0"},"east":{"uv":[10,9,15,15.5],"texture":"#0"},"south":{"uv":[10,9,15,15.5],"texture":"#0"},"west":{"uv":[10,9,15,15.5],"texture":"#0"},"up":{"uv":[10,9,15,15.5],"texture":"#0"},"down":{"uv":[10,9,15,15.5],"texture":"#0"}}},{"from":[0,0.5,5.1],"to":[2,0.6,7.1],"faces":{"north":{"uv":[10,9,15,15.5],"texture":"#0"},"east":{"uv":[10,9,15,15.5],"texture":"#0"},"south":{"uv":[10,9,15,15.5],"texture":"#0"},"west":{"uv":[10,9,15,15.5],"texture":"#0"},"up":{"uv":[10,9,15,15.5],"texture":"#0"},"down":{"uv":[10,9,15,15.5],"texture":"#0"}}},{"from":[0,0.4,5.5],"to":[2,0.5,7],"faces":{"north":{"uv":[10,9,15,15.5],"texture":"#0"},"east":{"uv":[10,9,15,15.5],"texture":"#0"},"south":{"uv":[10,9,15,15.5],"texture":"#0"},"west":{"uv":[10,9,15,15.5],"texture":"#0"},"up":{"uv":[10,9,15,15.5],"texture":"#0"},"down":{"uv":[10,9,15,15.5],"texture":"#0"}}},{"from":[0,0.3,5.9],"to":[2,0.4,6.8],"faces":{"north":{"uv":[10,9,15,15.5],"texture":"#0"},"east":{"uv":[10,9,15,15.5],"texture":"#0"},"south":{"uv":[10,9,15,15.5],"texture":"#0"},"west":{"uv":[10,9,15,15.5],"texture":"#0"},"up":{"uv":[10,9,15,15.5],"texture":"#0"},"down":{"uv":[10,9,15,15.5],"texture":"#0"}}},{"from":[0,0.6,4.7],"to":[2,0.7,7.1],"faces":{"north":{"uv":[10,9,15,15.5],"texture":"#0"},"east":{"uv":[10,9,15,15.5],"texture":"#0"},"south":{"uv":[10,9,15,15.5],"texture":"#0"},"west":{"uv":[10,9,15,15.5],"texture":"#0"},"up":{"uv":[10,9,15,15.5],"texture":"#0"},"down":{"uv":[10,9,15,15.5],"texture":"#0"}}},{"from":[0,14.6,1.8],"to":[2,14.7,22.6],"faces":{"north":{"uv":[10,9,15,15.5],"texture":"#0"},"east":{"uv":[10,9,15,15.5],"texture":"#0"},"south":{"uv":[10,9,15,15.5],"texture":"#0"},"west":{"uv":[10,9,15,15.5],"texture":"#0"},"up":{"uv":[10,9,15,15.5],"texture":"#0"},"down":{"uv":[10,9,15,15.5],"texture":"#0"}}},{"from":[0,14.7,1.9],"to":[2,14.8,22.6],"faces":{"north":{"uv":[10,9,15,15.5],"texture":"#0"},"east":{"uv":[10,9,15,15.5],"texture":"#0"},"south":{"uv":[10,9,15,15.5],"texture":"#0"},"west":{"uv":[10,9,15,15.5],"texture":"#0"},"up":{"uv":[10,9,15,15.5],"texture":"#0"},"down":{"uv":[10,9,15,15.5],"texture":"#0"}}},{"from":[0,14.8,1.9],"to":[2,14.9,22.6],"faces":{"north":{"uv":[10,9,15,15.5],"texture":"#0"},"east":{"uv":[10,9,15,15.5],"texture":"#0"},"south":{"uv":[10,9,15,15.5],"texture":"#0"},"west":{"uv":[10,9,15,15.5],"texture":"#0"},"up":{"uv":[10,9,15,15.5],"texture":"#0"},"down":{"uv":[10,9,15,15.5],"texture":"#0"}}},{"from":[0,14.9,2],"to":[2,15,22.6],"faces":{"north":{"uv":[10,9,15,15.5],"texture":"#0"},"east":{"uv":[10,9,15,15.5],"texture":"#0"},"south":{"uv":[10,9,15,15.5],"texture":"#0"},"west":{"uv":[10,9,15,15.5],"texture":"#0"},"up":{"uv":[10,9,15,15.5],"texture":"#0"},"down":{"uv":[10,9,15,15.5],"texture":"#0"}}},{"from":[0,15,2],"to":[2,15.1,22.6],"faces":{"north":{"uv":[10,9,15,15.5],"texture":"#0"},"east":{"uv":[10,9,15,15.5],"texture":"#0"},"south":{"uv":[10,9,15,15.5],"texture":"#0"},"west":{"uv":[10,9,15,15.5],"texture":"#0"},"up":{"uv":[10,9,15,15.5],"texture":"#0"},"down":{"uv":[10,9,15,15.5],"texture":"#0"}}},{"from":[0,15.1,2],"to":[2,15.2,22.6],"faces":{"north":{"uv":[10,9,15,15.5],"texture":"#0"},"east":{"uv":[10,9,15,15.5],"texture":"#0"},"south":{"uv":[10,9,15,15.5],"texture":"#0"},"west":{"uv":[10,9,15,15.5],"texture":"#0"},"up":{"uv":[10,9,15,15.5],"texture":"#0"},"down":{"uv":[10,9,15,15.5],"texture":"#0"}}},{"from":[0,15.2,2.1],"to":[2,15.3,22.6],"faces":{"north":{"uv":[10,9,15,15.5],"texture":"#0"},"east":{"uv":[10,9,15,15.5],"texture":"#0"},"south":{"uv":[10,9,15,15.5],"texture":"#0"},"west":{"uv":[10,9,15,15.5],"texture":"#0"},"up":{"uv":[10,9,15,15.5],"texture":"#0"},"down":{"uv":[10,9,15,15.5],"texture":"#0"}}},{"from":[0,15.3,2.2],"to":[2,15.4,22.6],"faces":{"north":{"uv":[10,9,15,15.5],"texture":"#0"},"east":{"uv":[10,9,15,15.5],"texture":"#0"},"south":{"uv":[10,9,15,15.5],"texture":"#0"},"west":{"uv":[10,9,15,15.5],"texture":"#0"},"up":{"uv":[10,9,15,15.5],"texture":"#0"},"down":{"uv":[10,9,15,15.5],"texture":"#0"}}},{"from":[0,15.4,2.2],"to":[2,15.5,22.6],"faces":{"north":{"uv":[10,9,15,15.5],"texture":"#0"},"east":{"uv":[10,9,15,15.5],"texture":"#0"},"south":{"uv":[10,9,15,15.5],"texture":"#0"},"west":{"uv":[10,9,15,15.5],"texture":"#0"},"up":{"uv":[10,9,15,15.5],"texture":"#0"},"down":{"uv":[10,9,15,15.5],"texture":"#0"}}},{"from":[0,15.5,2.2],"to":[2,15.6,22.6],"faces":{"north":{"uv":[10,9,15,15.5],"texture":"#0"},"east":{"uv":[10,9,15,15.5],"texture":"#0"},"south":{"uv":[10,9,15,15.5],"texture":"#0"},"west":{"uv":[10,9,15,15.5],"texture":"#0"},"up":{"uv":[10,9,15,15.5],"texture":"#0"},"down":{"uv":[10,9,15,15.5],"texture":"#0"}}},{"from":[0,15.6,2.3],"to":[2,15.7,22.6],"faces":{"north":{"uv":[10,9,15,15.5],"texture":"#0"},"east":{"uv":[10,9,15,15.5],"texture":"#0"},"south":{"uv":[10,9,15,15.5],"texture":"#0"},"west":{"uv":[10,9,15,15.5],"texture":"#0"},"up":{"uv":[10,9,15,15.5],"texture":"#0"},"down":{"uv":[10,9,15,15.5],"texture":"#0"}}},{"from":[0,15.7,2.3],"to":[2,15.8,22.6],"faces":{"north":{"uv":[10,9,15,15.5],"texture":"#0"},"east":{"uv":[10,9,15,15.5],"texture":"#0"},"south":{"uv":[10,9,15,15.5],"texture":"#0"},"west":{"uv":[10,9,15,15.5],"texture":"#0"},"up":{"uv":[10,9,15,15.5],"texture":"#0"},"down":{"uv":[10,9,15,15.5],"texture":"#0"}}},{"from":[0,15.8,2.4],"to":[2,15.9,22.6],"faces":{"north":{"uv":[10,9,15,15.5],"texture":"#0"},"east":{"uv":[10,9,15,15.5],"texture":"#0"},"south":{"uv":[10,9,15,15.5],"texture":"#0"},"west":{"uv":[10,9,15,15.5],"texture":"#0"},"up":{"uv":[10,9,15,15.5],"texture":"#0"},"down":{"uv":[10,9,15,15.5],"texture":"#0"}}},{"from":[0,15.9,2.5],"to":[2,16,22.6],"faces":{"north":{"uv":[10,9,15,15.5],"texture":"#0"},"east":{"uv":[10,9,15,15.5],"texture":"#0"},"south":{"uv":[10,9,15,15.5],"texture":"#0"},"west":{"uv":[10,9,15,15.5],"texture":"#0"},"up":{"uv":[10,9,15,15.5],"texture":"#0"},"down":{"uv":[10,9,15,15.5],"texture":"#0"}}},{"from":[0,16,2.5],"to":[2,16.1,22.6],"faces":{"north":{"uv":[10,9,15,15.5],"texture":"#0"},"east":{"uv":[10,9,15,15.5],"texture":"#0"},"south":{"uv":[10,9,15,15.5],"texture":"#0"},"west":{"uv":[10,9,15,15.5],"texture":"#0"},"up":{"uv":[10,9,15,15.5],"texture":"#0"},"down":{"uv":[10,9,15,15.5],"texture":"#0"}}},{"from":[1.3,16.1,2.6],"to":[2,16.2,22.6],"faces":{"north":{"uv":[10,9,15,15.5],"texture":"#0"},"east":{"uv":[10,9,15,15.5],"texture":"#0"},"south":{"uv":[10,9,15,15.5],"texture":"#0"},"west":{"uv":[10,9,15,15.5],"texture":"#0"},"up":{"uv":[10,9,15,15.5],"texture":"#0"},"down":{"uv":[10,9,15,15.5],"texture":"#0"}}},{"from":[1.3,16.2,2.7],"to":[2,16.3,22.6],"faces":{"north":{"uv":[10,9,15,15.5],"texture":"#0"},"east":{"uv":[10,9,15,15.5],"texture":"#0"},"south":{"uv":[10,9,15,15.5],"texture":"#0"},"west":{"uv":[10,9,15,15.5],"texture":"#0"},"up":{"uv":[10,9,15,15.5],"texture":"#0"},"down":{"uv":[10,9,15,15.5],"texture":"#0"}}},{"from":[1.3,16.3,2.7],"to":[2,16.4,22.6],"faces":{"north":{"uv":[10,9,15,15.5],"texture":"#0"},"east":{"uv":[10,9,15,15.5],"texture":"#0"},"south":{"uv":[10,9,15,15.5],"texture":"#0"},"west":{"uv":[10,9,15,15.5],"texture":"#0"},"up":{"uv":[10,9,15,15.5],"texture":"#0"},"down":{"uv":[10,9,15,15.5],"texture":"#0"}}},{"from":[1.3,16.4,2.7],"to":[2,16.5,22.6],"faces":{"north":{"uv":[10,9,15,15.5],"texture":"#0"},"east":{"uv":[10,9,15,15.5],"texture":"#0"},"south":{"uv":[10,9,15,15.5],"texture":"#0"},"west":{"uv":[10,9,15,15.5],"texture":"#0"},"up":{"uv":[10,9,15,15.5],"texture":"#0"},"down":{"uv":[10,9,15,15.5],"texture":"#0"}}},{"from":[1.3,16.5,2.7],"to":[2,16.6,22.6],"faces":{"north":{"uv":[10,9,15,15.5],"texture":"#0"},"east":{"uv":[10,9,15,15.5],"texture":"#0"},"south":{"uv":[10,9,15,15.5],"texture":"#0"},"west":{"uv":[10,9,15,15.5],"texture":"#0"},"up":{"uv":[10,9,15,15.5],"texture":"#0"},"down":{"uv":[10,9,15,15.5],"texture":"#0"}}},{"from":[0,16.1,2.6],"to":[0.7,16.2,22.6],"faces":{"north":{"uv":[10,9,15,15.5],"texture":"#0"},"east":{"uv":[10,9,15,15.5],"texture":"#0"},"south":{"uv":[10,9,15,15.5],"texture":"#0"},"west":{"uv":[10,9,15,15.5],"texture":"#0"},"up":{"uv":[10,9,15,15.5],"texture":"#0"},"down":{"uv":[10,9,15,15.5],"texture":"#0"}}},{"from":[0,16.2,2.7],"to":[0.7,16.3,22.6],"faces":{"north":{"uv":[10,9,15,15.5],"texture":"#0"},"east":{"uv":[10,9,15,15.5],"texture":"#0"},"south":{"uv":[10,9,15,15.5],"texture":"#0"},"west":{"uv":[10,9,15,15.5],"texture":"#0"},"up":{"uv":[10,9,15,15.5],"texture":"#0"},"down":{"uv":[10,9,15,15.5],"texture":"#0"}}},{"from":[0,16.3,2.7],"to":[0.7,16.4,22.6],"faces":{"north":{"uv":[10,9,15,15.5],"texture":"#0"},"east":{"uv":[10,9,15,15.5],"texture":"#0"},"south":{"uv":[10,9,15,15.5],"texture":"#0"},"west":{"uv":[10,9,15,15.5],"texture":"#0"},"up":{"uv":[10,9,15,15.5],"texture":"#0"},"down":{"uv":[10,9,15,15.5],"texture":"#0"}}},{"from":[0,16.4,2.7],"to":[0.7,16.5,22.6],"faces":{"north":{"uv":[10,9,15,15.5],"texture":"#0"},"east":{"uv":[10,9,15,15.5],"texture":"#0"},"south":{"uv":[10,9,15,15.5],"texture":"#0"},"west":{"uv":[10,9,15,15.5],"texture":"#0"},"up":{"uv":[10,9,15,15.5],"texture":"#0"},"down":{"uv":[10,9,15,15.5],"texture":"#0"}}},{"from":[0,16.5,2.7],"to":[0.7,16.6,22.6],"faces":{"north":{"uv":[10,9,15,15.5],"texture":"#0"},"east":{"uv":[10,9,15,15.5],"texture":"#0"},"south":{"uv":[10,9,15,15.5],"texture":"#0"},"west":{"uv":[10,9,15,15.5],"texture":"#0"},"up":{"uv":[10,9,15,15.5],"texture":"#0"},"down":{"uv":[10,9,15,15.5],"texture":"#0"}}},{"from":[0,16.6,14.2],"to":[2,17.2,22.6],"faces":{"north":{"uv":[10,9,15,15.5],"texture":"#0"},"east":{"uv":[10,9,15,15.5],"texture":"#0"},"south":{"uv":[10,9,15,15.5],"texture":"#0"},"west":{"uv":[10,9,15,15.5],"texture":"#0"},"up":{"uv":[10,9,15,15.5],"texture":"#0"},"down":{"uv":[10,9,15,15.5],"texture":"#0"}}},{"from":[0,16.6,2.8],"to":[2,16.7,10.9],"faces":{"north":{"uv":[10,9,15,15.5],"texture":"#0"},"east":{"uv":[10,9,15,15.5],"texture":"#0"},"south":{"uv":[10,9,15,15.5],"texture":"#0"},"west":{"uv":[10,9,15,15.5],"texture":"#0"},"up":{"uv":[10,9,15,15.5],"texture":"#0"},"down":{"uv":[10,9,15,15.5],"texture":"#0"}}},{"from":[0,16.7,2.9],"to":[2,16.8,10.9],"faces":{"north":{"uv":[10,9,15,15.5],"texture":"#0"},"east":{"uv":[10,9,15,15.5],"texture":"#0"},"south":{"uv":[10,9,15,15.5],"texture":"#0"},"west":{"uv":[10,9,15,15.5],"texture":"#0"},"up":{"uv":[10,9,15,15.5],"texture":"#0"},"down":{"uv":[10,9,15,15.5],"texture":"#0"}}},{"from":[0,16.8,3],"to":[2,16.9,10.9],"faces":{"north":{"uv":[10,9,15,15.5],"texture":"#0"},"east":{"uv":[10,9,15,15.5],"texture":"#0"},"south":{"uv":[10,9,15,15.5],"texture":"#0"},"west":{"uv":[10,9,15,15.5],"texture":"#0"},"up":{"uv":[10,9,15,15.5],"texture":"#0"},"down":{"uv":[10,9,15,15.5],"texture":"#0"}}},{"from":[0,16.9,3],"to":[2,17.1,10.9],"faces":{"north":{"uv":[10,9,15,15.5],"texture":"#0"},"east":{"uv":[10,9,15,15.5],"texture":"#0"},"south":{"uv":[10,9,15,15.5],"texture":"#0"},"west":{"uv":[10,9,15,15.5],"texture":"#0"},"up":{"uv":[10,9,15,15.5],"texture":"#0"},"down":{"uv":[10,9,15,15.5],"texture":"#0"}}},{"from":[0,17.1,3.1],"to":[2,17.2,10.2],"faces":{"north":{"uv":[10,9,15,15.5],"texture":"#0"},"east":{"uv":[10,9,15,15.5],"texture":"#0"},"south":{"uv":[10,9,15,15.5],"texture":"#0"},"west":{"uv":[10,9,15,15.5],"texture":"#0"},"up":{"uv":[10,9,15,15.5],"texture":"#0"},"down":{"uv":[10,9,15,15.5],"texture":"#0"}}},{"from":[0,16.6,10.9],"to":[2,17,14.2],"faces":{"north":{"uv":[1,9.5,6.5,15],"texture":"#0"},"east":{"uv":[1,9.5,6.5,15],"texture":"#0"},"south":{"uv":[1,9.5,6.5,15],"texture":"#0"},"west":{"uv":[1,9.5,6.5,15],"texture":"#0"},"up":{"uv":[1,9.5,6.5,15],"texture":"#0"},"down":{"uv":[1,9.5,6.5,15],"texture":"#0"}}},{"from":[0,17.2,3.4],"to":[0.6,17.3,6.3],"faces":{"north":{"uv":[1,9.5,6.5,15],"texture":"#0"},"east":{"uv":[1,9.5,6.5,15],"texture":"#0"},"south":{"uv":[1,9.5,6.5,15],"texture":"#0"},"west":{"uv":[1,9.5,6.5,15],"texture":"#0"},"up":{"uv":[1,9.5,6.5,15],"texture":"#0"},"down":{"uv":[1,9.5,6.5,15],"texture":"#0"}}},{"from":[0,17.3,3.4],"to":[0.6,17.4,6.2],"faces":{"north":{"uv":[1,9.5,6.5,15],"texture":"#0"},"east":{"uv":[1,9.5,6.5,15],"texture":"#0"},"south":{"uv":[1,9.5,6.5,15],"texture":"#0"},"west":{"uv":[1,9.5,6.5,15],"texture":"#0"},"up":{"uv":[1,9.5,6.5,15],"texture":"#0"},"down":{"uv":[1,9.5,6.5,15],"texture":"#0"}}},{"from":[0,17.4,3.5],"to":[0.6,17.5,6],"faces":{"north":{"uv":[1,9.5,6.5,15],"texture":"#0"},"east":{"uv":[1,9.5,6.5,15],"texture":"#0"},"south":{"uv":[1,9.5,6.5,15],"texture":"#0"},"west":{"uv":[1,9.5,6.5,15],"texture":"#0"},"up":{"uv":[1,9.5,6.5,15],"texture":"#0"},"down":{"uv":[1,9.5,6.5,15],"texture":"#0"}}},{"from":[0,17.5,3.6],"to":[0.6,17.6,5.7],"faces":{"north":{"uv":[1,9.5,6.5,15],"texture":"#0"},"east":{"uv":[1,9.5,6.5,15],"texture":"#0"},"south":{"uv":[1,9.5,6.5,15],"texture":"#0"},"west":{"uv":[1,9.5,6.5,15],"texture":"#0"},"up":{"uv":[1,9.5,6.5,15],"texture":"#0"},"down":{"uv":[1,9.5,6.5,15],"texture":"#0"}}},{"from":[0,17.6,3.6],"to":[0.6,17.7,5.2],"faces":{"north":{"uv":[1,9.5,6.5,15],"texture":"#0"},"east":{"uv":[1,9.5,6.5,15],"texture":"#0"},"south":{"uv":[1,9.5,6.5,15],"texture":"#0"},"west":{"uv":[1,9.5,6.5,15],"texture":"#0"},"up":{"uv":[1,9.5,6.5,15],"texture":"#0"},"down":{"uv":[1,9.5,6.5,15],"texture":"#0"}}},{"from":[0,17.7,3.6],"to":[0.6,17.8,4.7],"faces":{"north":{"uv":[1,9.5,6.5,15],"texture":"#0"},"east":{"uv":[1,9.5,6.5,15],"texture":"#0"},"south":{"uv":[1,9.5,6.5,15],"texture":"#0"},"west":{"uv":[1,9.5,6.5,15],"texture":"#0"},"up":{"uv":[1,9.5,6.5,15],"texture":"#0"},"down":{"uv":[1,9.5,6.5,15],"texture":"#0"}}},{"from":[0,17.8,3.6],"to":[0.6,17.9,4.2],"faces":{"north":{"uv":[1,9.5,6.5,15],"texture":"#0"},"east":{"uv":[1,9.5,6.5,15],"texture":"#0"},"south":{"uv":[1,9.5,6.5,15],"texture":"#0"},"west":{"uv":[1,9.5,6.5,15],"texture":"#0"},"up":{"uv":[1,9.5,6.5,15],"texture":"#0"},"down":{"uv":[1,9.5,6.5,15],"texture":"#0"}}},{"from":[-0.1,14.6,5.6],"to":[2.1,16.8,5.8],"faces":{"north":{"uv":[1,9.5,6.5,15],"texture":"#0"},"east":{"uv":[1,9.5,6.5,15],"texture":"#0"},"south":{"uv":[1,9.5,6.5,15],"texture":"#0"},"west":{"uv":[1,9.5,6.5,15],"texture":"#0"},"up":{"uv":[1,9.5,6.5,15],"texture":"#0"},"down":{"uv":[1,9.5,6.5,15],"texture":"#0"}}},{"from":[-0.1,14.6,6],"to":[2.1,16.8,6.2],"faces":{"north":{"uv":[1,9.5,6.5,15],"texture":"#0"},"east":{"uv":[1,9.5,6.5,15],"texture":"#0"},"south":{"uv":[1,9.5,6.5,15],"texture":"#0"},"west":{"uv":[1,9.5,6.5,15],"texture":"#0"},"up":{"uv":[1,9.5,6.5,15],"texture":"#0"},"down":{"uv":[1,9.5,6.5,15],"texture":"#0"}}},{"from":[-0.1,14.6,6.8],"to":[2.1,16.8,7],"faces":{"north":{"uv":[1,9.5,6.5,15],"texture":"#0"},"east":{"uv":[1,9.5,6.5,15],"texture":"#0"},"south":{"uv":[1,9.5,6.5,15],"texture":"#0"},"west":{"uv":[1,9.5,6.5,15],"texture":"#0"},"up":{"uv":[1,9.5,6.5,15],"texture":"#0"},"down":{"uv":[1,9.5,6.5,15],"texture":"#0"}}},{"from":[-0.1,14.6,6.4],"to":[2.1,16.8,6.6],"faces":{"north":{"uv":[1,9.5,6.5,15],"texture":"#0"},"east":{"uv":[1,9.5,6.5,15],"texture":"#0"},"south":{"uv":[1,9.5,6.5,15],"texture":"#0"},"west":{"uv":[1,9.5,6.5,15],"texture":"#0"},"up":{"uv":[1,9.5,6.5,15],"texture":"#0"},"down":{"uv":[1,9.5,6.5,15],"texture":"#0"}}},{"from":[-0.1,14.6,8.4],"to":[2.1,16.8,8.6],"faces":{"north":{"uv":[1,9.5,6.5,15],"texture":"#0"},"east":{"uv":[1,9.5,6.5,15],"texture":"#0"},"south":{"uv":[1,9.5,6.5,15],"texture":"#0"},"west":{"uv":[1,9.5,6.5,15],"texture":"#0"},"up":{"uv":[1,9.5,6.5,15],"texture":"#0"},"down":{"uv":[1,9.5,6.5,15],"texture":"#0"}}},{"from":[-0.1,14.6,8],"to":[2.1,16.8,8.2],"faces":{"north":{"uv":[1,9.5,6.5,15],"texture":"#0"},"east":{"uv":[1,9.5,6.5,15],"texture":"#0"},"south":{"uv":[1,9.5,6.5,15],"texture":"#0"},"west":{"uv":[1,9.5,6.5,15],"texture":"#0"},"up":{"uv":[1,9.5,6.5,15],"texture":"#0"},"down":{"uv":[1,9.5,6.5,15],"texture":"#0"}}},{"from":[-0.1,14.6,7.6],"to":[2.1,16.8,7.8],"faces":{"north":{"uv":[1,9.5,6.5,15],"texture":"#0"},"east":{"uv":[1,9.5,6.5,15],"texture":"#0"},"south":{"uv":[1,9.5,6.5,15],"texture":"#0"},"west":{"uv":[1,9.5,6.5,15],"texture":"#0"},"up":{"uv":[1,9.5,6.5,15],"texture":"#0"},"down":{"uv":[1,9.5,6.5,15],"texture":"#0"}}},{"from":[-0.1,14.6,9.7],"to":[2.1,16.8,9.9],"faces":{"north":{"uv":[1,9.5,6.5,15],"texture":"#0"},"east":{"uv":[1,9.5,6.5,15],"texture":"#0"},"south":{"uv":[1,9.5,6.5,15],"texture":"#0"},"west":{"uv":[1,9.5,6.5,15],"texture":"#0"},"up":{"uv":[1,9.5,6.5,15],"texture":"#0"},"down":{"uv":[1,9.5,6.5,15],"texture":"#0"}}},{"from":[-0.1,14.6,9.3],"to":[2.1,16.8,9.5],"faces":{"north":{"uv":[1,9.5,6.5,15],"texture":"#0"},"east":{"uv":[1,9.5,6.5,15],"texture":"#0"},"south":{"uv":[1,9.5,6.5,15],"texture":"#0"},"west":{"uv":[1,9.5,6.5,15],"texture":"#0"},"up":{"uv":[1,9.5,6.5,15],"texture":"#0"},"down":{"uv":[1,9.5,6.5,15],"texture":"#0"}}},{"from":[-0.1,14.6,8.9],"to":[2.1,16.8,9.1],"faces":{"north":{"uv":[1,9.5,6.5,15],"texture":"#0"},"east":{"uv":[1,9.5,6.5,15],"texture":"#0"},"south":{"uv":[1,9.5,6.5,15],"texture":"#0"},"west":{"uv":[1,9.5,6.5,15],"texture":"#0"},"up":{"uv":[1,9.5,6.5,15],"texture":"#0"},"down":{"uv":[1,9.5,6.5,15],"texture":"#0"}}},{"from":[-0.1,14.74142,18.85858],"to":[2.1,14.94142,21.05858],"rotation":{"angle":0,"axis":"x","origin":[1,15.84142,19.95858]},"faces":{"north":{"uv":[1,9.5,6.5,15],"rotation":270,"texture":"#0"},"east":{"uv":[1,9.5,6.5,15],"rotation":270,"texture":"#0"},"south":{"uv":[1,9.5,6.5,15],"rotation":270,"texture":"#0"},"west":{"uv":[1,9.5,6.5,15],"rotation":270,"texture":"#0"},"up":{"uv":[1,9.5,6.5,15],"rotation":270,"texture":"#0"},"down":{"uv":[1,9.5,6.5,15],"rotation":270,"texture":"#0"}}},{"from":[-0.1,15.14142,18.85858],"to":[2.1,15.34142,21.05858],"rotation":{"angle":0,"axis":"x","origin":[1,15.84142,19.95858]},"faces":{"north":{"uv":[1,9.5,6.5,15],"rotation":270,"texture":"#0"},"east":{"uv":[1,9.5,6.5,15],"rotation":270,"texture":"#0"},"south":{"uv":[1,9.5,6.5,15],"rotation":270,"texture":"#0"},"west":{"uv":[1,9.5,6.5,15],"rotation":270,"texture":"#0"},"up":{"uv":[1,9.5,6.5,15],"rotation":270,"texture":"#0"},"down":{"uv":[1,9.5,6.5,15],"rotation":270,"texture":"#0"}}},{"from":[-0.1,15.54142,18.85858],"to":[2.1,15.74142,21.05858],"rotation":{"angle":0,"axis":"x","origin":[1,15.84142,19.95858]},"faces":{"north":{"uv":[1,9.5,6.5,15],"rotation":270,"texture":"#0"},"east":{"uv":[1,9.5,6.5,15],"rotation":270,"texture":"#0"},"south":{"uv":[1,9.5,6.5,15],"rotation":270,"texture":"#0"},"west":{"uv":[1,9.5,6.5,15],"rotation":270,"texture":"#0"},"up":{"uv":[1,9.5,6.5,15],"rotation":270,"texture":"#0"},"down":{"uv":[1,9.5,6.5,15],"rotation":270,"texture":"#0"}}},{"from":[-0.1,15.94142,18.85858],"to":[2.1,16.14142,21.05858],"rotation":{"angle":0,"axis":"x","origin":[1,15.84142,19.95858]},"faces":{"north":{"uv":[1,9.5,6.5,15],"rotation":270,"texture":"#0"},"east":{"uv":[1,9.5,6.5,15],"rotation":270,"texture":"#0"},"south":{"uv":[1,9.5,6.5,15],"rotation":270,"texture":"#0"},"west":{"uv":[1,9.5,6.5,15],"rotation":270,"texture":"#0"},"up":{"uv":[1,9.5,6.5,15],"rotation":270,"texture":"#0"},"down":{"uv":[1,9.5,6.5,15],"rotation":270,"texture":"#0"}}},{"from":[-0.1,16.34142,18.85858],"to":[2.1,16.54142,21.05858],"rotation":{"angle":0,"axis":"x","origin":[1,15.84142,19.95858]},"faces":{"north":{"uv":[1,9.5,6.5,15],"rotation":270,"texture":"#0"},"east":{"uv":[1,9.5,6.5,15],"rotation":270,"texture":"#0"},"south":{"uv":[1,9.5,6.5,15],"rotation":270,"texture":"#0"},"west":{"uv":[1,9.5,6.5,15],"rotation":270,"texture":"#0"},"up":{"uv":[1,9.5,6.5,15],"rotation":270,"texture":"#0"},"down":{"uv":[1,9.5,6.5,15],"rotation":270,"texture":"#0"}}},{"from":[-0.1,16.74142,18.85858],"to":[2.1,16.94142,21.05858],"rotation":{"angle":0,"axis":"x","origin":[1,15.84142,19.95858]},"faces":{"north":{"uv":[1,9.5,6.5,15],"rotation":270,"texture":"#0"},"east":{"uv":[1,9.5,6.5,15],"rotation":270,"texture":"#0"},"south":{"uv":[1,9.5,6.5,15],"rotation":270,"texture":"#0"},"west":{"uv":[1,9.5,6.5,15],"rotation":270,"texture":"#0"},"up":{"uv":[1,9.5,6.5,15],"rotation":270,"texture":"#0"},"down":{"uv":[1,9.5,6.5,15],"rotation":270,"texture":"#0"}}},{"from":[-0.1,7.94142,1.95858],"to":[2.1,8.14142,8.35858],"rotation":{"angle":0,"axis":"x","origin":[1,15.84142,19.95858]},"faces":{"north":{"uv":[1,9.5,6.5,15],"rotation":270,"texture":"#0"},"east":{"uv":[1,9.5,6.5,15],"rotation":270,"texture":"#0"},"south":{"uv":[1,9.5,6.5,15],"rotation":270,"texture":"#0"},"west":{"uv":[1,9.5,6.5,15],"rotation":270,"texture":"#0"},"up":{"uv":[1,9.5,6.5,15],"rotation":270,"texture":"#0"},"down":{"uv":[1,9.5,6.5,15],"rotation":270,"texture":"#0"}}},{"from":[-0.1,7.54142,1.75858],"to":[2.1,7.74142,8.25858],"rotation":{"angle":0,"axis":"x","origin":[1,15.84142,19.95858]},"faces":{"north":{"uv":[1,9.5,6.5,15],"rotation":270,"texture":"#0"},"east":{"uv":[1,9.5,6.5,15],"rotation":270,"texture":"#0"},"south":{"uv":[1,9.5,6.5,15],"rotation":270,"texture":"#0"},"west":{"uv":[1,9.5,6.5,15],"rotation":270,"texture":"#0"},"up":{"uv":[1,9.5,6.5,15],"rotation":270,"texture":"#0"},"down":{"uv":[1,9.5,6.5,15],"rotation":270,"texture":"#0"}}},{"from":[-0.1,7.14142,1.55858],"to":[2.1,7.34142,8.25858],"rotation":{"angle":0,"axis":"x","origin":[1,15.84142,19.95858]},"faces":{"north":{"uv":[1,9.5,6.5,15],"rotation":270,"texture":"#0"},"east":{"uv":[1,9.5,6.5,15],"rotation":270,"texture":"#0"},"south":{"uv":[1,9.5,6.5,15],"rotation":270,"texture":"#0"},"west":{"uv":[1,9.5,6.5,15],"rotation":270,"texture":"#0"},"up":{"uv":[1,9.5,6.5,15],"rotation":270,"texture":"#0"},"down":{"uv":[1,9.5,6.5,15],"rotation":270,"texture":"#0"}}},{"from":[-0.1,6.74142,1.35858],"to":[2.1,6.94142,7.95858],"rotation":{"angle":0,"axis":"x","origin":[1,15.84142,19.95858]},"faces":{"north":{"uv":[1,9.5,6.5,15],"rotation":270,"texture":"#0"},"east":{"uv":[1,9.5,6.5,15],"rotation":270,"texture":"#0"},"south":{"uv":[1,9.5,6.5,15],"rotation":270,"texture":"#0"},"west":{"uv":[1,9.5,6.5,15],"rotation":270,"texture":"#0"},"up":{"uv":[1,9.5,6.5,15],"rotation":270,"texture":"#0"},"down":{"uv":[1,9.5,6.5,15],"rotation":270,"texture":"#0"}}},{"from":[-0.1,6.34142,1.25858],"to":[2.1,6.54142,7.75858],"rotation":{"angle":0,"axis":"x","origin":[1,15.84142,19.95858]},"faces":{"north":{"uv":[1,9.5,6.5,15],"rotation":270,"texture":"#0"},"east":{"uv":[1,9.5,6.5,15],"rotation":270,"texture":"#0"},"south":{"uv":[1,9.5,6.5,15],"rotation":270,"texture":"#0"},"west":{"uv":[1,9.5,6.5,15],"rotation":270,"texture":"#0"},"up":{"uv":[1,9.5,6.5,15],"rotation":270,"texture":"#0"},"down":{"uv":[1,9.5,6.5,15],"rotation":270,"texture":"#0"}}},{"from":[-0.1,5.94142,1.15858],"to":[2.1,6.14142,7.65858],"rotation":{"angle":0,"axis":"x","origin":[1,15.84142,19.95858]},"faces":{"north":{"uv":[1,9.5,6.5,15],"rotation":270,"texture":"#0"},"east":{"uv":[1,9.5,6.5,15],"rotation":270,"texture":"#0"},"south":{"uv":[1,9.5,6.5,15],"rotation":270,"texture":"#0"},"west":{"uv":[1,9.5,6.5,15],"rotation":270,"texture":"#0"},"up":{"uv":[1,9.5,6.5,15],"rotation":270,"texture":"#0"},"down":{"uv":[1,9.5,6.5,15],"rotation":270,"texture":"#0"}}},{"from":[-0.1,5.54142,0.95858],"to":[2.1,5.74142,7.65858],"rotation":{"angle":0,"axis":"x","origin":[1,15.84142,19.95858]},"faces":{"north":{"uv":[1,9.5,6.5,15],"rotation":270,"texture":"#0"},"east":{"uv":[1,9.5,6.5,15],"rotation":270,"texture":"#0"},"south":{"uv":[1,9.5,6.5,15],"rotation":270,"texture":"#0"},"west":{"uv":[1,9.5,6.5,15],"rotation":270,"texture":"#0"},"up":{"uv":[1,9.5,6.5,15],"rotation":270,"texture":"#0"},"down":{"uv":[1,9.5,6.5,15],"rotation":270,"texture":"#0"}}},{"from":[-0.1,5.14142,0.85858],"to":[2.1,5.34142,7.65858],"rotation":{"angle":0,"axis":"x","origin":[1,15.84142,19.95858]},"faces":{"north":{"uv":[1,9.5,6.5,15],"rotation":270,"texture":"#0"},"east":{"uv":[1,9.5,6.5,15],"rotation":270,"texture":"#0"},"south":{"uv":[1,9.5,6.5,15],"rotation":270,"texture":"#0"},"west":{"uv":[1,9.5,6.5,15],"rotation":270,"texture":"#0"},"up":{"uv":[1,9.5,6.5,15],"rotation":270,"texture":"#0"},"down":{"uv":[1,9.5,6.5,15],"rotation":270,"texture":"#0"}}},{"from":[-0.1,4.84142,0.85858],"to":[2.1,5.04142,7.65858],"rotation":{"angle":0,"axis":"x","origin":[1,15.84142,19.95858]},"faces":{"north":{"uv":[1,9.5,6.5,15],"rotation":270,"texture":"#0"},"east":{"uv":[1,9.5,6.5,15],"rotation":270,"texture":"#0"},"south":{"uv":[1,9.5,6.5,15],"rotation":270,"texture":"#0"},"west":{"uv":[1,9.5,6.5,15],"rotation":270,"texture":"#0"},"up":{"uv":[1,9.5,6.5,15],"rotation":270,"texture":"#0"},"down":{"uv":[1,9.5,6.5,15],"rotation":270,"texture":"#0"}}},{"from":[-0.1,4.44142,0.75858],"to":[2.1,4.64142,7.45858],"rotation":{"angle":0,"axis":"x","origin":[1,15.84142,19.95858]},"faces":{"north":{"uv":[1,9.5,6.5,15],"rotation":270,"texture":"#0"},"east":{"uv":[1,9.5,6.5,15],"rotation":270,"texture":"#0"},"south":{"uv":[1,9.5,6.5,15],"rotation":270,"texture":"#0"},"west":{"uv":[1,9.5,6.5,15],"rotation":270,"texture":"#0"},"up":{"uv":[1,9.5,6.5,15],"rotation":270,"texture":"#0"},"down":{"uv":[1,9.5,6.5,15],"rotation":270,"texture":"#0"}}},{"from":[-0.1,4.04142,0.75858],"to":[2.1,4.24142,7.15858],"rotation":{"angle":0,"axis":"x","origin":[1,15.84142,19.95858]},"faces":{"north":{"uv":[1,9.5,6.5,15],"rotation":270,"texture":"#0"},"east":{"uv":[1,9.5,6.5,15],"rotation":270,"texture":"#0"},"south":{"uv":[1,9.5,6.5,15],"rotation":270,"texture":"#0"},"west":{"uv":[1,9.5,6.5,15],"rotation":270,"texture":"#0"},"up":{"uv":[1,9.5,6.5,15],"rotation":270,"texture":"#0"},"down":{"uv":[1,9.5,6.5,15],"rotation":270,"texture":"#0"}}},{"from":[-0.1,3.64142,0.65858],"to":[2.1,3.84142,7.05858],"rotation":{"angle":0,"axis":"x","origin":[1,15.84142,19.95858]},"faces":{"north":{"uv":[1,9.5,6.5,15],"rotation":270,"texture":"#0"},"east":{"uv":[1,9.5,6.5,15],"rotation":270,"texture":"#0"},"south":{"uv":[1,9.5,6.5,15],"rotation":270,"texture":"#0"},"west":{"uv":[1,9.5,6.5,15],"rotation":270,"texture":"#0"},"up":{"uv":[1,9.5,6.5,15],"rotation":270,"texture":"#0"},"down":{"uv":[1,9.5,6.5,15],"rotation":270,"texture":"#0"}}},{"from":[-0.1,3.24142,0.65858],"to":[2.1,3.44142,7.05858],"rotation":{"angle":0,"axis":"x","origin":[1,15.84142,19.95858]},"faces":{"north":{"uv":[1,9.5,6.5,15],"rotation":270,"texture":"#0"},"east":{"uv":[1,9.5,6.5,15],"rotation":270,"texture":"#0"},"south":{"uv":[1,9.5,6.5,15],"rotation":270,"texture":"#0"},"west":{"uv":[1,9.5,6.5,15],"rotation":270,"texture":"#0"},"up":{"uv":[1,9.5,6.5,15],"rotation":270,"texture":"#0"},"down":{"uv":[1,9.5,6.5,15],"rotation":270,"texture":"#0"}}},{"from":[-0.1,2.84142,0.65858],"to":[2.1,3.04142,6.95858],"rotation":{"angle":0,"axis":"x","origin":[1,15.84142,19.95858]},"faces":{"north":{"uv":[1,9.5,6.5,15],"rotation":270,"texture":"#0"},"east":{"uv":[1,9.5,6.5,15],"rotation":270,"texture":"#0"},"south":{"uv":[1,9.5,6.5,15],"rotation":270,"texture":"#0"},"west":{"uv":[1,9.5,6.5,15],"rotation":270,"texture":"#0"},"up":{"uv":[1,9.5,6.5,15],"rotation":270,"texture":"#0"},"down":{"uv":[1,9.5,6.5,15],"rotation":270,"texture":"#0"}}},{"from":[-0.1,2.44142,0.75858],"to":[2.1,2.64142,7.05858],"rotation":{"angle":0,"axis":"x","origin":[1,15.84142,19.95858]},"faces":{"north":{"uv":[1,9.5,6.5,15],"rotation":270,"texture":"#0"},"east":{"uv":[1,9.5,6.5,15],"rotation":270,"texture":"#0"},"south":{"uv":[1,9.5,6.5,15],"rotation":270,"texture":"#0"},"west":{"uv":[1,9.5,6.5,15],"rotation":270,"texture":"#0"},"up":{"uv":[1,9.5,6.5,15],"rotation":270,"texture":"#0"},"down":{"uv":[1,9.5,6.5,15],"rotation":270,"texture":"#0"}}},{"from":[-0.1,2.04142,0.75858],"to":[2.1,2.24142,7.05858],"rotation":{"angle":0,"axis":"x","origin":[1,15.84142,19.95858]},"faces":{"north":{"uv":[1,9.5,6.5,15],"rotation":270,"texture":"#0"},"east":{"uv":[1,9.5,6.5,15],"rotation":270,"texture":"#0"},"south":{"uv":[1,9.5,6.5,15],"rotation":270,"texture":"#0"},"west":{"uv":[1,9.5,6.5,15],"rotation":270,"texture":"#0"},"up":{"uv":[1,9.5,6.5,15],"rotation":270,"texture":"#0"},"down":{"uv":[1,9.5,6.5,15],"rotation":270,"texture":"#0"}}},{"from":[-0.1,14.6,7.2],"to":[2.1,16.8,7.4],"faces":{"north":{"uv":[1,9.5,6.5,15],"texture":"#0"},"east":{"uv":[1,9.5,6.5,15],"texture":"#0"},"south":{"uv":[1,9.5,6.5,15],"texture":"#0"},"west":{"uv":[1,9.5,6.5,15],"texture":"#0"},"up":{"uv":[1,9.5,6.5,15],"texture":"#0"},"down":{"uv":[1,9.5,6.5,15],"texture":"#0"}}},{"from":[1.4,17.2,3.4],"to":[2,17.3,6.3],"faces":{"north":{"uv":[1,9.5,6.5,15],"texture":"#0"},"east":{"uv":[1,9.5,6.5,15],"texture":"#0"},"south":{"uv":[1,9.5,6.5,15],"texture":"#0"},"west":{"uv":[1,9.5,6.5,15],"texture":"#0"},"up":{"uv":[1,9.5,6.5,15],"texture":"#0"},"down":{"uv":[1,9.5,6.5,15],"texture":"#0"}}},{"from":[1.4,17.3,3.4],"to":[2,17.4,6.2],"faces":{"north":{"uv":[1,9.5,6.5,15],"texture":"#0"},"east":{"uv":[1,9.5,6.5,15],"texture":"#0"},"south":{"uv":[1,9.5,6.5,15],"texture":"#0"},"west":{"uv":[1,9.5,6.5,15],"texture":"#0"},"up":{"uv":[1,9.5,6.5,15],"texture":"#0"},"down":{"uv":[1,9.5,6.5,15],"texture":"#0"}}},{"from":[1.4,17.4,3.5],"to":[2,17.5,6],"faces":{"north":{"uv":[1,9.5,6.5,15],"texture":"#0"},"east":{"uv":[1,9.5,6.5,15],"texture":"#0"},"south":{"uv":[1,9.5,6.5,15],"texture":"#0"},"west":{"uv":[1,9.5,6.5,15],"texture":"#0"},"up":{"uv":[1,9.5,6.5,15],"texture":"#0"},"down":{"uv":[1,9.5,6.5,15],"texture":"#0"}}},{"from":[1.4,17.5,3.6],"to":[2,17.6,5.7],"faces":{"north":{"uv":[1,9.5,6.5,15],"texture":"#0"},"east":{"uv":[1,9.5,6.5,15],"texture":"#0"},"south":{"uv":[1,9.5,6.5,15],"texture":"#0"},"west":{"uv":[1,9.5,6.5,15],"texture":"#0"},"up":{"uv":[1,9.5,6.5,15],"texture":"#0"},"down":{"uv":[1,9.5,6.5,15],"texture":"#0"}}},{"from":[1.4,17.6,3.6],"to":[2,17.7,5.2],"faces":{"north":{"uv":[1,9.5,6.5,15],"texture":"#0"},"east":{"uv":[1,9.5,6.5,15],"texture":"#0"},"south":{"uv":[1,9.5,6.5,15],"texture":"#0"},"west":{"uv":[1,9.5,6.5,15],"texture":"#0"},"up":{"uv":[1,9.5,6.5,15],"texture":"#0"},"down":{"uv":[1,9.5,6.5,15],"texture":"#0"}}},{"from":[1.4,17.7,3.6],"to":[2,17.8,4.7],"faces":{"north":{"uv":[1,9.5,6.5,15],"texture":"#0"},"east":{"uv":[1,9.5,6.5,15],"texture":"#0"},"south":{"uv":[1,9.5,6.5,15],"texture":"#0"},"west":{"uv":[1,9.5,6.5,15],"texture":"#0"},"up":{"uv":[1,9.5,6.5,15],"texture":"#0"},"down":{"uv":[1,9.5,6.5,15],"texture":"#0"}}},{"from":[1.4,17.8,3.6],"to":[2,17.9,4.2],"faces":{"north":{"uv":[1,9.5,6.5,15],"texture":"#0"},"east":{"uv":[1,9.5,6.5,15],"texture":"#0"},"south":{"uv":[1,9.5,6.5,15],"texture":"#0"},"west":{"uv":[1,9.5,6.5,15],"texture":"#0"},"up":{"uv":[1,9.5,6.5,15],"texture":"#0"},"down":{"uv":[1,9.5,6.5,15],"texture":"#0"}}},{"from":[0.7,16.1,2.6],"to":[1.3,16.6,3.2],"faces":{"north":{"uv":[1,9.5,6.5,15],"texture":"#0"},"east":{"uv":[1,9.5,6.5,15],"texture":"#0"},"south":{"uv":[1,9.5,6.5,15],"texture":"#0"},"west":{"uv":[1,9.5,6.5,15],"texture":"#0"},"up":{"uv":[1,9.5,6.5,15],"texture":"#0"},"down":{"uv":[1,9.5,6.5,15],"texture":"#0"}}},{"from":[0.7,17.2,20.4],"to":[1.3,17.3,22.1],"faces":{"north":{"uv":[1,9.5,6.5,15],"texture":"#0"},"east":{"uv":[1,9.5,6.5,15],"texture":"#0"},"south":{"uv":[1,9.5,6.5,15],"texture":"#0"},"west":{"uv":[1,9.5,6.5,15],"texture":"#0"},"up":{"uv":[1,9.5,6.5,15],"texture":"#0"},"down":{"uv":[1,9.5,6.5,15],"texture":"#0"}}},{"from":[0.7,17.3,20.5],"to":[1.3,17.4,22.1],"faces":{"north":{"uv":[1,9.5,6.5,15],"texture":"#0"},"east":{"uv":[1,9.5,6.5,15],"texture":"#0"},"south":{"uv":[1,9.5,6.5,15],"texture":"#0"},"west":{"uv":[1,9.5,6.5,15],"texture":"#0"},"up":{"uv":[1,9.5,6.5,15],"texture":"#0"},"down":{"uv":[1,9.5,6.5,15],"texture":"#0"}}},{"from":[0.7,17.4,20.5],"to":[1.3,17.5,22.1],"faces":{"north":{"uv":[1,9.5,6.5,15],"texture":"#0"},"east":{"uv":[1,9.5,6.5,15],"texture":"#0"},"south":{"uv":[1,9.5,6.5,15],"texture":"#0"},"west":{"uv":[1,9.5,6.5,15],"texture":"#0"},"up":{"uv":[1,9.5,6.5,15],"texture":"#0"},"down":{"uv":[1,9.5,6.5,15],"texture":"#0"}}},{"from":[0.7,17.5,20.6],"to":[1.3,17.6,22.1],"faces":{"north":{"uv":[1,9.5,6.5,15],"texture":"#0"},"east":{"uv":[1,9.5,6.5,15],"texture":"#0"},"south":{"uv":[1,9.5,6.5,15],"texture":"#0"},"west":{"uv":[1,9.5,6.5,15],"texture":"#0"},"up":{"uv":[1,9.5,6.5,15],"texture":"#0"},"down":{"uv":[1,9.5,6.5,15],"texture":"#0"}}},{"from":[0.7,17.6,20.7],"to":[1.3,17.7,22.1],"faces":{"north":{"uv":[1,9.5,6.5,15],"texture":"#0"},"east":{"uv":[1,9.5,6.5,15],"texture":"#0"},"south":{"uv":[1,9.5,6.5,15],"texture":"#0"},"west":{"uv":[1,9.5,6.5,15],"texture":"#0"},"up":{"uv":[1,9.5,6.5,15],"texture":"#0"},"down":{"uv":[1,9.5,6.5,15],"texture":"#0"}}},{"from":[0.7,17.7,20.7],"to":[1.3,17.8,21.4],"faces":{"north":{"uv":[1,9.5,6.5,15],"texture":"#0"},"east":{"uv":[1,9.5,6.5,15],"texture":"#0"},"south":{"uv":[1,9.5,6.5,15],"texture":"#0"},"west":{"uv":[1,9.5,6.5,15],"texture":"#0"},"up":{"uv":[1,9.5,6.5,15],"texture":"#0"},"down":{"uv":[1,9.5,6.5,15],"texture":"#0"}}},{"from":[0.7,14.8,0.8],"to":[1.2,15.2,2.1],"rotation":{"angle":45,"axis":"x","origin":[0.5,15,1.5]},"faces":{"north":{"uv":[11,1,15,5.5],"texture":"#0"},"east":{"uv":[11,1,15,5.5],"texture":"#0"},"south":{"uv":[11,1,15,5.5],"texture":"#0"},"west":{"uv":[11,1,15,5.5],"texture":"#0"},"up":{"uv":[11,1,15,5.5],"texture":"#0"},"down":{"uv":[11,1,15,5.5],"texture":"#0"}}},{"from":[0.7,11.22261,10.41856],"to":[1.2,12.52261,10.81856],"rotation":{"angle":0,"axis":"x","origin":[0.95,12.77261,8.81856]},"faces":{"north":{"uv":[11,1,15,5.5],"rotation":270,"texture":"#0"},"east":{"uv":[11,1,15,5.5],"rotation":270,"texture":"#0"},"south":{"uv":[11,1,15,5.5],"rotation":270,"texture":"#0"},"west":{"uv":[11,1,15,5.5],"rotation":270,"texture":"#0"},"up":{"uv":[11,1,15,5.5],"rotation":270,"texture":"#0"},"down":{"uv":[11,1,15,5.5],"rotation":270,"texture":"#0"}}},{"from":[0.7,10.12261,10.81856],"to":[1.2,11.42261,11.21856],"rotation":{"angle":-45,"axis":"x","origin":[0.95,10.87261,10.81856]},"faces":{"north":{"uv":[11,1,15,5.5],"rotation":270,"texture":"#0"},"east":{"uv":[11,1,15,5.5],"rotation":270,"texture":"#0"},"south":{"uv":[11,1,15,5.5],"rotation":270,"texture":"#0"},"west":{"uv":[11,1,15,5.5],"rotation":270,"texture":"#0"},"up":{"uv":[11,1,15,5.5],"rotation":270,"texture":"#0"},"down":{"uv":[11,1,15,5.5],"rotation":270,"texture":"#0"}}},{"from":[0.7,15.46569,0.53431],"to":[1.2,15.66569,1.33431],"rotation":{"angle":45,"axis":"x","origin":[0.5,15.56569,0.93431]},"faces":{"north":{"uv":[11,1,15,5.5],"texture":"#0"},"east":{"uv":[11,1,15,5.5],"texture":"#0"},"south":{"uv":[11,1,15,5.5],"texture":"#0"},"west":{"uv":[11,1,15,5.5],"texture":"#0"},"up":{"uv":[11,1,15,5.5],"texture":"#0"},"down":{"uv":[11,1,15,5.5],"texture":"#0"}}},{"from":[0.7,15.46569,0.53431],"to":[1.2,15.66569,1.33431],"rotation":{"angle":22.5,"axis":"x","origin":[0.5,15.56569,0.93431]},"faces":{"north":{"uv":[11,1,15,5.5],"texture":"#0"},"east":{"uv":[11,1,15,5.5],"texture":"#0"},"south":{"uv":[11,1,15,5.5],"texture":"#0"},"west":{"uv":[11,1,15,5.5],"texture":"#0"},"up":{"uv":[11,1,15,5.5],"texture":"#0"},"down":{"uv":[11,1,15,5.5],"texture":"#0"}}},{"from":[0.7,15.16569,0.83431],"to":[1.2,15.96569,1.03431],"rotation":{"angle":0,"axis":"x","origin":[0.5,15.56569,0.93431]},"faces":{"north":{"uv":[11,1,15,5.5],"rotation":270,"texture":"#0"},"east":{"uv":[11,1,15,5.5],"rotation":270,"texture":"#0"},"south":{"uv":[11,1,15,5.5],"rotation":270,"texture":"#0"},"west":{"uv":[11,1,15,5.5],"rotation":270,"texture":"#0"},"up":{"uv":[11,1,15,5.5],"rotation":270,"texture":"#0"},"down":{"uv":[11,1,15,5.5],"rotation":270,"texture":"#0"}}},{"from":[0.7,15.16569,0.83431],"to":[1.2,15.96569,1.03431],"rotation":{"angle":22.5,"axis":"x","origin":[0.5,15.56569,0.93431]},"faces":{"north":{"uv":[11,1,15,5.5],"rotation":270,"texture":"#0"},"east":{"uv":[11,1,15,5.5],"rotation":270,"texture":"#0"},"south":{"uv":[11,1,15,5.5],"rotation":270,"texture":"#0"},"west":{"uv":[11,1,15,5.5],"rotation":270,"texture":"#0"},"up":{"uv":[11,1,15,5.5],"rotation":270,"texture":"#0"},"down":{"uv":[11,1,15,5.5],"rotation":270,"texture":"#0"}}},{"from":[0.7,15.46569,0.53431],"to":[1.2,15.66569,1.33431],"rotation":{"angle":-45,"axis":"x","origin":[0.5,15.56569,0.93431]},"faces":{"north":{"uv":[11,1,15,5.5],"rotation":180,"texture":"#0"},"east":{"uv":[11,1,15,5.5],"rotation":180,"texture":"#0"},"south":{"uv":[11,1,15,5.5],"rotation":180,"texture":"#0"},"west":{"uv":[11,1,15,5.5],"rotation":180,"texture":"#0"},"up":{"uv":[11,1,15,5.5],"rotation":180,"texture":"#0"},"down":{"uv":[11,1,15,5.5],"rotation":180,"texture":"#0"}}},{"from":[0.7,15.46569,1.33431],"to":[1.2,15.56569,1.63431],"rotation":{"angle":-45,"axis":"x","origin":[0.5,15.56569,0.93431]},"faces":{"north":{"uv":[11,1,15,5.5],"rotation":180,"texture":"#0"},"east":{"uv":[11,1,15,5.5],"rotation":180,"texture":"#0"},"south":{"uv":[11,1,15,5.5],"rotation":180,"texture":"#0"},"west":{"uv":[11,1,15,5.5],"rotation":180,"texture":"#0"},"up":{"uv":[11,1,15,5.5],"rotation":180,"texture":"#0"},"down":{"uv":[11,1,15,5.5],"rotation":180,"texture":"#0"}}},{"from":[0.7,15.46569,0.53431],"to":[1.2,15.66569,1.33431],"rotation":{"angle":-22.5,"axis":"x","origin":[0.5,15.56569,0.93431]},"faces":{"north":{"uv":[11,1,15,5.5],"rotation":180,"texture":"#0"},"east":{"uv":[11,1,15,5.5],"rotation":180,"texture":"#0"},"south":{"uv":[11,1,15,5.5],"rotation":180,"texture":"#0"},"west":{"uv":[11,1,15,5.5],"rotation":180,"texture":"#0"},"up":{"uv":[11,1,15,5.5],"rotation":180,"texture":"#0"},"down":{"uv":[11,1,15,5.5],"rotation":180,"texture":"#0"}}},{"from":[0.7,15.46569,0.53431],"to":[1.2,15.66569,1.33431],"rotation":{"angle":0,"axis":"x","origin":[0.5,15.56569,0.93431]},"faces":{"north":{"uv":[11,1,15,5.5],"rotation":180,"texture":"#0"},"east":{"uv":[11,1,15,5.5],"rotation":180,"texture":"#0"},"south":{"uv":[11,1,15,5.5],"rotation":180,"texture":"#0"},"west":{"uv":[11,1,15,5.5],"rotation":180,"texture":"#0"},"up":{"uv":[11,1,15,5.5],"rotation":180,"texture":"#0"},"down":{"uv":[11,1,15,5.5],"rotation":180,"texture":"#0"}}},{"from":[0.7,15.16569,0.83431],"to":[1.2,15.96569,1.03431],"rotation":{"angle":-22.5,"axis":"x","origin":[0.5,15.56569,0.93431]},"faces":{"north":{"uv":[11,1,15,5.5],"rotation":270,"texture":"#0"},"east":{"uv":[11,1,15,5.5],"rotation":270,"texture":"#0"},"south":{"uv":[11,1,15,5.5],"rotation":270,"texture":"#0"},"west":{"uv":[11,1,15,5.5],"rotation":270,"texture":"#0"},"up":{"uv":[11,1,15,5.5],"rotation":270,"texture":"#0"},"down":{"uv":[11,1,15,5.5],"rotation":270,"texture":"#0"}}},{"from":[0.55,16.15,19.8],"to":[1.45,16.55,23],"rotation":{"angle":-45,"axis":"z","origin":[1,16.35,22.65]},"faces":{"north":{"uv":[9,1.5,14.5,7],"rotation":90,"texture":"#0"},"east":{"uv":[9,1.5,14.5,7],"rotation":90,"texture":"#0"},"south":{"uv":[9,1.5,14.5,7],"rotation":90,"texture":"#0"},"west":{"uv":[9,1.5,14.5,7],"rotation":90,"texture":"#0"},"up":{"uv":[9,1.5,14.5,7],"rotation":90,"texture":"#0"},"down":{"uv":[9,1.5,14.5,7],"rotation":90,"texture":"#0"}}},{"from":[0.55,16.15,19.8],"to":[1.45,16.55,23],"rotation":{"angle":0,"axis":"z","origin":[1,16.35,22.65]},"faces":{"north":{"uv":[9,1.5,14.5,7],"rotation":90,"texture":"#0"},"east":{"uv":[9,1.5,14.5,7],"rotation":90,"texture":"#0"},"south":{"uv":[9,1.5,14.5,7],"rotation":90,"texture":"#0"},"west":{"uv":[9,1.5,14.5,7],"rotation":90,"texture":"#0"},"up":{"uv":[9,1.5,14.5,7],"rotation":90,"texture":"#0"},"down":{"uv":[9,1.5,14.5,7],"rotation":90,"texture":"#0"}}},{"from":[0.8,15.9,19.8],"to":[1.2,16.8,23],"rotation":{"angle":0,"axis":"y","origin":[1,16.35,22.65]},"faces":{"north":{"uv":[9,1.5,14.5,7],"texture":"#0"},"east":{"uv":[9,1.5,14.5,7],"texture":"#0"},"south":{"uv":[9,1.5,14.5,7],"texture":"#0"},"west":{"uv":[9,1.5,14.5,7],"texture":"#0"},"up":{"uv":[9,1.5,14.5,7],"texture":"#0"},"down":{"uv":[9,1.5,14.5,7],"texture":"#0"}}},{"from":[0.8,15.9,19.8],"to":[1.2,16.8,23],"rotation":{"angle":-45,"axis":"z","origin":[1,16.35,22.65]},"faces":{"north":{"uv":[9,1.5,14.5,7],"texture":"#0"},"east":{"uv":[9,1.5,14.5,7],"texture":"#0"},"south":{"uv":[9,1.5,14.5,7],"texture":"#0"},"west":{"uv":[9,1.5,14.5,7],"texture":"#0"},"up":{"uv":[9,1.5,14.5,7],"texture":"#0"},"down":{"uv":[9,1.5,14.5,7],"texture":"#0"}}}],"display":{"thirdperson_righthand":{"rotation":[0,-180,0],"translation":[-3.25,-1.5,1.75],"scale":[0.5,0.5,0.5]},"thirdperson_lefthand":{"rotation":[0,-180,0],"translation":[3.75,-1.5,1.75],"scale":[0.5,0.5,0.5]},"firstperson_righthand":{"rotation":[0,-180,0],"translation":[0,0.25,2.75],"scale":[0.5,0.5,0.5]},"firstperson_lefthand":{"rotation":[0,-180,0],"translation":[5.25,0.25,3],"scale":[0.5,0.5,0.5]},"ground":{"scale":[0.5,0.5,0.5]},"fixed":{"rotation":[0,-90,0],"translation":[0.5,0,1.75],"scale":[0.5,0.5,0.5]}},"groups":[{"name":"Polimero","origin":[8,8,8],"color":0,"children":[0,1,2,3,4,5,6,7,8,9,10,11,12,13,14,15,16,17,18,19,20,21,22,23,24,25,26,27,28,29,30,31,32,33,34,35,36,37,38,39,40,41,42,43,44,45,46,47,48,49,50,51,52,53,54,55,56,57,58,59,60,61,62,63,64,65,66,67,68,69,70,71,72,73,74,75,76,77,78,79,80,81,82,83,84,85,86,87,88,89,90,91,92,93,94,95,96,97,98,99,100,101,102,103,104,105,106,107,108,109,110,111,112,113,114,115,116,117,118,119,120,121,122,123,124,125,126,127,128,129,130,131,132,133,134,135,136,137,138,139,140,141,142,143,144,145,146,147,148,149,150,151,152,153,154,155,156,157,158,159]},{"name":"metal","origin":[8,8,8],"color":0,"children":[160,161,162,163,164,165,166,167,168,169,170,171,172,173,174,175,176,177,178,179,180,181,182,183,184,185,186,187,188,189,190,191,192,193,194,195,196,197,198,199,200,201,202,203,204,205,206,207]},{"name":"prata","origin":[8,8,8],"color":0,"children":[208,209,210,211,212,213,214,215,216,217,218,219,220,221,222,223,224,225,226,227,228,229,230,231,232,233,234,235,236,237,238,239,240,241,242,243,244,245,246,247,248,249,250,251,252,253,254,255,256,257,258,259,260,261,262]},{"name":"gold","origin":[8,8,8],"color":0,"children":[263,264,265,266,267,268,269,270,271,272,273,274,275,276,277,278]}]}