{
	"credit": "Made with Blockbench",
	"textures": {
		"0": "block/color/greenmetal_one",
		"1": "block/color/graymetal_lighter",
		"particle": "block/color/greenmetal_one"
	},
	"elements": [
		{
			"name": "Etiquetas",
			"from": [8.95, 3.075, 7.425],
			"to": [9.05, 6.525, 8.625],
			"faces": {
				"north": {"uv": [0, 0, 0.1, 3.45], "texture": "#1"},
				"east": {"uv": [0, 9.55, 1.2, 13], "texture": "#1"},
				"south": {"uv": [0, 0, 0.1, 3.45], "texture": "#1"},
				"up": {"uv": [0, 0, 0.1, 1.2], "texture": "#1"},
				"down": {"uv": [0, 0, 0.1, 1.2], "texture": "#1"}
			}
		},
		{
			"name": "Etiquetas",
			"from": [6.9, 3.075, 7.425],
			"to": [7, 6.525, 8.625],
			"rotation": {"angle": 0, "axis": "y", "origin": [16, 0, 0]},
			"faces": {
				"north": {"uv": [0.1, 0, 0, 3.45], "texture": "#1"},
				"south": {"uv": [0.1, 0, 0, 3.45], "texture": "#1"},
				"west": {"uv": [1.2, 9.55, 0, 13], "texture": "#1"},
				"up": {"uv": [0.1, 0, 0, 1.2], "texture": "#1"},
				"down": {"uv": [0.1, 0, 0, 1.2], "texture": "#1"}
			}
		},
		{
			"from": [8.7, 8.3, 7.225],
			"to": [8.775, 8.55, 7.825],
			"faces": {
				"north": {"uv": [0, 0, 0.075, 0.25], "texture": "#1"},
				"east": {"uv": [0, 0, 0.6, 0.25], "texture": "#1"},
				"south": {"uv": [0, 0, 0.075, 0.25], "texture": "#1"},
				"up": {"uv": [0, 0, 0.075, 0.6], "texture": "#1"},
				"down": {"uv": [0, 0, 0.075, 0.6], "texture": "#1"}
			}
		},
		{
			"from": [8.7, 8.3, 8.225],
			"to": [8.775, 8.55, 8.825],
			"faces": {
				"north": {"uv": [0, 0, 0.075, 0.25], "texture": "#1"},
				"east": {"uv": [0, 0, 0.6, 0.25], "texture": "#1"},
				"up": {"uv": [0, 0, 0.075, 0.6], "texture": "#1"},
				"down": {"uv": [0, 0, 0.075, 0.6], "texture": "#1"}
			}
		},
		{
			"from": [7.175, 8.3, 8.825],
			"to": [8.775, 8.55, 8.875],
			"rotation": {"angle": 0, "axis": "y", "origin": [7.95, 8.425, 8.85]},
			"faces": {
				"east": {"uv": [0, 0, 0.05, 0.25], "texture": "#1"},
				"south": {"uv": [0, 0, 1.6, 0.25], "texture": "#1"},
				"west": {"uv": [0, 0, 0.05, 0.25], "texture": "#1"},
				"up": {"uv": [0, 0, 0.05, 1.6], "rotation": 90, "texture": "#1"},
				"down": {"uv": [0, 0, 0.05, 1.6], "rotation": 270, "texture": "#1"}
			}
		},
		{
			"from": [7.175, 8.3, 7.225],
			"to": [7.25, 8.55, 7.825],
			"faces": {
				"north": {"uv": [0, 0, 0.075, 0.25], "texture": "#1"},
				"south": {"uv": [0, 0, 0.075, 0.25], "texture": "#1"},
				"west": {"uv": [0, 0, 0.6, 0.25], "texture": "#1"},
				"up": {"uv": [0, 0, 0.075, 0.6], "texture": "#1"},
				"down": {"uv": [0, 0, 0.075, 0.6], "texture": "#1"}
			}
		},
		{
			"from": [7.175, 8.3, 8.225],
			"to": [7.25, 8.55, 8.825],
			"faces": {
				"north": {"uv": [0, 0, 0.075, 0.25], "texture": "#1"},
				"west": {"uv": [0, 0, 0.6, 0.25], "texture": "#1"},
				"up": {"uv": [0, 0, 0.075, 0.6], "texture": "#1"},
				"down": {"uv": [0, 0, 0.075, 0.6], "texture": "#1"}
			}
		},
		{
			"from": [7.2, 8.3, 7.225],
			"to": [8.75, 8.55, 7.275],
			"rotation": {"angle": 0, "axis": "y", "origin": [7.95, 8.425, 7.15]},
			"faces": {
				"north": {"uv": [1.6, 0, 3.15, 0.25], "texture": "#1"},
				"up": {"uv": [0.05, 0, 0.1, 1.55], "rotation": 90, "texture": "#1"},
				"down": {"uv": [0.05, 0, 0.1, 1.55], "rotation": 270, "texture": "#1"}
			}
		},
		{
			"from": [8.975, 7.425, 6.975],
			"to": [9.025, 7.575, 9.075],
			"faces": {
				"east": {"uv": [0, 0, 2.1, 0.15], "texture": "#1"},
				"up": {"uv": [0, 0, 0.05, 2.1], "texture": "#1"},
				"down": {"uv": [0, 0, 0.05, 2.1], "texture": "#1"}
			}
		},
		{
			"from": [6.925, 7.425, 9.025],
			"to": [9.025, 7.575, 9.075],
			"rotation": {"angle": 0, "axis": "y", "origin": [7.975, 7.6, 9.1]},
			"faces": {
				"south": {"uv": [0, 0, 2.1, 0.15], "texture": "#1"},
				"up": {"uv": [0, 0, 0.05, 2.1], "rotation": 90, "texture": "#1"},
				"down": {"uv": [0, 0, 0.05, 2.1], "rotation": 270, "texture": "#1"}
			}
		},
		{
			"from": [6.925, 7.425, 6.975],
			"to": [9.025, 7.575, 7.025],
			"rotation": {"angle": 0, "axis": "y", "origin": [7.975, 7.6, 9.1]},
			"faces": {
				"north": {"uv": [0, 0, 2.1, 0.15], "texture": "#1"},
				"up": {"uv": [0, 0, 0.05, 2.1], "rotation": 90, "texture": "#1"},
				"down": {"uv": [0, 0, 0.05, 2.1], "rotation": 270, "texture": "#1"}
			}
		},
		{
			"from": [6.925, 7.425, 6.975],
			"to": [6.975, 7.575, 9.075],
			"faces": {
				"west": {"uv": [0, 0, 2.1, 0.15], "texture": "#1"},
				"up": {"uv": [0, 0, 0.05, 2.1], "texture": "#1"},
				"down": {"uv": [0, 0, 0.05, 2.1], "texture": "#1"}
			}
		},
		{
			"from": [6.925, 2.025, 9.025],
			"to": [9.025, 2.2, 9.075],
			"rotation": {"angle": 0, "axis": "y", "origin": [7.975, 7.6, 9.1]},
			"faces": {
				"north": {"uv": [0, 0, 2.1, 0.175], "texture": "#1"},
				"east": {"uv": [0, 0, 0.05, 0.175], "texture": "#1"},
				"south": {"uv": [0, 0, 2.1, 0.175], "texture": "#1"},
				"up": {"uv": [0, 0, 0.05, 2.1], "rotation": 90, "texture": "#1"},
				"down": {"uv": [0, 0, 0.05, 2.1], "rotation": 270, "texture": "#1"}
			}
		},
		{
			"from": [8.975, 2.05, 6.975],
			"to": [9.025, 2.2, 9.075],
			"faces": {
				"east": {"uv": [0, 0, 2.1, 0.15], "texture": "#1"},
				"up": {"uv": [0, 0, 0.05, 2.1], "texture": "#1"},
				"down": {"uv": [0, 0, 0.05, 2.1], "texture": "#1"}
			}
		},
		{
			"from": [6.925, 2.025, 6.975],
			"to": [9.025, 2.2, 7.025],
			"rotation": {"angle": 0, "axis": "y", "origin": [7.975, 7.6, 9.1]},
			"faces": {
				"north": {"uv": [0, 0, 2.1, 0.175], "texture": "#1"},
				"east": {"uv": [0, 0, 0.05, 0.175], "texture": "#1"},
				"south": {"uv": [0, 0, 2.1, 0.175], "texture": "#1"},
				"up": {"uv": [0, 0, 0.05, 2.1], "rotation": 90, "texture": "#1"},
				"down": {"uv": [0, 0, 0.05, 2.1], "rotation": 270, "texture": "#1"}
			}
		},
		{
			"from": [6.925, 2.025, 6.975],
			"to": [6.975, 2.2, 9.075],
			"faces": {
				"west": {"uv": [0, 0, 2.1, 0.175], "texture": "#1"},
				"up": {"uv": [0, 0, 0.05, 2.1], "texture": "#1"},
				"down": {"uv": [0, 0, 0.05, 2.1], "texture": "#1"}
			}
		},
		{
			"from": [7.65, 3.06434, 6.21434],
			"to": [8.25, 6.81434, 6.58934],
			"rotation": {"angle": 0, "axis": "x", "origin": [7.95, 7.33934, 5.57684]},
			"faces": {
				"north": {"uv": [0, 0, 0.6, 3.75], "rotation": 180, "texture": "#1"},
				"east": {"uv": [0, 0, 3.75, 0.375], "rotation": 90, "texture": "#1"},
				"south": {"uv": [0, 0, 0.6, 3.75], "texture": "#1"},
				"west": {"uv": [0, 0, 3.75, 0.375], "rotation": 270, "texture": "#1"},
				"down": {"uv": [0, 0, 0.6, 0.375], "rotation": 180, "texture": "#1"}
			}
		},
		{
			"from": [7.85, 6.42594, 5.88505],
			"to": [8.05, 7.32594, 6.11005],
			"rotation": {"angle": -22.5, "axis": "x", "origin": [7.95, 5.77594, 5.99755]},
			"faces": {
				"north": {"uv": [0, 0, 0.2, 0.9], "texture": "#1"},
				"east": {"uv": [0, 0, 0.225, 0.9], "texture": "#1"},
				"south": {"uv": [0, 0, 0.2, 0.9], "texture": "#1"},
				"west": {"uv": [0, 0, 0.225, 0.9], "texture": "#1"},
				"down": {"uv": [0, 0, 0.2, 0.225], "texture": "#1"}
			}
		},
		{
			"from": [7.65, 6.81434, 6.21434],
			"to": [8.25, 8.31434, 6.58934],
			"rotation": {"angle": 0, "axis": "x", "origin": [7.95, 7.33934, 5.57684]},
			"faces": {
				"north": {"uv": [0, 0, 0.6, 1.5], "rotation": 180, "texture": "#1"},
				"east": {"uv": [0, 0, 1.5, 0.375], "rotation": 90, "texture": "#1"},
				"south": {"uv": [0, 0, 0.6, 1.5], "texture": "#1"},
				"west": {"uv": [0, 0, 1.5, 0.375], "rotation": 270, "texture": "#1"}
			}
		},
		{
			"from": [7.85, 7.07333, 5.53585],
			"to": [8.05, 8.82333, 5.76085],
			"rotation": {"angle": 22.5, "axis": "x", "origin": [7.95, 7.71083, 5.64835]},
			"faces": {
				"north": {"uv": [0, 0, 0.2, 1.75], "texture": "#1"},
				"east": {"uv": [0, 0, 0.225, 1.75], "texture": "#1"},
				"south": {"uv": [0, 0, 0.2, 1.75], "texture": "#1"},
				"west": {"uv": [0, 0, 0.225, 1.75], "texture": "#1"}
			}
		},
		{
			"from": [7.85, 6.33341, 5.66986],
			"to": [8.05, 6.55841, 6.36986],
			"rotation": {"angle": 0, "axis": "y", "origin": [7.95, 9.34591, 5.84486]},
			"faces": {
				"north": {"uv": [0, 0, 0.2, 0.225], "texture": "#1"},
				"east": {"uv": [0, 0, 0.7, 0.225], "texture": "#1"},
				"west": {"uv": [0, 0, 0.7, 0.225], "texture": "#1"},
				"up": {"uv": [0, 0, 0.2, 0.7], "texture": "#1"},
				"down": {"uv": [0, 0, 0.2, 0.7], "texture": "#1"}
			}
		},
		{
			"from": [7.85, 8.40669, 5.97015],
			"to": [8.05, 8.78169, 6.67015],
			"rotation": {"angle": 0, "axis": "x", "origin": [7.95, 9.41919, 6.17015]},
			"faces": {
				"east": {"uv": [0, 0, 0.7, 0.375], "texture": "#1"},
				"south": {"uv": [0, 0, 0.2, 0.375], "texture": "#1"},
				"west": {"uv": [0, 0, 0.7, 0.375], "texture": "#1"},
				"up": {"uv": [0, 0, 0.2, 0.7], "texture": "#1"},
				"down": {"uv": [0, 0, 0.2, 0.7], "texture": "#1"}
			}
		},
		{
			"from": [7.65, 8.43724, 5.66638],
			"to": [8.25, 8.81224, 7.16638],
			"rotation": {"angle": -45, "axis": "x", "origin": [7.95, 9.22474, 6.54138]},
			"faces": {
				"east": {"uv": [0, 0, 1.5, 0.375], "texture": "#1"},
				"south": {"uv": [0, 0, 0.6, 0.375], "texture": "#1"},
				"west": {"uv": [0, 0, 1.5, 0.375], "texture": "#1"},
				"up": {"uv": [0, 0, 0.6, 1.5], "texture": "#1"},
				"down": {"uv": [0, 0, 0.6, 1.5], "texture": "#1"}
			}
		},
		{
			"from": [7.75, 9, 7.275],
			"to": [8.15, 9.375, 7.675],
			"faces": {
				"east": {"uv": [0, 0, 0.4, 0.375], "texture": "#1"},
				"west": {"uv": [0, 0, 0.4, 0.375], "texture": "#1"},
				"up": {"uv": [0, 0, 0.4, 0.4], "texture": "#1"}
			}
		},
		{
			"from": [7.65, 8.725, 7.825],
			"to": [8.25, 9.1, 8.325],
			"faces": {
				"north": {"uv": [0, 0, 0.6, 0.375], "texture": "#1"},
				"east": {"uv": [0, 0, 0.5, 0.375], "texture": "#1"},
				"south": {"uv": [0, 0, 0.6, 0.375], "texture": "#1"},
				"west": {"uv": [0, 0, 0.5, 0.375], "texture": "#1"},
				"up": {"uv": [0, 0, 0.6, 0.5], "texture": "#1"}
			}
		},
		{
			"from": [7.75, 8.95921, 7.55455],
			"to": [8.15, 9.25921, 7.95455],
			"rotation": {"angle": 45, "axis": "x", "origin": [7.95, 9.17171, 7.75455]},
			"faces": {
				"east": {"uv": [0, 0, 0.4, 0.3], "texture": "#1"},
				"west": {"uv": [0, 0, 0.4, 0.3], "texture": "#1"},
				"up": {"uv": [0, 0, 0.4, 0.4], "texture": "#1"}
			}
		},
		{
			"from": [7.55, 9.02413, 9.29317],
			"to": [8.35, 9.27413, 9.34317],
			"rotation": {"angle": 45, "axis": "x", "origin": [7.95, 9.63663, 9.31817]},
			"faces": {
				"north": {"uv": [0, 1.5, 0.8, 1.75], "rotation": 180, "texture": "#1"},
				"east": {"uv": [1.5, 0, 1.75, 0.05], "rotation": 270, "texture": "#1"},
				"south": {"uv": [0, 1.5, 0.8, 1.75], "texture": "#1"},
				"west": {"uv": [1.5, 0, 1.75, 0.05], "rotation": 90, "texture": "#1"}
			}
		},
		{
			"from": [7.55, 8.9712, 8.86739],
			"to": [8.35, 9.2212, 8.91739],
			"rotation": {"angle": 0, "axis": "x", "origin": [7.95, 9.3712, 8.89239]},
			"faces": {
				"north": {"uv": [0, 1.5, 0.8, 1.75], "rotation": 180, "texture": "#1"},
				"east": {"uv": [1.5, 0, 1.75, 0.05], "rotation": 270, "texture": "#1"},
				"south": {"uv": [0, 1.5, 0.8, 1.75], "texture": "#1"},
				"west": {"uv": [1.5, 0, 1.75, 0.05], "rotation": 90, "texture": "#1"}
			}
		},
		{
			"from": [7.55, 7.82521, 11.15426],
			"to": [8.35, 8.07521, 11.20426],
			"rotation": {"angle": -45, "axis": "x", "origin": [7.95, 5.76271, 8.92926]},
			"faces": {
				"north": {"uv": [0, 1.75, 0.8, 2], "rotation": 180, "texture": "#1"},
				"east": {"uv": [1.75, 0, 2, 0.05], "rotation": 270, "texture": "#1"},
				"south": {"uv": [0, 1.75, 0.8, 2], "texture": "#1"},
				"west": {"uv": [1.75, 0, 2, 0.05], "rotation": 90, "texture": "#1"}
			}
		},
		{
			"from": [7.55, 8.42298, 9.04417],
			"to": [8.35, 9.39798, 9.09417],
			"rotation": {"angle": 0, "axis": "x", "origin": [7.95, 8.73548, 9.06917]},
			"faces": {
				"north": {"uv": [0, 1.5, 0.8, 2.475], "rotation": 180, "texture": "#1"},
				"east": {"uv": [1.5, 0, 2.475, 0.05], "rotation": 270, "texture": "#1"},
				"south": {"uv": [0, 1.5, 0.8, 2.475], "texture": "#1"},
				"west": {"uv": [1.5, 0, 2.475, 0.05], "rotation": 90, "texture": "#1"},
				"up": {"uv": [0.8, 0, 1.6, 0.05], "rotation": 180, "texture": "#1"},
				"down": {"uv": [0.8, 0, 1.6, 0.05], "texture": "#1"}
			}
		},
		{
			"from": [7.55, 7.65255, 9.20239],
			"to": [8.35, 8.80255, 9.25239],
			"rotation": {"angle": -22.5, "axis": "x", "origin": [7.95, 8.21505, 10.12739]},
			"faces": {
				"north": {"uv": [0, 1.5, 0.8, 2.65], "rotation": 180, "texture": "#1"},
				"east": {"uv": [1.5, 0, 2.65, 0.05], "rotation": 270, "texture": "#1"},
				"south": {"uv": [0, 1.5, 0.8, 2.65], "texture": "#1"},
				"west": {"uv": [1.5, 0, 2.65, 0.05], "rotation": 90, "texture": "#1"},
				"up": {"uv": [0.8, 0, 1.6, 0.05], "rotation": 180, "texture": "#1"}
			}
		},
		{
			"from": [7.55, 6.73552, 9.48426],
			"to": [8.35, 7.36052, 9.53426],
			"rotation": {"angle": 0, "axis": "x", "origin": [7.95, 7.04802, 9.50926]},
			"faces": {
				"north": {"uv": [0, 1.5, 0.8, 2.125], "rotation": 180, "texture": "#1"},
				"east": {"uv": [1.5, 0, 2.125, 0.05], "rotation": 270, "texture": "#1"},
				"south": {"uv": [0, 1.5, 0.8, 2.125], "texture": "#1"},
				"west": {"uv": [1.5, 0, 2.125, 0.05], "rotation": 90, "texture": "#1"}
			}
		},
		{
			"from": [7.55, 5.81468, 9.22152],
			"to": [8.35, 6.43968, 9.27152],
			"rotation": {"angle": 22.5, "axis": "x", "origin": [7.95, 5.92718, 10.14652]},
			"faces": {
				"north": {"uv": [0, 1.5, 0.8, 2.125], "rotation": 180, "texture": "#1"},
				"east": {"uv": [1.5, 0, 2.125, 0.05], "rotation": 270, "texture": "#1"},
				"south": {"uv": [0, 1.5, 0.8, 2.125], "texture": "#1"},
				"west": {"uv": [1.5, 0, 2.125, 0.05], "rotation": 90, "texture": "#1"},
				"down": {"uv": [0.8, 0, 1.6, 0.05], "texture": "#1"}
			}
		},
		{
			"from": [7.55, 6.84899, 8.4653],
			"to": [8.35, 7.49899, 8.8403],
			"rotation": {"angle": -22.5, "axis": "x", "origin": [7.95, 8.04899, 8.6778]},
			"faces": {
				"east": {"uv": [1.5, 0, 2.15, 0.375], "rotation": 270, "texture": "#1"},
				"south": {"uv": [0, 1.5, 0.8, 2.15], "texture": "#1"},
				"west": {"uv": [1.5, 0, 2.15, 0.375], "rotation": 90, "texture": "#1"},
				"up": {"uv": [0.8, 0, 1.6, 0.375], "rotation": 180, "texture": "#1"},
				"down": {"uv": [0.8, 0, 1.6, 0.375], "texture": "#1"}
			}
		},
		{
			"from": [7.55, 5.51209, 8.93525],
			"to": [8.35, 7.01209, 9.28525],
			"rotation": {"angle": 0, "axis": "x", "origin": [7.95, 8.71209, 9.12275]},
			"faces": {
				"east": {"uv": [1.5, 0, 3, 0.35], "rotation": 270, "texture": "#1"},
				"south": {"uv": [0, 1.5, 0.8, 3], "texture": "#1"},
				"west": {"uv": [1.5, 0, 3, 0.35], "rotation": 90, "texture": "#1"},
				"up": {"uv": [0.8, 0, 1.6, 0.35], "rotation": 180, "texture": "#1"}
			}
		},
		{
			"from": [7.55, 5.56219, 9.76559],
			"to": [8.35, 6.21219, 10.14059],
			"rotation": {"angle": 22.5, "axis": "x", "origin": [7.95, 8.01219, 7.95309]},
			"faces": {
				"east": {"uv": [2.15, 0, 2.8, 0.375], "rotation": 270, "texture": "#1"},
				"south": {"uv": [0, 2.15, 0.8, 2.8], "texture": "#1"},
				"west": {"uv": [2.15, 0, 2.8, 0.375], "rotation": 90, "texture": "#1"},
				"down": {"uv": [0.8, 0.375, 1.6, 0.75], "rotation": 180, "texture": "#1"}
			}
		},
		{
			"from": [7.225, 7.475, 7.275],
			"to": [8.725, 8.625, 8.825],
			"faces": {
				"north": {"uv": [0, 0, 1.5, 1.15], "texture": "#0"},
				"east": {"uv": [0, 0, 1.55, 1.15], "texture": "#0"},
				"south": {"uv": [0, 0, 1.5, 1.15], "texture": "#0"},
				"west": {"uv": [0, 0, 1.55, 1.15], "texture": "#0"},
				"up": {"uv": [0, 0, 1.5, 1.55], "texture": "#0"}
			}
		},
		{
			"from": [7.425, 8.625, 7.275],
			"to": [8.525, 9, 8.775],
			"faces": {
				"north": {"uv": [0, 0, 1.1, 0.375], "texture": "#0"},
				"east": {"uv": [0, 0, 1.5, 0.375], "texture": "#0"},
				"south": {"uv": [0, 0, 1.1, 0.375], "texture": "#0"},
				"west": {"uv": [0, 0, 1.5, 0.375], "texture": "#0"},
				"up": {"uv": [0, 0, 1.1, 1.5], "texture": "#0"}
			}
		},
		{
			"from": [6.975, 1.975, 7.025],
			"to": [8.975, 7.625, 9.025],
			"faces": {
				"north": {"uv": [0, 0, 2, 5.65], "texture": "#0"},
				"east": {"uv": [0, 0, 2, 5.65], "texture": "#0"},
				"south": {"uv": [0, 0, 2, 5.65], "texture": "#0"},
				"west": {"uv": [0, 0, 2, 5.65], "texture": "#0"},
				"up": {"uv": [0, 0, 2, 2], "texture": "#0"},
				"down": {"uv": [0, 0, 2, 2], "texture": "#0"}
			}
		},
		{
			"from": [7.225, 1.575, 7.275],
			"to": [8.725, 2, 8.775],
			"faces": {
				"north": {"uv": [0, 0, 1.5, 0.425], "texture": "#0"},
				"east": {"uv": [0, 0, 1.5, 0.425], "texture": "#0"},
				"south": {"uv": [0, 0, 1.5, 0.425], "texture": "#0"},
				"west": {"uv": [0, 0, 1.5, 0.425], "texture": "#0"},
				"down": {"uv": [0, 0, 1.5, 1.5], "texture": "#0"}
			}
		}
	],
	"display": {
		"thirdperson_righthand": {
			"rotation": [105.16, -88.46, 105.6],
			"translation": [0.25, 2.75, 1],
			"scale": [1.16992, 1.16992, 1.16992]
		},
		"thirdperson_lefthand": {
			"rotation": [105.16, -88.46, 105.6],
			"translation": [0.25, 2.75, 1],
			"scale": [1.16992, 1.16992, 1.16992]
		},
		"firstperson_righthand": {
			"rotation": [-13, 25, 0],
			"translation": [-0.25, 6, 1.75],
			"scale": [1.38281, 1.38281, 1.38281]
		},
		"firstperson_lefthand": {
			"rotation": [-13, 25, 0],
			"translation": [-0.25, 6, 1.75],
			"scale": [1.38281, 1.38281, 1.38281]
		},
		"ground": {
			"translation": [0, 5, 0],
			"scale": [1.3418, 1.3418, 1.3418]
		},
		"gui": {
			"rotation": [69.38, 54.73, -72.92],
			"translation": [1.5, 3.25, 0],
			"scale": [1.76758, 1.76758, 1.76758]
		},
		"head": {
			"translation": [-7, -22.75, 0.5],
			"scale": [1.38867, 1.38867, 1.38867]
		},
		"fixed": {
			"rotation": [90, -68, 90],
			"translation": [-1.25, 4, -1.25],
			"scale": [2, 2, 2]
		}
	},
	"groups": [
		0,
		1,
		{
			"name": "Lineas arriba",
			"origin": [7.95, 8.425, 7.15],
			"color": 0,
			"children": [2, 3, 4, 5, 6, 7]
		},
		{
			"name": "Lineas",
			"origin": [0, 0, 0],
			"color": 0,
			"children": [8, 9, 10, 11, 12, 13, 14, 15]
		},
		{
			"name": "Manika",
			"origin": [7.95, 8.01219, 7.95309],
			"color": 0,
			"children": [16, 17, 18, 19, 20, 21, 22, 23, 24, 25, 26, 27, 28, 29, 30, 31, 32, 33, 34, 35]
		},
		{
			"name": "Cuerpo",
			"origin": [0, 0, 0],
			"color": 0,
			"children": [36, 37, 38, 39]
		}
	]
}