{
	"credit": "Made with Blockbench",
	"textures": {
		"1": "block/color/graymetal_dark",
		"2": "block/color/darkblue_two",
		"3": "block/color/lightblue",
		"4": "block/color/graymetal_lighter",
		"5": "block/color/yellow",
		"particle": "block/color/lightblue"
	},
	"elements": [
		{
			"from": [7, 10, 16],
			"to": [10, 11, 18],
			"rotation": {"angle": -45, "axis": "x", "origin": [8.5, 11.5, 17]},
			"faces": {
				"north": {"uv": [0, 0, 3, 1], "texture": "#1"},
				"east": {"uv": [0, 0, 2, 1], "texture": "#1"},
				"south": {"uv": [0, 0, 3, 1], "texture": "#1"},
				"west": {"uv": [0, 0, 2, 1], "texture": "#1"},
				"up": {"uv": [0, 0, 3, 2], "texture": "#1"},
				"down": {"uv": [0, 0, 3, 2], "texture": "#1"}
			}
		},
		{
			"from": [6, 4, 29],
			"to": [11, 11, 31],
			"faces": {
				"north": {"uv": [0, 0, 5, 7], "texture": "#1"},
				"east": {"uv": [0, 0, 2, 7], "texture": "#1"},
				"south": {"uv": [0, 0, 5, 7], "texture": "#1"},
				"west": {"uv": [0, 0, 2, 7], "texture": "#1"},
				"up": {"uv": [0, 0, 5, 2], "texture": "#1"},
				"down": {"uv": [0, 0, 5, 2], "texture": "#1"}
			}
		},
		{
			"from": [7, 10, 17],
			"to": [10, 11, 29],
			"faces": {
				"north": {"uv": [0, 0, 3, 1], "texture": "#1"},
				"east": {"uv": [0, 0, 12, 1], "texture": "#1"},
				"south": {"uv": [0, 0, 3, 1], "texture": "#1"},
				"west": {"uv": [0, 0, 12, 1], "texture": "#1"},
				"up": {"uv": [0, 0, 3, 12], "texture": "#1"},
				"down": {"uv": [0, 0, 3, 12], "texture": "#1"}
			}
		},
		{
			"from": [7, 11, 18],
			"to": [10, 12, 25],
			"faces": {
				"north": {"uv": [0, 0, 3, 1], "texture": "#1"},
				"east": {"uv": [0, 0, 7, 1], "texture": "#1"},
				"south": {"uv": [0, 0, 3, 1], "texture": "#1"},
				"west": {"uv": [0, 0, 7, 1], "texture": "#1"},
				"up": {"uv": [0, 0, 3, 7], "texture": "#1"},
				"down": {"uv": [0, 0, 3, 7], "texture": "#1"}
			}
		},
		{
			"from": [7, 10, 10],
			"to": [10, 11, 17],
			"faces": {
				"north": {"uv": [0, 0, 3, 1], "texture": "#1"},
				"east": {"uv": [0, 0, 7, 1], "texture": "#1"},
				"south": {"uv": [0, 0, 3, 1], "texture": "#1"},
				"west": {"uv": [0, 0, 7, 1], "texture": "#1"},
				"up": {"uv": [0, 0, 3, 7], "texture": "#1"},
				"down": {"uv": [0, 0, 3, 7], "texture": "#1"}
			}
		},
		{
			"from": [6, 8, 17],
			"to": [11, 10, 29],
			"faces": {
				"north": {"uv": [0, 0, 5, 2], "texture": "#1"},
				"east": {"uv": [0, 0, 12, 2], "texture": "#1"},
				"south": {"uv": [0, 0, 5, 2], "texture": "#1"},
				"west": {"uv": [0, 0, 12, 2], "texture": "#1"},
				"up": {"uv": [0, 0, 5, 12], "texture": "#1"},
				"down": {"uv": [0, 0, 5, 12], "texture": "#1"}
			}
		},
		{
			"from": [7, 6, 25],
			"to": [10, 8, 29],
			"faces": {
				"north": {"uv": [0, 0, 3, 2], "texture": "#1"},
				"east": {"uv": [0, 0, 4, 2], "texture": "#1"},
				"south": {"uv": [0, 0, 3, 2], "texture": "#1"},
				"west": {"uv": [0, 0, 4, 2], "texture": "#1"},
				"up": {"uv": [0, 0, 3, 4], "texture": "#1"},
				"down": {"uv": [0, 0, 3, 4], "texture": "#1"}
			}
		},
		{
			"from": [7, 12.12132, 24.94975],
			"to": [10, 13.12132, 26.94975],
			"rotation": {"angle": 22.5, "axis": "x", "origin": [8.5, 13.62132, 21.94975]},
			"faces": {
				"north": {"uv": [0, 0, 3, 1], "texture": "#1"},
				"east": {"uv": [0, 0, 2, 1], "texture": "#1"},
				"south": {"uv": [0, 0, 3, 1], "texture": "#1"},
				"west": {"uv": [0, 0, 2, 1], "texture": "#1"},
				"up": {"uv": [0, 0, 3, 2], "texture": "#1"},
				"down": {"uv": [0, 0, 3, 2], "texture": "#1"}
			}
		},
		{
			"from": [8, 4, 28],
			"to": [9, 6, 29],
			"faces": {
				"north": {"uv": [0, 0, 1, 2], "texture": "#1"},
				"east": {"uv": [0, 0, 1, 2], "texture": "#1"},
				"south": {"uv": [0, 0, 1, 2], "texture": "#1"},
				"west": {"uv": [0, 0, 1, 2], "texture": "#1"},
				"up": {"uv": [0, 0, 1, 1], "texture": "#1"},
				"down": {"uv": [0, 0, 1, 1], "texture": "#1"}
			}
		},
		{
			"from": [7, 4, 21],
			"to": [10, 6, 28],
			"faces": {
				"north": {"uv": [0, 0, 3, 2], "texture": "#1"},
				"east": {"uv": [0, 0, 7, 2], "texture": "#1"},
				"south": {"uv": [0, 0, 3, 2], "texture": "#1"},
				"west": {"uv": [0, 0, 7, 2], "texture": "#1"},
				"up": {"uv": [0, 0, 3, 7], "texture": "#1"},
				"down": {"uv": [0, 0, 3, 7], "texture": "#1"}
			}
		},
		{
			"from": [7, 5, 18],
			"to": [10, 7, 22],
			"rotation": {"angle": 45, "axis": "x", "origin": [8.5, 7, 20]},
			"faces": {
				"north": {"uv": [0, 0, 3, 2], "texture": "#1"},
				"east": {"uv": [0, 0, 4, 2], "texture": "#1"},
				"south": {"uv": [0, 0, 3, 2], "texture": "#1"},
				"west": {"uv": [0, 0, 4, 2], "texture": "#1"},
				"up": {"uv": [0, 0, 3, 4], "texture": "#1"},
				"down": {"uv": [0, 0, 3, 4], "texture": "#1"}
			}
		},
		{
			"from": [7, 5, 20],
			"to": [10, 6, 23],
			"rotation": {"angle": 22.5, "axis": "x", "origin": [8.5, 7, 20]},
			"faces": {
				"north": {"uv": [0, 0, 3, 1], "texture": "#1"},
				"east": {"uv": [0, 0, 3, 1], "texture": "#1"},
				"south": {"uv": [0, 0, 3, 1], "texture": "#1"},
				"west": {"uv": [0, 0, 3, 1], "texture": "#1"},
				"up": {"uv": [0, 0, 3, 3], "texture": "#1"},
				"down": {"uv": [0, 0, 3, 3], "texture": "#1"}
			}
		},
		{
			"from": [7, 8, 18],
			"to": [10, 10, 19],
			"rotation": {"angle": -22.5, "axis": "x", "origin": [8.5, 7, 20]},
			"faces": {
				"north": {"uv": [0, 0, 3, 2], "rotation": 180, "texture": "#1"},
				"east": {"uv": [0, 0, 2, 1], "rotation": 270, "texture": "#1"},
				"south": {"uv": [0, 0, 3, 2], "texture": "#1"},
				"west": {"uv": [0, 0, 2, 1], "rotation": 90, "texture": "#1"},
				"up": {"uv": [0, 0, 3, 1], "rotation": 180, "texture": "#1"},
				"down": {"uv": [0, 0, 3, 1], "texture": "#1"}
			}
		},
		{
			"from": [8, 6, 19],
			"to": [9, 8, 25],
			"faces": {
				"north": {"uv": [0, 0, 1, 2], "texture": "#1"},
				"east": {"uv": [0, 0, 6, 2], "texture": "#1"},
				"south": {"uv": [0, 0, 1, 2], "texture": "#1"},
				"west": {"uv": [0, 0, 6, 2], "texture": "#1"},
				"up": {"uv": [0, 0, 1, 6], "texture": "#1"},
				"down": {"uv": [0, 0, 1, 6], "texture": "#1"}
			}
		},
		{
			"from": [7, 3, 6],
			"to": [10, 6, 10],
			"rotation": {"angle": -22.5, "axis": "x", "origin": [0, 0, 0]},
			"faces": {
				"north": {"uv": [0, 0, 3, 3], "texture": "#1"},
				"east": {"uv": [0, 0, 4, 3], "texture": "#1"},
				"south": {"uv": [0, 0, 3, 3], "texture": "#1"},
				"west": {"uv": [0, 0, 4, 3], "texture": "#1"},
				"up": {"uv": [0, 0, 3, 4], "texture": "#1"},
				"down": {"uv": [0, 0, 3, 4], "texture": "#1"}
			}
		},
		{
			"from": [7, 2, -11],
			"to": [10, 5, -8],
			"rotation": {"angle": 22.5, "axis": "x", "origin": [0, 0, 0]},
			"faces": {
				"north": {"uv": [0, 0, 3, 3], "texture": "#1"},
				"east": {"uv": [0, 0, 3, 3], "texture": "#1"},
				"south": {"uv": [0, 0, 3, 3], "texture": "#1"},
				"west": {"uv": [0, 0, 3, 3], "texture": "#1"},
				"up": {"uv": [0, 0, 3, 3], "texture": "#1"},
				"down": {"uv": [0, 0, 3, 3], "texture": "#1"}
			}
		},
		{
			"from": [7, 5, -7],
			"to": [10, 8, 4],
			"faces": {
				"north": {"uv": [0, 0, 3, 3], "texture": "#1"},
				"east": {"uv": [0, 0, 11, 3], "texture": "#1"},
				"south": {"uv": [0, 0, 3, 3], "texture": "#1"},
				"west": {"uv": [0, 0, 11, 3], "texture": "#1"},
				"up": {"uv": [0, 0, 3, 11], "texture": "#1"},
				"down": {"uv": [0, 0, 3, 11], "texture": "#1"}
			}
		},
		{
			"from": [7, 8, -10],
			"to": [10, 10, -9],
			"faces": {
				"north": {"uv": [2.5, 6.75, 3.25, 7.25], "texture": "#4"},
				"east": {"uv": [7.5, 5, 7.75, 5.5], "texture": "#4"},
				"south": {"uv": [3.25, 6.75, 4, 7.25], "texture": "#4"},
				"west": {"uv": [5.75, 7.5, 6, 8], "texture": "#4"},
				"up": {"uv": [8.25, 1.75, 7.5, 1.5], "texture": "#4"},
				"down": {"uv": [8.25, 1.75, 7.5, 2], "texture": "#4"}
			}
		},
		{
			"from": [8, 9, -5],
			"to": [9, 11, 6],
			"faces": {
				"north": {"uv": [6.25, 7.5, 6.5, 8], "texture": "#4"},
				"east": {"uv": [4.75, 5, 7.5, 5.5], "texture": "#4"},
				"south": {"uv": [6.5, 7.5, 6.75, 8], "texture": "#4"},
				"west": {"uv": [5.5, 1, 8.25, 1.5], "texture": "#4"},
				"up": {"uv": [4.25, 8.5, 4, 5.75], "texture": "#4"},
				"down": {"uv": [4.5, 5.75, 4.25, 8.5], "texture": "#4"}
			}
		},
		{
			"from": [7, 12, -5],
			"to": [10, 13, 8],
			"faces": {
				"north": {"uv": [7.5, 2, 8.25, 2.25], "texture": "#4"},
				"east": {"uv": [5.5, 4, 8.5, 4.25], "texture": "#4"},
				"south": {"uv": [7.5, 2.25, 8.25, 2.5], "texture": "#4"},
				"west": {"uv": [5.5, 4.25, 8.5, 4.5], "texture": "#4"},
				"up": {"uv": [3.25, 4, 2.5, 1], "texture": "#4"},
				"down": {"uv": [4, 1, 3.25, 4], "texture": "#4"}
			}
		},
		{
			"from": [7, 16.02027, -9.3024],
			"to": [10, 16.52027, -5.3024],
			"rotation": {"angle": -22.5, "axis": "x", "origin": [8.5, 15.52027, 3.6976]},
			"faces": {
				"north": {"uv": [2.5, 7.5, 3.25, 7.75], "texture": "#4"},
				"east": {"uv": [2.5, 7.25, 3.75, 7.5], "texture": "#4"},
				"south": {"uv": [7.5, 2.5, 8.25, 2.75], "texture": "#4"},
				"west": {"uv": [4.75, 7.25, 6, 7.5], "texture": "#4"},
				"up": {"uv": [6.25, 2.75, 5.5, 1.5], "texture": "#4"},
				"down": {"uv": [6.25, 2.75, 5.5, 4], "texture": "#4"}
			}
		},
		{
			"from": [8, 9, -15],
			"to": [9, 10, -10],
			"faces": {
				"north": {"uv": [0, 7.75, 0.25, 8], "texture": "#4"},
				"east": {"uv": [6.25, 3.5, 8, 3.75], "texture": "#4"},
				"south": {"uv": [0.25, 7.75, 0.5, 8], "texture": "#4"},
				"west": {"uv": [6.25, 3.75, 8, 4], "texture": "#4"},
				"up": {"uv": [4.75, 7.5, 4.5, 5.75], "texture": "#4"},
				"down": {"uv": [2.5, 6.5, 2.25, 8.25], "texture": "#4"}
			}
		},
		{
			"from": [6, 8, -9],
			"to": [11, 10, 17],
			"faces": {
				"north": {"uv": [6.25, 1.5, 7.5, 2], "texture": "#4"},
				"east": {"uv": [2.5, 0, 9, 0.5], "texture": "#4"},
				"south": {"uv": [6.25, 2, 7.5, 2.5], "texture": "#4"},
				"west": {"uv": [2.5, 0.5, 9, 1], "texture": "#4"},
				"up": {"uv": [1.25, 6.5, 0, 0], "texture": "#4"},
				"down": {"uv": [2.5, 0, 1.25, 6.5], "texture": "#4"}
			}
		},
		{
			"from": [7, 10, -6.1],
			"to": [10, 12, -5],
			"faces": {
				"north": {"uv": [4.75, 6.75, 5.5, 7.25], "texture": "#4"},
				"east": {"uv": [5.5, 6.75, 6.25, 7.25], "texture": "#4"},
				"south": {"uv": [7, 5.5, 7.75, 6], "texture": "#4"},
				"west": {"uv": [7, 6, 7.75, 6.5], "texture": "#4"},
				"up": {"uv": [4, 6.75, 3.25, 6], "texture": "#4"},
				"down": {"uv": [7, 5.5, 6.25, 6.25], "texture": "#4"}
			}
		},
		{
			"from": [7, 9.6, -7.2],
			"to": [10, 11.6, -6.1],
			"faces": {
				"north": {"uv": [4.75, 6.75, 5.5, 7.25], "texture": "#4"},
				"east": {"uv": [5.5, 6.75, 6.25, 7.25], "texture": "#4"},
				"south": {"uv": [7, 5.5, 7.75, 6], "texture": "#4"},
				"west": {"uv": [7, 6, 7.75, 6.5], "texture": "#4"},
				"up": {"uv": [4, 6.75, 3.25, 6], "texture": "#4"},
				"down": {"uv": [7, 5.5, 6.25, 6.25], "texture": "#4"}
			}
		},
		{
			"from": [7, 10, -10],
			"to": [10, 11.1, -7.1],
			"faces": {
				"north": {"uv": [4.75, 6.75, 5.5, 7.25], "texture": "#4"},
				"east": {"uv": [5.5, 6.75, 6.25, 7.25], "texture": "#4"},
				"south": {"uv": [7, 5.5, 7.75, 6], "texture": "#4"},
				"west": {"uv": [7, 6, 7.75, 6.5], "texture": "#4"},
				"up": {"uv": [4, 6.75, 3.25, 6], "texture": "#4"},
				"down": {"uv": [7, 5.5, 6.25, 6.25], "texture": "#4"}
			}
		},
		{
			"from": [7, 10, 6],
			"to": [10, 12, 8.6],
			"faces": {
				"north": {"uv": [6.25, 7, 7, 7.5], "texture": "#4"},
				"east": {"uv": [7, 6.5, 7.75, 7], "texture": "#4"},
				"south": {"uv": [7, 7, 7.75, 7.5], "texture": "#4"},
				"west": {"uv": [0, 7.25, 0.75, 7.75], "texture": "#4"},
				"up": {"uv": [7, 7, 6.25, 6.25], "texture": "#4"},
				"down": {"uv": [0.75, 6.5, 0, 7.25], "texture": "#4"}
			}
		},
		{
			"from": [7, 10, 8.6],
			"to": [10, 11, 10],
			"faces": {
				"north": {"uv": [6.25, 7, 7, 7.5], "texture": "#4"},
				"east": {"uv": [7, 6.5, 7.75, 7], "texture": "#4"},
				"south": {"uv": [7, 7, 7.75, 7.5], "texture": "#4"},
				"west": {"uv": [0, 7.25, 0.75, 7.75], "texture": "#4"},
				"up": {"uv": [7, 7, 6.25, 6.25], "texture": "#4"},
				"down": {"uv": [0.75, 6.5, 0, 7.25], "texture": "#4"}
			}
		},
		{
			"from": [7.5, 8.63934, 8.8033],
			"to": [9.5, 8.93934, 11.6033],
			"rotation": {"angle": 45, "axis": "x", "origin": [8.5, 11.93934, 13.3033]},
			"faces": {
				"north": {"uv": [6, 0, 9, 2], "texture": "#missing"},
				"east": {"uv": [0, 5, 5, 7], "texture": "#missing"},
				"south": {"uv": [6, 2, 9, 4], "texture": "#1"},
				"west": {"uv": [5, 5, 10, 7], "texture": "#missing"},
				"up": {"uv": [3, 5, 0, 0], "texture": "#3"},
				"down": {"uv": [6, 0, 3, 5], "texture": "#1"}
			}
		},
		{
			"from": [6.9, 11.98977, -3.89404],
			"to": [7.2, 12.98977, -1.99404],
			"rotation": {"angle": 0, "axis": "y", "origin": [6.25, 10.48977, -3.84404]},
			"faces": {
				"north": {"uv": [0, 5, 5, 7], "rotation": 270, "texture": "#5"},
				"east": {"uv": [3, 5, 0, 0], "texture": "#5"},
				"south": {"uv": [5, 5, 10, 7], "rotation": 90, "texture": "#5"},
				"west": {"uv": [6, 0, 3, 5], "rotation": 180, "texture": "#5"},
				"up": {"uv": [6, 0, 9, 2], "rotation": 90, "texture": "#5"},
				"down": {"uv": [6, 2, 9, 4], "rotation": 90, "texture": "#5"}
			}
		},
		{
			"from": [6.95, 12.93977, -3.89404],
			"to": [10.05, 13.03977, -1.99404],
			"rotation": {"angle": 0, "axis": "y", "origin": [6.25, 10.48977, -3.84404]},
			"faces": {
				"north": {"uv": [0, 5, 5, 7], "rotation": 180, "texture": "#5"},
				"east": {"uv": [6, 0, 9, 2], "rotation": 180, "texture": "#5"},
				"south": {"uv": [5, 5, 10, 7], "rotation": 180, "texture": "#5"},
				"west": {"uv": [6, 2, 9, 4], "rotation": 180, "texture": "#5"},
				"up": {"uv": [6, 0, 3, 5], "rotation": 270, "texture": "#5"},
				"down": {"uv": [3, 5, 0, 0], "rotation": 90, "texture": "#5"}
			}
		},
		{
			"from": [7.95, 10.93977, -3.89404],
			"to": [9.05, 11.03977, -1.99404],
			"rotation": {"angle": 0, "axis": "y", "origin": [6.25, 10.48977, -3.84404]},
			"faces": {
				"north": {"uv": [0, 5, 5, 7], "rotation": 180, "texture": "#5"},
				"east": {"uv": [6, 0, 9, 2], "rotation": 180, "texture": "#5"},
				"south": {"uv": [5, 5, 10, 7], "rotation": 180, "texture": "#5"},
				"west": {"uv": [6, 2, 9, 4], "rotation": 180, "texture": "#5"},
				"up": {"uv": [6, 0, 3, 5], "rotation": 270, "texture": "#5"},
				"down": {"uv": [3, 5, 0, 0], "rotation": 90, "texture": "#5"}
			}
		},
		{
			"from": [10, 11.98977, -3.89404],
			"to": [10.1, 12.98977, -1.99404],
			"rotation": {"angle": 0, "axis": "y", "origin": [6.25, 10.48977, -3.84404]},
			"faces": {
				"north": {"uv": [0, 5, 5, 7], "rotation": 90, "texture": "#5"},
				"east": {"uv": [6, 0, 3, 5], "texture": "#5"},
				"south": {"uv": [5, 5, 10, 7], "rotation": 270, "texture": "#5"},
				"west": {"uv": [3, 5, 0, 0], "rotation": 180, "texture": "#5"},
				"up": {"uv": [6, 2, 9, 4], "rotation": 270, "texture": "#5"},
				"down": {"uv": [6, 0, 9, 2], "rotation": 270, "texture": "#5"}
			}
		},
		{
			"from": [5.95, 9.93977, -3.89404],
			"to": [8.05, 10.03977, -1.99404],
			"rotation": {"angle": 0, "axis": "y", "origin": [6.25, 10.48977, -3.84404]},
			"faces": {
				"north": {"uv": [0, 5, 5, 7], "rotation": 180, "texture": "#5"},
				"east": {"uv": [6, 0, 9, 2], "rotation": 180, "texture": "#5"},
				"south": {"uv": [5, 5, 10, 7], "rotation": 180, "texture": "#5"},
				"west": {"uv": [6, 2, 9, 4], "rotation": 180, "texture": "#5"},
				"up": {"uv": [6, 0, 3, 5], "rotation": 270, "texture": "#5"},
				"down": {"uv": [3, 5, 0, 0], "rotation": 90, "texture": "#5"}
			}
		},
		{
			"from": [5.9, 7.88977, -3.89404],
			"to": [6, 9.98977, -1.99404],
			"rotation": {"angle": 0, "axis": "y", "origin": [6.25, 10.48977, -3.84404]},
			"faces": {
				"north": {"uv": [0, 5, 5, 7], "rotation": 270, "texture": "#5"},
				"east": {"uv": [3, 5, 0, 0], "texture": "#5"},
				"south": {"uv": [5, 5, 10, 7], "rotation": 90, "texture": "#5"},
				"west": {"uv": [6, 0, 3, 5], "rotation": 180, "texture": "#5"},
				"up": {"uv": [6, 0, 9, 2], "rotation": 90, "texture": "#5"},
				"down": {"uv": [6, 2, 9, 4], "rotation": 90, "texture": "#5"}
			}
		},
		{
			"from": [5.95, 7.83977, -3.89404],
			"to": [7.05, 7.93977, -1.99404],
			"rotation": {"angle": 0, "axis": "y", "origin": [6.25, 10.48977, -3.84404]},
			"faces": {
				"north": {"uv": [0, 5, 5, 7], "texture": "#5"},
				"east": {"uv": [6, 2, 9, 4], "texture": "#5"},
				"south": {"uv": [5, 5, 10, 7], "texture": "#5"},
				"west": {"uv": [6, 0, 9, 2], "texture": "#5"},
				"up": {"uv": [3, 5, 0, 0], "rotation": 270, "texture": "#5"},
				"down": {"uv": [6, 0, 3, 5], "rotation": 90, "texture": "#5"}
			}
		},
		{
			"from": [6.9, 11.98977, 0.10596],
			"to": [7.2, 12.98977, 0.70596],
			"rotation": {"angle": 0, "axis": "y", "origin": [6.25, 10.48977, -3.84404]},
			"faces": {
				"north": {"uv": [0, 5, 5, 7], "rotation": 270, "texture": "#5"},
				"east": {"uv": [3, 5, 0, 0], "texture": "#5"},
				"south": {"uv": [5, 5, 10, 7], "rotation": 90, "texture": "#5"},
				"west": {"uv": [6, 0, 3, 5], "rotation": 180, "texture": "#5"},
				"up": {"uv": [6, 0, 9, 2], "rotation": 90, "texture": "#5"},
				"down": {"uv": [6, 2, 9, 4], "rotation": 90, "texture": "#5"}
			}
		},
		{
			"from": [6.95, 12.93977, 0.10596],
			"to": [10.05, 13.03977, 0.70596],
			"rotation": {"angle": 0, "axis": "y", "origin": [6.25, 10.48977, -3.84404]},
			"faces": {
				"north": {"uv": [0, 5, 5, 7], "rotation": 180, "texture": "#5"},
				"east": {"uv": [6, 0, 9, 2], "rotation": 180, "texture": "#5"},
				"south": {"uv": [5, 5, 10, 7], "rotation": 180, "texture": "#5"},
				"west": {"uv": [6, 2, 9, 4], "rotation": 180, "texture": "#5"},
				"up": {"uv": [6, 0, 3, 5], "rotation": 270, "texture": "#5"},
				"down": {"uv": [3, 5, 0, 0], "rotation": 90, "texture": "#5"}
			}
		},
		{
			"from": [10, 11.98977, 0.10596],
			"to": [10.1, 12.98977, 0.70596],
			"rotation": {"angle": 0, "axis": "y", "origin": [6.25, 10.48977, -3.84404]},
			"faces": {
				"north": {"uv": [0, 5, 5, 7], "rotation": 90, "texture": "#5"},
				"east": {"uv": [6, 0, 3, 5], "texture": "#5"},
				"south": {"uv": [5, 5, 10, 7], "rotation": 270, "texture": "#5"},
				"west": {"uv": [3, 5, 0, 0], "rotation": 180, "texture": "#5"},
				"up": {"uv": [6, 2, 9, 4], "rotation": 270, "texture": "#5"},
				"down": {"uv": [6, 0, 9, 2], "rotation": 270, "texture": "#5"}
			}
		},
		{
			"from": [9.95, 7.83977, 0.10596],
			"to": [11.05, 7.93977, 0.70596],
			"rotation": {"angle": 0, "axis": "y", "origin": [9.75, 10.48977, -3.84404]},
			"faces": {
				"north": {"uv": [5, 5, 0, 7], "texture": "#5"},
				"east": {"uv": [9, 0, 6, 2], "texture": "#5"},
				"south": {"uv": [10, 5, 5, 7], "texture": "#5"},
				"west": {"uv": [9, 2, 6, 4], "texture": "#5"},
				"up": {"uv": [3, 0, 0, 5], "rotation": 270, "texture": "#5"},
				"down": {"uv": [6, 5, 3, 0], "rotation": 90, "texture": "#5"}
			}
		},
		{
			"from": [11, 7.88977, 0.10596],
			"to": [11.1, 9.98977, 0.70596],
			"rotation": {"angle": 0, "axis": "y", "origin": [9.75, 10.48977, -3.84404]},
			"faces": {
				"north": {"uv": [0, 7, 5, 5], "rotation": 270, "texture": "#5"},
				"east": {"uv": [3, 0, 6, 5], "rotation": 180, "texture": "#5"},
				"south": {"uv": [5, 7, 10, 5], "rotation": 90, "texture": "#5"},
				"west": {"uv": [0, 5, 3, 0], "texture": "#5"},
				"up": {"uv": [6, 2, 9, 0], "rotation": 90, "texture": "#5"},
				"down": {"uv": [6, 4, 9, 2], "rotation": 90, "texture": "#5"}
			}
		},
		{
			"from": [8.95, 9.93977, 0.10596],
			"to": [11.05, 10.03977, 0.70596],
			"rotation": {"angle": 0, "axis": "y", "origin": [9.75, 10.48977, -3.84404]},
			"faces": {
				"north": {"uv": [5, 5, 0, 7], "rotation": 180, "texture": "#5"},
				"east": {"uv": [9, 2, 6, 4], "rotation": 180, "texture": "#5"},
				"south": {"uv": [10, 5, 5, 7], "rotation": 180, "texture": "#5"},
				"west": {"uv": [9, 0, 6, 2], "rotation": 180, "texture": "#5"},
				"up": {"uv": [6, 5, 3, 0], "rotation": 270, "texture": "#5"},
				"down": {"uv": [3, 0, 0, 5], "rotation": 90, "texture": "#5"}
			}
		},
		{
			"from": [7.9, 9.98977, 0.10596],
			"to": [8, 10.98977, 0.70596],
			"rotation": {"angle": 0, "axis": "y", "origin": [6.25, 10.48977, -3.84404]},
			"faces": {
				"north": {"uv": [0, 5, 5, 7], "rotation": 270, "texture": "#5"},
				"east": {"uv": [3, 5, 0, 0], "texture": "#5"},
				"south": {"uv": [5, 5, 10, 7], "rotation": 90, "texture": "#5"},
				"west": {"uv": [6, 0, 3, 5], "rotation": 180, "texture": "#5"},
				"up": {"uv": [6, 0, 9, 2], "rotation": 90, "texture": "#5"},
				"down": {"uv": [6, 2, 9, 4], "rotation": 90, "texture": "#5"}
			}
		},
		{
			"from": [7.95, 10.93977, 0.10596],
			"to": [9.05, 11.03977, 0.70596],
			"rotation": {"angle": 0, "axis": "y", "origin": [6.25, 10.48977, -3.84404]},
			"faces": {
				"north": {"uv": [0, 5, 5, 7], "rotation": 180, "texture": "#5"},
				"east": {"uv": [6, 0, 9, 2], "rotation": 180, "texture": "#5"},
				"south": {"uv": [5, 5, 10, 7], "rotation": 180, "texture": "#5"},
				"west": {"uv": [6, 2, 9, 4], "rotation": 180, "texture": "#5"},
				"up": {"uv": [6, 0, 3, 5], "rotation": 270, "texture": "#5"},
				"down": {"uv": [3, 5, 0, 0], "rotation": 90, "texture": "#5"}
			}
		},
		{
			"from": [5.95, 9.93977, 0.10596],
			"to": [8.05, 10.03977, 0.70596],
			"rotation": {"angle": 0, "axis": "y", "origin": [6.25, 10.48977, -3.84404]},
			"faces": {
				"north": {"uv": [0, 5, 5, 7], "rotation": 180, "texture": "#5"},
				"east": {"uv": [6, 0, 9, 2], "rotation": 180, "texture": "#5"},
				"south": {"uv": [5, 5, 10, 7], "rotation": 180, "texture": "#5"},
				"west": {"uv": [6, 2, 9, 4], "rotation": 180, "texture": "#5"},
				"up": {"uv": [6, 0, 3, 5], "rotation": 270, "texture": "#5"},
				"down": {"uv": [3, 5, 0, 0], "rotation": 90, "texture": "#5"}
			}
		},
		{
			"from": [5.9, 7.88977, 0.10596],
			"to": [6, 9.98977, 0.70596],
			"rotation": {"angle": 0, "axis": "y", "origin": [6.25, 10.48977, -3.84404]},
			"faces": {
				"north": {"uv": [0, 5, 5, 7], "rotation": 270, "texture": "#5"},
				"east": {"uv": [3, 5, 0, 0], "texture": "#5"},
				"south": {"uv": [5, 5, 10, 7], "rotation": 90, "texture": "#5"},
				"west": {"uv": [6, 0, 3, 5], "rotation": 180, "texture": "#5"},
				"up": {"uv": [6, 0, 9, 2], "rotation": 90, "texture": "#5"},
				"down": {"uv": [6, 2, 9, 4], "rotation": 90, "texture": "#5"}
			}
		},
		{
			"from": [5.95, 7.83977, 0.10596],
			"to": [7.05, 7.93977, 0.70596],
			"rotation": {"angle": 0, "axis": "y", "origin": [6.25, 10.48977, -3.84404]},
			"faces": {
				"north": {"uv": [0, 5, 5, 7], "texture": "#5"},
				"east": {"uv": [6, 2, 9, 4], "texture": "#5"},
				"south": {"uv": [5, 5, 10, 7], "texture": "#5"},
				"west": {"uv": [6, 0, 9, 2], "texture": "#5"},
				"up": {"uv": [3, 5, 0, 0], "rotation": 270, "texture": "#5"},
				"down": {"uv": [6, 0, 3, 5], "rotation": 90, "texture": "#5"}
			}
		},
		{
			"from": [7.9, 9.98977, -3.89404],
			"to": [8, 10.98977, -1.99404],
			"rotation": {"angle": 0, "axis": "y", "origin": [6.25, 10.48977, -3.84404]},
			"faces": {
				"north": {"uv": [0, 5, 5, 7], "rotation": 270, "texture": "#5"},
				"east": {"uv": [3, 5, 0, 0], "texture": "#5"},
				"south": {"uv": [5, 5, 10, 7], "rotation": 90, "texture": "#5"},
				"west": {"uv": [6, 0, 3, 5], "rotation": 180, "texture": "#5"},
				"up": {"uv": [6, 0, 9, 2], "rotation": 90, "texture": "#5"},
				"down": {"uv": [6, 2, 9, 4], "rotation": 90, "texture": "#5"}
			}
		},
		{
			"from": [9.95, 7.83977, -3.89404],
			"to": [11.05, 7.93977, -1.99404],
			"rotation": {"angle": 0, "axis": "y", "origin": [9.75, 10.48977, -3.84404]},
			"faces": {
				"north": {"uv": [5, 5, 0, 7], "texture": "#5"},
				"east": {"uv": [9, 0, 6, 2], "texture": "#5"},
				"south": {"uv": [10, 5, 5, 7], "texture": "#5"},
				"west": {"uv": [9, 2, 6, 4], "texture": "#5"},
				"up": {"uv": [3, 0, 0, 5], "rotation": 270, "texture": "#5"},
				"down": {"uv": [6, 5, 3, 0], "rotation": 90, "texture": "#5"}
			}
		},
		{
			"from": [11, 7.88977, -3.89404],
			"to": [11.1, 9.98977, -1.99404],
			"rotation": {"angle": 0, "axis": "y", "origin": [9.75, 10.48977, -3.84404]},
			"faces": {
				"north": {"uv": [0, 7, 5, 5], "rotation": 270, "texture": "#5"},
				"east": {"uv": [3, 0, 6, 5], "rotation": 180, "texture": "#5"},
				"south": {"uv": [5, 7, 10, 5], "rotation": 90, "texture": "#5"},
				"west": {"uv": [0, 5, 3, 0], "texture": "#5"},
				"up": {"uv": [6, 2, 9, 0], "rotation": 90, "texture": "#5"},
				"down": {"uv": [6, 4, 9, 2], "rotation": 90, "texture": "#5"}
			}
		},
		{
			"from": [8.95, 9.93977, -3.89404],
			"to": [11.05, 10.03977, -1.99404],
			"rotation": {"angle": 0, "axis": "y", "origin": [9.75, 10.48977, -3.84404]},
			"faces": {
				"north": {"uv": [5, 5, 0, 7], "rotation": 180, "texture": "#5"},
				"east": {"uv": [9, 2, 6, 4], "rotation": 180, "texture": "#5"},
				"south": {"uv": [10, 5, 5, 7], "rotation": 180, "texture": "#5"},
				"west": {"uv": [9, 0, 6, 2], "rotation": 180, "texture": "#5"},
				"up": {"uv": [6, 5, 3, 0], "rotation": 270, "texture": "#5"},
				"down": {"uv": [3, 0, 0, 5], "rotation": 90, "texture": "#5"}
			}
		},
		{
			"from": [9, 9.98977, 0.10596],
			"to": [9.1, 10.98977, 0.70596],
			"rotation": {"angle": 0, "axis": "y", "origin": [9.75, 10.48977, -3.84404]},
			"faces": {
				"north": {"uv": [0, 7, 5, 5], "rotation": 270, "texture": "#5"},
				"east": {"uv": [3, 0, 6, 5], "rotation": 180, "texture": "#5"},
				"south": {"uv": [5, 7, 10, 5], "rotation": 90, "texture": "#5"},
				"west": {"uv": [0, 5, 3, 0], "texture": "#5"},
				"up": {"uv": [6, 2, 9, 0], "rotation": 90, "texture": "#5"},
				"down": {"uv": [6, 4, 9, 2], "rotation": 90, "texture": "#5"}
			}
		},
		{
			"from": [9.5, 9.34645, 9.09619],
			"to": [10, 9.64645, 11.89619],
			"rotation": {"angle": 45, "axis": "x", "origin": [8.5, 12.64645, 12.59619]},
			"faces": {
				"north": {"uv": [6, 0, 9, 2], "texture": "#missing"},
				"east": {"uv": [0, 5, 5, 7], "texture": "#1"},
				"south": {"uv": [6, 2, 9, 4], "texture": "#1"},
				"west": {"uv": [5, 5, 10, 7], "texture": "#missing"},
				"up": {"uv": [3, 5, 0, 0], "texture": "#1"},
				"down": {"uv": [6, 0, 3, 5], "texture": "#1"}
			}
		},
		{
			"from": [7, 9.34645, 9.09619],
			"to": [7.5, 9.64645, 11.89619],
			"rotation": {"angle": 45, "axis": "x", "origin": [8.5, 12.64645, 12.59619]},
			"faces": {
				"north": {"uv": [6, 0, 9, 2], "texture": "#missing"},
				"east": {"uv": [0, 5, 5, 7], "texture": "#1"},
				"south": {"uv": [6, 2, 9, 4], "texture": "#1"},
				"west": {"uv": [5, 5, 10, 7], "texture": "#1"},
				"up": {"uv": [3, 5, 0, 0], "texture": "#1"},
				"down": {"uv": [6, 0, 3, 5], "texture": "#1"}
			}
		},
		{
			"from": [7, 7, 7],
			"to": [10, 8, 18],
			"faces": {
				"north": {"uv": [7.5, 2.75, 8.25, 3], "texture": "#4"},
				"east": {"uv": [5.5, 4.5, 8.25, 4.75], "texture": "#4"},
				"south": {"uv": [7.5, 3, 8.25, 3.25], "texture": "#4"},
				"west": {"uv": [5.5, 4.75, 8.25, 5], "texture": "#4"},
				"up": {"uv": [4.75, 3.75, 4, 1], "texture": "#4"},
				"down": {"uv": [3.25, 4, 2.5, 6.75], "texture": "#4"}
			}
		},
		{
			"from": [8, 5.20848, 9.15744],
			"to": [9, 8.20848, 10.15744],
			"rotation": {"angle": 0, "axis": "y", "origin": [9.5, 1.70848, 10.65744]},
			"faces": {
				"north": {"uv": [3.75, 7.25, 4, 8], "texture": "#4"},
				"east": {"uv": [6, 7.25, 6.25, 8], "texture": "#4"},
				"south": {"uv": [3.25, 7.5, 3.5, 8.25], "texture": "#4"},
				"west": {"uv": [3.5, 7.5, 3.75, 8.25], "texture": "#4"},
				"up": {"uv": [0.75, 8, 0.5, 7.75], "texture": "#4"},
				"down": {"uv": [1, 7.75, 0.75, 8], "texture": "#4"}
			}
		},
		{
			"from": [8, 3.20848, 12.15744],
			"to": [9, 5.20848, 13.15744],
			"rotation": {"angle": -45, "axis": "x", "origin": [9.5, 1.70848, 10.65744]},
			"faces": {
				"north": {"uv": [6.75, 7.5, 7, 8], "texture": "#4"},
				"east": {"uv": [7, 7.5, 7.25, 8], "texture": "#4"},
				"south": {"uv": [7.25, 7.5, 7.5, 8], "texture": "#4"},
				"west": {"uv": [7.5, 7.5, 7.75, 8], "texture": "#4"},
				"up": {"uv": [1.25, 8, 1, 7.75], "texture": "#4"},
				"down": {"uv": [1.5, 7.75, 1.25, 8], "texture": "#4"}
			}
		},
		{
			"from": [8, 4.20848, 10.15744],
			"to": [9, 5.20848, 13.15744],
			"rotation": {"angle": 0, "axis": "y", "origin": [9.5, 1.70848, 10.65744]},
			"faces": {
				"north": {"uv": [1.5, 7.75, 1.75, 8], "texture": "#4"},
				"east": {"uv": [7.5, 3.25, 8.25, 3.5], "texture": "#4"},
				"south": {"uv": [1.75, 7.75, 2, 8], "texture": "#4"},
				"west": {"uv": [4.5, 7.5, 5.25, 7.75], "texture": "#4"},
				"up": {"uv": [5.5, 8.25, 5.25, 7.5], "texture": "#4"},
				"down": {"uv": [5.75, 7.5, 5.5, 8.25], "texture": "#4"}
			}
		},
		{
			"from": [7, -5, 13],
			"to": [10, 3, 16],
			"rotation": {"angle": -22.5, "axis": "x", "origin": [0, 0, 0]},
			"faces": {
				"north": {"uv": [3.25, 4, 4, 6], "texture": "#4"},
				"east": {"uv": [4, 3.75, 4.75, 5.75], "texture": "#4"},
				"south": {"uv": [4.75, 1, 5.5, 3], "texture": "#4"},
				"west": {"uv": [4.75, 3, 5.5, 5], "texture": "#4"},
				"up": {"uv": [1.5, 7.25, 0.75, 6.5], "texture": "#4"},
				"down": {"uv": [2.25, 6.5, 1.5, 7.25], "texture": "#4"}
			}
		},
		{
			"from": [8, 13, 4],
			"to": [9, 14, 6],
			"faces": {
				"north": {"uv": [0, 0, 1, 1], "texture": "#4"},
				"east": {"uv": [0, 0, 2, 1], "texture": "#4"},
				"south": {"uv": [0, 0, 1, 1], "texture": "#4"},
				"west": {"uv": [0, 0, 2, 1], "texture": "#4"},
				"up": {"uv": [0, 0, 1, 2], "texture": "#4"},
				"down": {"uv": [0, 0, 1, 2], "texture": "#4"}
			}
		},
		{
			"from": [8, 13, 2],
			"to": [9, 14, 3],
			"faces": {
				"north": {"uv": [0, 0, 1, 1], "texture": "#4"},
				"east": {"uv": [0, 0, 1, 1], "texture": "#4"},
				"south": {"uv": [0, 0, 1, 1], "texture": "#4"},
				"west": {"uv": [0, 0, 1, 1], "texture": "#4"},
				"up": {"uv": [0, 0, 1, 1], "texture": "#4"},
				"down": {"uv": [0, 0, 1, 1], "texture": "#4"}
			}
		},
		{
			"from": [7.2, 14, 0],
			"to": [9.8, 15.8, 8],
			"faces": {
				"north": {"uv": [6, 6, 9, 9], "texture": "#2"},
				"east": {"uv": [0, 0, 8, 3], "texture": "#1"},
				"south": {"uv": [8, 0, 11, 3], "texture": "#2"},
				"west": {"uv": [0, 3, 8, 6], "texture": "#1"},
				"up": {"uv": [3, 14, 0, 6], "texture": "#1"},
				"down": {"uv": [6, 6, 3, 14], "texture": "#1"}
			}
		}
	],
	"display": {
		"thirdperson_righthand": {
			"translation": [0, 0.75, -1.5],
			"scale": [0.50977, 0.50977, 0.50977]
		},
		"thirdperson_lefthand": {
			"translation": [0, 0.75, -1.5],
			"scale": [0.50977, 0.50977, 0.50977]
		},
		"firstperson_righthand": {
			"scale": [1, 1.18, 1]
		},
		"firstperson_lefthand": {
			"scale": [1, 1.18, 1]
		},
		"ground": {
			"translation": [0, 4, 0]
		},
		"fixed": {
			"rotation": [101, 55.13, -101],
			"translation": [0, 0, -6.75]
		}
	},
	"groups": [
		{
			"name": "Culata",
			"origin": [8.5, 13.62132, 21.94975],
			"color": 0,
			"children": [0, 1, 2, 3, 4, 5, 6, 7, 8, 9, 10, 11, 12, 13, 14, 15, 16]
		},
		{
			"name": "Cuerpo",
			"origin": [0, 0, 0],
			"color": 3,
			"children": [17, 18, 19, 20, 21, 22, 23, 24, 25, 26, 27, 28, 29, 30, 31, 32, 33, 34, 35, 36, 37, 38, 39, 40, 41, 42, 43, 44, 45, 46, 47, 48, 49, 50, 51, 52, 53, 54, 55, 56, 57, 58]
		},
		{
			"name": "Mira",
			"origin": [0, 0, 0],
			"color": 0,
			"children": [59, 60, 61]
		}
	]
}