{
	"credit": "Made with Blockbench",
	"textures": {
		"1": "block/color/graymetal_dark",
		"2": "block/color/darkblue_two",
		"4": "block/color/yellow",
		"5": "block/color/silver",
		"6": "block/color/graymetal_lighter",
		"7": "block/color/lightblue",
		"8": "block/color/bluelines",
		"9": "block/color/red",
		"particle": "block/color/yellow"
	},
	"elements": [
		{
			"from": [7, 10, 16],
			"to": [10, 11, 18],
			"rotation": {"angle": -45, "axis": "x", "origin": [8.5, 11.5, 17]},
			"faces": {
				"north": {"uv": [0, 0, 3, 1], "texture": "#1"},
				"east": {"uv": [0, 0, 2, 1], "texture": "#1"},
				"south": {"uv": [0, 0, 3, 1], "texture": "#1"},
				"west": {"uv": [0, 0, 2, 1], "texture": "#1"},
				"up": {"uv": [0, 0, 3, 2], "texture": "#1"},
				"down": {"uv": [0, 0, 3, 2], "texture": "#1"}
			}
		},
		{
			"from": [6, 4, 29],
			"to": [11, 11, 31],
			"faces": {
				"north": {"uv": [0, 0, 5, 7], "texture": "#1"},
				"east": {"uv": [0, 0, 2, 7], "texture": "#1"},
				"south": {"uv": [0, 0, 5, 7], "texture": "#1"},
				"west": {"uv": [0, 0, 2, 7], "texture": "#1"},
				"up": {"uv": [0, 0, 5, 2], "texture": "#1"},
				"down": {"uv": [0, 0, 5, 2], "texture": "#1"}
			}
		},
		{
			"from": [7, 10, 17],
			"to": [10, 11, 29],
			"faces": {
				"north": {"uv": [0, 0, 3, 1], "texture": "#1"},
				"east": {"uv": [0, 0, 12, 1], "texture": "#1"},
				"south": {"uv": [0, 0, 3, 1], "texture": "#1"},
				"west": {"uv": [0, 0, 12, 1], "texture": "#1"},
				"up": {"uv": [0, 0, 3, 12], "texture": "#1"},
				"down": {"uv": [0, 0, 3, 12], "texture": "#1"}
			}
		},
		{
			"from": [7, 11, 18],
			"to": [10, 12, 25],
			"faces": {
				"north": {"uv": [0, 0, 3, 1], "texture": "#1"},
				"east": {"uv": [0, 0, 7, 1], "texture": "#1"},
				"south": {"uv": [0, 0, 3, 1], "texture": "#1"},
				"west": {"uv": [0, 0, 7, 1], "texture": "#1"},
				"up": {"uv": [0, 0, 3, 7], "texture": "#1"},
				"down": {"uv": [0, 0, 3, 7], "texture": "#1"}
			}
		},
		{
			"from": [7, 10, 10],
			"to": [10, 11, 17],
			"faces": {
				"north": {"uv": [0, 0, 3, 1], "texture": "#1"},
				"east": {"uv": [0, 0, 7, 1], "texture": "#1"},
				"south": {"uv": [0, 0, 3, 1], "texture": "#1"},
				"west": {"uv": [0, 0, 7, 1], "texture": "#1"},
				"up": {"uv": [0, 0, 3, 7], "texture": "#1"},
				"down": {"uv": [0, 0, 3, 7], "texture": "#1"}
			}
		},
		{
			"from": [6, 8, 17],
			"to": [11, 10, 29],
			"faces": {
				"north": {"uv": [0, 0, 5, 2], "texture": "#1"},
				"east": {"uv": [0, 0, 12, 2], "texture": "#1"},
				"south": {"uv": [0, 0, 5, 2], "texture": "#1"},
				"west": {"uv": [0, 0, 12, 2], "texture": "#1"},
				"up": {"uv": [0, 0, 5, 12], "texture": "#1"},
				"down": {"uv": [0, 0, 5, 12], "texture": "#1"}
			}
		},
		{
			"from": [7, 6, 25],
			"to": [10, 8, 29],
			"faces": {
				"north": {"uv": [0, 0, 3, 2], "texture": "#1"},
				"east": {"uv": [0, 0, 4, 2], "texture": "#1"},
				"south": {"uv": [0, 0, 3, 2], "texture": "#1"},
				"west": {"uv": [0, 0, 4, 2], "texture": "#1"},
				"up": {"uv": [0, 0, 3, 4], "texture": "#1"},
				"down": {"uv": [0, 0, 3, 4], "texture": "#1"}
			}
		},
		{
			"from": [7, 12.12132, 24.94975],
			"to": [10, 13.12132, 26.94975],
			"rotation": {"angle": 22.5, "axis": "x", "origin": [8.5, 13.62132, 21.94975]},
			"faces": {
				"north": {"uv": [0, 0, 3, 1], "texture": "#1"},
				"east": {"uv": [0, 0, 2, 1], "texture": "#1"},
				"south": {"uv": [0, 0, 3, 1], "texture": "#1"},
				"west": {"uv": [0, 0, 2, 1], "texture": "#1"},
				"up": {"uv": [0, 0, 3, 2], "texture": "#1"},
				"down": {"uv": [0, 0, 3, 2], "texture": "#1"}
			}
		},
		{
			"from": [8, 4, 28],
			"to": [9, 6, 29],
			"faces": {
				"north": {"uv": [0, 0, 1, 2], "texture": "#1"},
				"east": {"uv": [0, 0, 1, 2], "texture": "#1"},
				"south": {"uv": [0, 0, 1, 2], "texture": "#1"},
				"west": {"uv": [0, 0, 1, 2], "texture": "#1"},
				"up": {"uv": [0, 0, 1, 1], "texture": "#1"},
				"down": {"uv": [0, 0, 1, 1], "texture": "#1"}
			}
		},
		{
			"from": [7, 4, 21],
			"to": [10, 6, 28],
			"faces": {
				"north": {"uv": [0, 0, 3, 2], "texture": "#1"},
				"east": {"uv": [0, 0, 7, 2], "texture": "#1"},
				"south": {"uv": [0, 0, 3, 2], "texture": "#1"},
				"west": {"uv": [0, 0, 7, 2], "texture": "#1"},
				"up": {"uv": [0, 0, 3, 7], "texture": "#1"},
				"down": {"uv": [0, 0, 3, 7], "texture": "#1"}
			}
		},
		{
			"from": [7, 5, 18],
			"to": [10, 7, 22],
			"rotation": {"angle": 45, "axis": "x", "origin": [8.5, 7, 20]},
			"faces": {
				"north": {"uv": [0, 0, 3, 2], "texture": "#1"},
				"east": {"uv": [0, 0, 4, 2], "texture": "#1"},
				"south": {"uv": [0, 0, 3, 2], "texture": "#1"},
				"west": {"uv": [0, 0, 4, 2], "texture": "#1"},
				"up": {"uv": [0, 0, 3, 4], "texture": "#1"},
				"down": {"uv": [0, 0, 3, 4], "texture": "#1"}
			}
		},
		{
			"from": [7, 5, 20],
			"to": [10, 6, 23],
			"rotation": {"angle": 22.5, "axis": "x", "origin": [8.5, 7, 20]},
			"faces": {
				"north": {"uv": [0, 0, 3, 1], "texture": "#1"},
				"east": {"uv": [0, 0, 3, 1], "texture": "#1"},
				"south": {"uv": [0, 0, 3, 1], "texture": "#1"},
				"west": {"uv": [0, 0, 3, 1], "texture": "#1"},
				"up": {"uv": [0, 0, 3, 3], "texture": "#1"},
				"down": {"uv": [0, 0, 3, 3], "texture": "#1"}
			}
		},
		{
			"from": [7, 8, 18],
			"to": [10, 10, 19],
			"rotation": {"angle": -22.5, "axis": "x", "origin": [8.5, 7, 20]},
			"faces": {
				"north": {"uv": [0, 0, 3, 2], "rotation": 180, "texture": "#1"},
				"east": {"uv": [0, 0, 2, 1], "rotation": 270, "texture": "#1"},
				"south": {"uv": [0, 0, 3, 2], "texture": "#1"},
				"west": {"uv": [0, 0, 2, 1], "rotation": 90, "texture": "#1"},
				"up": {"uv": [0, 0, 3, 1], "rotation": 180, "texture": "#1"},
				"down": {"uv": [0, 0, 3, 1], "texture": "#1"}
			}
		},
		{
			"from": [8, 6, 19],
			"to": [9, 8, 25],
			"faces": {
				"north": {"uv": [0, 0, 1, 2], "texture": "#1"},
				"east": {"uv": [0, 0, 6, 2], "texture": "#1"},
				"south": {"uv": [0, 0, 1, 2], "texture": "#1"},
				"west": {"uv": [0, 0, 6, 2], "texture": "#1"},
				"up": {"uv": [0, 0, 1, 6], "texture": "#1"},
				"down": {"uv": [0, 0, 1, 6], "texture": "#1"}
			}
		},
		{
			"from": [7, 3, 6],
			"to": [10, 6, 10],
			"rotation": {"angle": -22.5, "axis": "x", "origin": [0, 0, 0]},
			"faces": {
				"north": {"uv": [0, 0, 3, 3], "texture": "#1"},
				"east": {"uv": [0, 0, 4, 3], "texture": "#1"},
				"south": {"uv": [0, 0, 3, 3], "texture": "#1"},
				"west": {"uv": [0, 0, 4, 3], "texture": "#1"},
				"up": {"uv": [0, 0, 3, 4], "texture": "#1"},
				"down": {"uv": [0, 0, 3, 4], "texture": "#1"}
			}
		},
		{
			"from": [7, 2, -11],
			"to": [10, 5, -8],
			"rotation": {"angle": 22.5, "axis": "x", "origin": [0, 0, 0]},
			"faces": {
				"north": {"uv": [0, 0, 3, 3], "texture": "#1"},
				"east": {"uv": [0, 0, 3, 3], "texture": "#1"},
				"south": {"uv": [0, 0, 3, 3], "texture": "#1"},
				"west": {"uv": [0, 0, 3, 3], "texture": "#1"},
				"up": {"uv": [0, 0, 3, 3], "texture": "#1"},
				"down": {"uv": [0, 0, 3, 3], "texture": "#1"}
			}
		},
		{
			"from": [7, 5, -7],
			"to": [10, 8, 4],
			"faces": {
				"north": {"uv": [0, 0, 3, 3], "texture": "#1"},
				"east": {"uv": [0, 0, 11, 3], "texture": "#1"},
				"south": {"uv": [0, 0, 3, 3], "texture": "#1"},
				"west": {"uv": [0, 0, 11, 3], "texture": "#1"},
				"up": {"uv": [0, 0, 3, 11], "texture": "#1"},
				"down": {"uv": [0, 0, 3, 11], "texture": "#1"}
			}
		},
		{
			"from": [7, 8.775, -10],
			"to": [10, 10, -7.2],
			"faces": {
				"north": {"uv": [2.5, 6.75, 3.25, 7.25], "texture": "#1"},
				"east": {"uv": [7.5, 5, 7.75, 5.5], "texture": "#1"},
				"south": {"uv": [3.25, 6.75, 4, 7.25], "texture": "#1"},
				"west": {"uv": [5.75, 7.5, 6, 8], "texture": "#1"},
				"up": {"uv": [8.25, 1.75, 7.5, 1.5], "texture": "#1"},
				"down": {"uv": [8.25, 1.75, 7.5, 2], "texture": "#1"}
			}
		},
		{
			"from": [8, 9, -5],
			"to": [9, 11, 6],
			"faces": {
				"north": {"uv": [6.25, 7.5, 6.5, 8], "texture": "#1"},
				"east": {"uv": [4.75, 5, 7.5, 5.5], "texture": "#1"},
				"south": {"uv": [6.5, 7.5, 6.75, 8], "texture": "#1"},
				"west": {"uv": [5.5, 1, 8.25, 1.5], "texture": "#1"},
				"up": {"uv": [4.25, 8.5, 4, 5.75], "texture": "#1"},
				"down": {"uv": [4.5, 5.75, 4.25, 8.5], "texture": "#1"}
			}
		},
		{
			"from": [7, 12, -5],
			"to": [10, 13, 8],
			"faces": {
				"north": {"uv": [7.5, 2, 8.25, 2.25], "texture": "#1"},
				"east": {"uv": [5.5, 4, 8.5, 4.25], "texture": "#1"},
				"south": {"uv": [7.5, 2.25, 8.25, 2.5], "texture": "#1"},
				"west": {"uv": [5.5, 4.25, 8.5, 4.5], "texture": "#1"},
				"up": {"uv": [3.25, 4, 2.5, 1], "texture": "#1"},
				"down": {"uv": [4, 1, 3.25, 4], "texture": "#1"}
			}
		},
		{
			"from": [7, 16.02027, -9.3024],
			"to": [10, 16.52027, -5.3024],
			"rotation": {"angle": -22.5, "axis": "x", "origin": [8.5, 15.52027, 3.6976]},
			"faces": {
				"north": {"uv": [2.5, 7.5, 3.25, 7.75], "texture": "#1"},
				"east": {"uv": [2.5, 7.25, 3.75, 7.5], "texture": "#1"},
				"south": {"uv": [7.5, 2.5, 8.25, 2.75], "texture": "#1"},
				"west": {"uv": [4.75, 7.25, 6, 7.5], "texture": "#1"},
				"up": {"uv": [6.25, 2.75, 5.5, 1.5], "texture": "#1"},
				"down": {"uv": [6.25, 2.75, 5.5, 4], "texture": "#1"}
			}
		},
		{
			"from": [8, 9, -15],
			"to": [9, 10, -10],
			"faces": {
				"north": {"uv": [0, 7.75, 0.25, 8], "texture": "#6"},
				"east": {"uv": [6.25, 3.5, 8, 3.75], "texture": "#6"},
				"south": {"uv": [0.25, 7.75, 0.5, 8], "texture": "#1"},
				"west": {"uv": [6.25, 3.75, 8, 4], "texture": "#6"},
				"up": {"uv": [4.75, 7.5, 4.5, 5.75], "texture": "#6"},
				"down": {"uv": [2.5, 6.5, 2.25, 8.25], "texture": "#6"}
			}
		},
		{
			"from": [6.4, 8, -7.225],
			"to": [10.6, 10, 17],
			"faces": {
				"north": {"uv": [6.25, 1.5, 7.5, 2], "texture": "#1"},
				"east": {"uv": [2.5, 0, 9, 0.5], "texture": "#1"},
				"south": {"uv": [6.25, 2, 7.5, 2.5], "texture": "#1"},
				"west": {"uv": [2.5, 0.5, 9, 1], "texture": "#1"},
				"up": {"uv": [1.25, 6.5, 0, 0], "texture": "#1"},
				"down": {"uv": [2.5, 0, 1.25, 6.5], "texture": "#1"}
			}
		},
		{
			"from": [7, 10, -6.1],
			"to": [10, 12, -5],
			"faces": {
				"north": {"uv": [4.75, 6.75, 5.5, 7.25], "texture": "#1"},
				"east": {"uv": [5.5, 6.75, 6.25, 7.25], "texture": "#1"},
				"south": {"uv": [7, 5.5, 7.75, 6], "texture": "#1"},
				"west": {"uv": [7, 6, 7.75, 6.5], "texture": "#1"},
				"up": {"uv": [4, 6.75, 3.25, 6], "texture": "#1"},
				"down": {"uv": [7, 5.5, 6.25, 6.25], "texture": "#1"}
			}
		},
		{
			"from": [7, 9.6, -7.2],
			"to": [10, 11.6, -6.1],
			"faces": {
				"north": {"uv": [4.75, 6.75, 5.5, 7.25], "texture": "#1"},
				"east": {"uv": [5.5, 6.75, 6.25, 7.25], "texture": "#1"},
				"south": {"uv": [7, 5.5, 7.75, 6], "texture": "#1"},
				"west": {"uv": [7, 6, 7.75, 6.5], "texture": "#1"},
				"up": {"uv": [4, 6.75, 3.25, 6], "texture": "#1"},
				"down": {"uv": [7, 5.5, 6.25, 6.25], "texture": "#1"}
			}
		},
		{
			"from": [7, 10, -10],
			"to": [10, 11.1, -7.1],
			"faces": {
				"north": {"uv": [4.75, 6.75, 5.5, 7.25], "texture": "#1"},
				"east": {"uv": [5.5, 6.75, 6.25, 7.25], "texture": "#1"},
				"south": {"uv": [7, 5.5, 7.75, 6], "texture": "#1"},
				"west": {"uv": [7, 6, 7.75, 6.5], "texture": "#1"},
				"up": {"uv": [4, 6.75, 3.25, 6], "texture": "#1"},
				"down": {"uv": [7, 5.5, 6.25, 6.25], "texture": "#1"}
			}
		},
		{
			"from": [7, 10, 6],
			"to": [10, 12, 8.6],
			"faces": {
				"north": {"uv": [6.25, 7, 7, 7.5], "texture": "#1"},
				"east": {"uv": [7, 6.5, 7.75, 7], "texture": "#1"},
				"south": {"uv": [7, 7, 7.75, 7.5], "texture": "#1"},
				"west": {"uv": [0, 7.25, 0.75, 7.75], "texture": "#1"},
				"up": {"uv": [7, 7, 6.25, 6.25], "texture": "#1"},
				"down": {"uv": [0.75, 6.5, 0, 7.25], "texture": "#1"}
			}
		},
		{
			"from": [7, 10, 8.6],
			"to": [10, 11, 10],
			"faces": {
				"north": {"uv": [6.25, 7, 7, 7.5], "texture": "#1"},
				"east": {"uv": [7, 6.5, 7.75, 7], "texture": "#1"},
				"south": {"uv": [7, 7, 7.75, 7.5], "texture": "#1"},
				"west": {"uv": [0, 7.25, 0.75, 7.75], "texture": "#1"},
				"up": {"uv": [7, 7, 6.25, 6.25], "texture": "#1"},
				"down": {"uv": [0.75, 6.5, 0, 7.25], "texture": "#1"}
			}
		},
		{
			"from": [7.5, 8.63934, 8.8033],
			"to": [9.5, 8.93934, 11.6033],
			"rotation": {"angle": 45, "axis": "x", "origin": [8.5, 11.93934, 13.3033]},
			"faces": {
				"north": {"uv": [6, 0, 9, 2], "texture": "#7"},
				"east": {"uv": [0, 5, 5, 7], "texture": "#7"},
				"south": {"uv": [6, 2, 9, 4], "texture": "#7"},
				"west": {"uv": [5, 5, 10, 7], "texture": "#7"},
				"up": {"uv": [6, 4, 5, 1], "texture": "#9"},
				"down": {"uv": [6, 0, 3, 5], "texture": "#7"}
			}
		},
		{
			"from": [9.5, 9.34645, 9.09619],
			"to": [10, 9.64645, 11.89619],
			"rotation": {"angle": 45, "axis": "x", "origin": [8.5, 12.64645, 12.59619]},
			"faces": {
				"north": {"uv": [6, 0, 9, 2], "texture": "#1"},
				"east": {"uv": [0, 5, 5, 7], "texture": "#1"},
				"south": {"uv": [6, 2, 9, 4], "texture": "#1"},
				"west": {"uv": [5, 5, 10, 7], "texture": "#1"},
				"up": {"uv": [3, 5, 0, 0], "texture": "#1"},
				"down": {"uv": [6, 0, 3, 5], "texture": "#1"}
			}
		},
		{
			"from": [7, 9.34645, 9.09619],
			"to": [7.5, 9.64645, 11.89619],
			"rotation": {"angle": 45, "axis": "x", "origin": [8.5, 12.64645, 12.59619]},
			"faces": {
				"north": {"uv": [6, 0, 9, 2], "texture": "#1"},
				"east": {"uv": [0, 5, 5, 7], "texture": "#1"},
				"south": {"uv": [6, 2, 9, 4], "texture": "#1"},
				"west": {"uv": [5, 5, 10, 7], "texture": "#1"},
				"up": {"uv": [3, 5, 0, 0], "texture": "#1"},
				"down": {"uv": [6, 0, 3, 5], "texture": "#1"}
			}
		},
		{
			"from": [7, 7, 7],
			"to": [10, 8, 18],
			"faces": {
				"north": {"uv": [7.5, 2.75, 8.25, 3], "texture": "#1"},
				"east": {"uv": [5.5, 4.5, 8.25, 4.75], "texture": "#1"},
				"south": {"uv": [7.5, 3, 8.25, 3.25], "texture": "#1"},
				"west": {"uv": [5.5, 4.75, 8.25, 5], "texture": "#1"},
				"up": {"uv": [4.75, 3.75, 4, 1], "texture": "#1"},
				"down": {"uv": [3.25, 4, 2.5, 6.75], "texture": "#1"}
			}
		},
		{
			"from": [8, 5.20848, 9.15744],
			"to": [9, 8.20848, 10.15744],
			"rotation": {"angle": 0, "axis": "y", "origin": [9.5, 1.70848, 10.65744]},
			"faces": {
				"north": {"uv": [3.75, 7.25, 4, 8], "texture": "#1"},
				"east": {"uv": [6, 7.25, 6.25, 8], "texture": "#1"},
				"south": {"uv": [3.25, 7.5, 3.5, 8.25], "texture": "#1"},
				"west": {"uv": [3.5, 7.5, 3.75, 8.25], "texture": "#1"},
				"up": {"uv": [0.75, 8, 0.5, 7.75], "texture": "#1"},
				"down": {"uv": [1, 7.75, 0.75, 8], "texture": "#1"}
			}
		},
		{
			"from": [8, 3.20848, 12.15744],
			"to": [9, 5.20848, 13.15744],
			"rotation": {"angle": -45, "axis": "x", "origin": [9.5, 1.70848, 10.65744]},
			"faces": {
				"north": {"uv": [6.75, 7.5, 7, 8], "texture": "#1"},
				"east": {"uv": [7, 7.5, 7.25, 8], "texture": "#1"},
				"south": {"uv": [7.25, 7.5, 7.5, 8], "texture": "#1"},
				"west": {"uv": [7.5, 7.5, 7.75, 8], "texture": "#1"},
				"up": {"uv": [1.25, 8, 1, 7.75], "texture": "#1"},
				"down": {"uv": [1.5, 7.75, 1.25, 8], "texture": "#1"}
			}
		},
		{
			"from": [8, 4.20848, 10.15744],
			"to": [9, 5.20848, 13.15744],
			"rotation": {"angle": 0, "axis": "y", "origin": [9.5, 1.70848, 10.65744]},
			"faces": {
				"north": {"uv": [1.5, 7.75, 1.75, 8], "texture": "#1"},
				"east": {"uv": [7.5, 3.25, 8.25, 3.5], "texture": "#1"},
				"south": {"uv": [1.75, 7.75, 2, 8], "texture": "#1"},
				"west": {"uv": [4.5, 7.5, 5.25, 7.75], "texture": "#1"},
				"up": {"uv": [5.5, 8.25, 5.25, 7.5], "texture": "#1"},
				"down": {"uv": [5.75, 7.5, 5.5, 8.25], "texture": "#1"}
			}
		},
		{
			"from": [7, -5, 13],
			"to": [10, 3, 16],
			"rotation": {"angle": -22.5, "axis": "x", "origin": [0, 0, 0]},
			"faces": {
				"north": {"uv": [3.25, 4, 4, 6], "texture": "#1"},
				"east": {"uv": [4, 3.75, 4.75, 5.75], "texture": "#1"},
				"south": {"uv": [4.75, 1, 5.5, 3], "texture": "#1"},
				"west": {"uv": [4.75, 3, 5.5, 5], "texture": "#1"},
				"up": {"uv": [1.5, 7.25, 0.75, 6.5], "texture": "#1"},
				"down": {"uv": [2.25, 6.5, 1.5, 7.25], "texture": "#1"}
			}
		},
		{
			"from": [8, 13, 4.3],
			"to": [9, 13.675, 6],
			"faces": {
				"north": {"uv": [0, 0, 1, 1], "texture": "#6"},
				"east": {"uv": [0, 0, 2, 1], "texture": "#6"},
				"south": {"uv": [0, 0, 1, 1], "texture": "#6"},
				"west": {"uv": [0, 0, 2, 1], "texture": "#6"},
				"up": {"uv": [0, 0, 1, 2], "texture": "#6"},
				"down": {"uv": [0, 0, 1, 2], "texture": "#6"}
			}
		},
		{
			"from": [8, 13, 2.3],
			"to": [9, 13.675, 3],
			"faces": {
				"north": {"uv": [0, 0, 1, 1], "texture": "#6"},
				"east": {"uv": [0, 0, 1, 1], "texture": "#6"},
				"south": {"uv": [0, 0, 1, 1], "texture": "#6"},
				"west": {"uv": [0, 0, 1, 1], "texture": "#6"},
				"up": {"uv": [0, 0, 1, 1], "texture": "#6"},
				"down": {"uv": [0, 0, 1, 1], "texture": "#6"}
			}
		},
		{
			"from": [9.8, 13.7, 0.3],
			"to": [9.8, 15.8, 8],
			"faces": {
				"north": {"uv": [6, 6, 9, 9], "texture": "#2"},
				"east": {"uv": [0, 0, 8, 3], "texture": "#1"},
				"south": {"uv": [8, 0, 11, 3], "texture": "#2"},
				"west": {"uv": [0, 3, 8, 6], "texture": "#1"},
				"up": {"uv": [3, 14, 0, 6], "texture": "#1"},
				"down": {"uv": [6, 6, 3, 14], "texture": "#1"}
			}
		},
		{
			"from": [6.9, 13.7, 0.3],
			"to": [6.9, 15.8, 8],
			"rotation": {"angle": 0, "axis": "y", "origin": [6.9, 14.75, 4]},
			"faces": {
				"north": {"uv": [8, 0, 11, 3], "texture": "#2"},
				"east": {"uv": [0, 3, 8, 6], "texture": "#1"},
				"south": {"uv": [6, 6, 9, 9], "texture": "#2"},
				"west": {"uv": [0, 0, 8, 3], "texture": "#1"},
				"up": {"uv": [3, 14, 0, 6], "rotation": 180, "texture": "#1"},
				"down": {"uv": [6, 6, 3, 14], "rotation": 180, "texture": "#1"}
			}
		},
		{
			"from": [6.9, 15.75, 0.3],
			"to": [9.8, 15.8, 8],
			"rotation": {"angle": 0, "axis": "y", "origin": [6.9, 14.75, 4]},
			"faces": {
				"north": {"uv": [8, 0, 11, 3], "rotation": 270, "texture": "#2"},
				"east": {"uv": [3, 14, 0, 6], "rotation": 270, "texture": "#1"},
				"south": {"uv": [6, 6, 9, 9], "rotation": 90, "texture": "#2"},
				"west": {"uv": [6, 6, 3, 14], "rotation": 270, "texture": "#1"},
				"up": {"uv": [0, 0, 8, 3], "rotation": 90, "texture": "#1"},
				"down": {"uv": [0, 3, 8, 6], "rotation": 90, "texture": "#1"}
			}
		},
		{
			"from": [6.9, 13.675, 0.3],
			"to": [9.8, 13.675, 8],
			"rotation": {"angle": 0, "axis": "y", "origin": [6.9, 14.75, 4]},
			"faces": {
				"north": {"uv": [8, 0, 11, 3], "rotation": 270, "texture": "#2"},
				"east": {"uv": [3, 14, 0, 6], "rotation": 270, "texture": "#1"},
				"south": {"uv": [6, 6, 9, 9], "rotation": 90, "texture": "#2"},
				"west": {"uv": [6, 6, 3, 14], "rotation": 270, "texture": "#1"},
				"up": {"uv": [0, 0, 8, 3], "rotation": 90, "texture": "#1"},
				"down": {"uv": [0, 3, 8, 6], "rotation": 90, "texture": "#1"}
			}
		},
		{
			"from": [6.9, 13.7, 8],
			"to": [9.8, 15.8, 8],
			"rotation": {"angle": 0, "axis": "y", "origin": [6.9, 14.75, 4]},
			"faces": {
				"north": {"uv": [6, 6, 9, 9], "rotation": 270, "texture": "#2"},
				"east": {"uv": [3, 14, 0, 6], "rotation": 90, "texture": "#2"},
				"south": {"uv": [8, 0, 11, 3], "rotation": 90, "texture": "#2"},
				"west": {"uv": [6, 6, 3, 14], "rotation": 90, "texture": "#2"},
				"up": {"uv": [0, 3, 8, 6], "rotation": 90, "texture": "#2"},
				"down": {"uv": [0, 0, 8, 3], "rotation": 90, "texture": "#2"}
			}
		},
		{
			"from": [6.9, 13.7, 7.975],
			"to": [9.8, 15.825, 7.975],
			"rotation": {"angle": 0, "axis": "y", "origin": [6.9, 14.75, 12]},
			"faces": {
				"north": {"uv": [8, 3, 11, 0], "rotation": 90, "texture": "#2"},
				"east": {"uv": [3, 6, 0, 14], "rotation": 90, "texture": "#2"},
				"south": {"uv": [6, 9, 9, 6], "rotation": 270, "texture": "#2"},
				"west": {"uv": [6, 14, 3, 6], "rotation": 90, "texture": "#2"},
				"up": {"uv": [8, 3, 0, 6], "rotation": 90, "texture": "#2"},
				"down": {"uv": [8, 0, 0, 3], "rotation": 90, "texture": "#2"}
			}
		},
		{
			"name": "hexadecagon",
			"from": [8.41321, 14.81096, 0.29446],
			"to": [8.42243, 14.81225, 0.30737],
			"rotation": {"angle": 0, "axis": "y", "origin": [8.47331, 14.81182, 0.30092]},
			"faces": {
				"north": {"uv": [1, 1, 0, 0], "rotation": 180, "texture": "#8"},
				"east": {"uv": [1, 1, 0, 0], "rotation": 180, "texture": "#8"},
				"south": {"uv": [1, 1, 0, 0], "rotation": 180, "texture": "#8"},
				"west": {"uv": [1, 1, 0, 0], "rotation": 180, "texture": "#8"},
				"up": {"uv": [1, 1, 0, 0], "rotation": 180, "texture": "#8"},
				"down": {"uv": [1, 1, 0, 0], "rotation": 180, "texture": "#8"}
			}
		},
		{
			"name": "hexadecagon",
			"from": [8.5212, 14.81096, 0.29446],
			"to": [8.53608, 14.81225, 0.30737],
			"rotation": {"angle": 0, "axis": "y", "origin": [8.47331, 14.81182, 0.30092]},
			"faces": {
				"north": {"uv": [1, 1, 0, 0], "rotation": 180, "texture": "#8"},
				"east": {"uv": [1, 1, 0, 0], "rotation": 180, "texture": "#8"},
				"south": {"uv": [1, 1, 0, 0], "rotation": 180, "texture": "#8"},
				"west": {"uv": [1, 1, 0, 0], "rotation": 180, "texture": "#8"},
				"up": {"uv": [1, 1, 0, 0], "rotation": 180, "texture": "#8"},
				"down": {"uv": [1, 1, 0, 0], "rotation": 180, "texture": "#8"}
			}
		},
		{
			"name": "hexadecagon",
			"from": [8.77104, 14.81222, 0.33551],
			"to": [9.78462, 14.81875, 0.33551],
			"rotation": {"angle": 0, "axis": "y", "origin": [8.46683, 14.59149, 0.34792]},
			"faces": {
				"north": {"uv": [1, 1, 0, 0], "texture": "#8"},
				"east": {"uv": [1, 1, 0, 0], "texture": "#8"},
				"south": {"uv": [1, 1, 0, 0], "texture": "#8"},
				"west": {"uv": [1, 1, 0, 0], "texture": "#8"},
				"up": {"uv": [1, 1, 0, 0], "texture": "#8"},
				"down": {"uv": [1, 1, 0, 0], "texture": "#8"}
			}
		},
		{
			"name": "hexadecagon",
			"from": [6.90904, 14.81222, 0.33551],
			"to": [8.19762, 14.81875, 0.33551],
			"rotation": {"angle": 0, "axis": "y", "origin": [8.46683, 14.59149, 0.34792]},
			"faces": {
				"north": {"uv": [1, 1, 0, 0], "texture": "#8"},
				"east": {"uv": [1, 1, 0, 0], "texture": "#8"},
				"south": {"uv": [1, 1, 0, 0], "texture": "#8"},
				"west": {"uv": [1, 1, 0, 0], "texture": "#8"},
				"up": {"uv": [1, 1, 0, 0], "texture": "#8"},
				"down": {"uv": [1, 1, 0, 0], "texture": "#8"}
			}
		},
		{
			"name": "hexadecagon",
			"from": [7.00904, 15.73722, 0.33551],
			"to": [9.69762, 15.74375, 0.33551],
			"rotation": {"angle": 0, "axis": "y", "origin": [8.46683, 14.59149, 0.34792]},
			"faces": {
				"north": {"uv": [1, 1, 0, 0], "texture": "#8"},
				"east": {"uv": [1, 1, 0, 0], "texture": "#8"},
				"south": {"uv": [1, 1, 0, 0], "texture": "#8"},
				"west": {"uv": [1, 1, 0, 0], "texture": "#8"},
				"up": {"uv": [1, 1, 0, 0], "texture": "#8"},
				"down": {"uv": [1, 1, 0, 0], "texture": "#8"}
			}
		},
		{
			"name": "hexadecagon",
			"from": [6.97435, 15.6043, 0.33551],
			"to": [6.98088, 15.71788, 0.33551],
			"rotation": {"angle": -45, "axis": "z", "origin": [7.05262, 15.68609, 0.33551]},
			"faces": {
				"north": {"uv": [1, 1, 0, 0], "rotation": 90, "texture": "#8"},
				"east": {"uv": [1, 1, 0, 0], "rotation": 270, "texture": "#8"},
				"south": {"uv": [1, 1, 0, 0], "rotation": 270, "texture": "#8"},
				"west": {"uv": [1, 1, 0, 0], "rotation": 270, "texture": "#8"},
				"up": {"uv": [1, 1, 0, 0], "rotation": 270, "texture": "#8"},
				"down": {"uv": [1, 1, 0, 0], "rotation": 270, "texture": "#8"}
			}
		},
		{
			"name": "hexadecagon",
			"from": [9.51912, 15.1043, 0.33551],
			"to": [9.52565, 15.19288, 0.33551],
			"rotation": {"angle": 45, "axis": "z", "origin": [8.94738, 15.68609, 0.33551]},
			"faces": {
				"north": {"uv": [1, 0, 0, 1], "rotation": 90, "texture": "#8"},
				"east": {"uv": [1, 0, 0, 1], "rotation": 270, "texture": "#8"},
				"south": {"uv": [1, 0, 0, 1], "rotation": 270, "texture": "#8"},
				"west": {"uv": [1, 0, 0, 1], "rotation": 270, "texture": "#8"},
				"up": {"uv": [1, 0, 0, 1], "rotation": 270, "texture": "#8"},
				"down": {"uv": [1, 0, 0, 1], "rotation": 270, "texture": "#8"}
			}
		},
		{
			"name": "hexadecagon",
			"from": [6.97435, 13.90712, 0.33551],
			"to": [6.98088, 14.0207, 0.33551],
			"rotation": {"angle": 45, "axis": "z", "origin": [7.05262, 13.93891, 0.33551]},
			"faces": {
				"north": {"uv": [0, 1, 1, 0], "rotation": 90, "texture": "#8"},
				"east": {"uv": [0, 1, 1, 0], "rotation": 270, "texture": "#8"},
				"south": {"uv": [0, 1, 1, 0], "rotation": 270, "texture": "#8"},
				"west": {"uv": [0, 1, 1, 0], "rotation": 270, "texture": "#8"},
				"up": {"uv": [0, 1, 1, 0], "rotation": 270, "texture": "#8"},
				"down": {"uv": [0, 1, 1, 0], "rotation": 270, "texture": "#8"}
			}
		},
		{
			"name": "hexadecagon",
			"from": [7.00904, 13.88125, 0.33551],
			"to": [9.69762, 13.88778, 0.33551],
			"rotation": {"angle": 0, "axis": "y", "origin": [8.46683, 15.03351, 0.34792]},
			"faces": {
				"north": {"uv": [1, 0, 0, 1], "texture": "#8"},
				"east": {"uv": [1, 0, 0, 1], "texture": "#8"},
				"south": {"uv": [1, 0, 0, 1], "texture": "#8"},
				"west": {"uv": [1, 0, 0, 1], "texture": "#8"},
				"up": {"uv": [1, 0, 0, 1], "texture": "#8"},
				"down": {"uv": [1, 0, 0, 1], "texture": "#8"}
			}
		},
		{
			"name": "hexadecagon",
			"from": [9.51912, 14.43212, 0.33551],
			"to": [9.52565, 14.5207, 0.33551],
			"rotation": {"angle": -45, "axis": "z", "origin": [8.94738, 13.93891, 0.33551]},
			"faces": {
				"north": {"uv": [0, 0, 1, 1], "rotation": 90, "texture": "#8"},
				"east": {"uv": [0, 0, 1, 1], "rotation": 270, "texture": "#8"},
				"south": {"uv": [0, 0, 1, 1], "rotation": 270, "texture": "#8"},
				"west": {"uv": [0, 0, 1, 1], "rotation": 270, "texture": "#8"},
				"up": {"uv": [0, 0, 1, 1], "rotation": 270, "texture": "#8"},
				"down": {"uv": [0, 0, 1, 1], "rotation": 270, "texture": "#8"}
			}
		},
		{
			"name": "hexadecagon",
			"from": [8.32004, 14.94822, 0.33551],
			"to": [8.64562, 14.95475, 0.33551],
			"rotation": {"angle": 0, "axis": "y", "origin": [8.45883, 14.59149, 0.34792]},
			"faces": {
				"north": {"uv": [1, 1, 0, 0], "texture": "#8"},
				"east": {"uv": [1, 1, 0, 0], "texture": "#8"},
				"south": {"uv": [1, 1, 0, 0], "texture": "#8"},
				"west": {"uv": [1, 1, 0, 0], "texture": "#8"},
				"up": {"uv": [1, 1, 0, 0], "texture": "#8"},
				"down": {"uv": [1, 1, 0, 0], "texture": "#8"}
			}
		},
		{
			"name": "hexadecagon",
			"from": [8.3006, 14.85469, 0.33551],
			"to": [8.30713, 14.93719, 0.33551],
			"rotation": {"angle": 0, "axis": "y", "origin": [8.45883, 14.59149, 0.34792]},
			"faces": {
				"north": {"uv": [1, 1, 0, 0], "rotation": 270, "texture": "#8"},
				"east": {"uv": [1, 1, 0, 0], "rotation": 90, "texture": "#8"},
				"south": {"uv": [1, 1, 0, 0], "rotation": 90, "texture": "#8"},
				"west": {"uv": [1, 1, 0, 0], "rotation": 90, "texture": "#8"},
				"up": {"uv": [1, 1, 0, 0], "rotation": 90, "texture": "#8"},
				"down": {"uv": [1, 1, 0, 0], "rotation": 90, "texture": "#8"}
			}
		},
		{
			"name": "hexadecagon",
			"from": [8.6506, 14.85469, 0.33551],
			"to": [8.65713, 14.93719, 0.33551],
			"rotation": {"angle": 0, "axis": "y", "origin": [8.45883, 14.59149, 0.34792]},
			"faces": {
				"north": {"uv": [1, 1, 0, 0], "rotation": 270, "texture": "#8"},
				"east": {"uv": [1, 1, 0, 0], "rotation": 90, "texture": "#8"},
				"south": {"uv": [1, 1, 0, 0], "rotation": 90, "texture": "#8"},
				"west": {"uv": [1, 1, 0, 0], "rotation": 90, "texture": "#8"},
				"up": {"uv": [1, 1, 0, 0], "rotation": 90, "texture": "#8"},
				"down": {"uv": [1, 1, 0, 0], "rotation": 90, "texture": "#8"}
			}
		},
		{
			"name": "hexadecagon",
			"from": [8.3006, 14.67969, 0.33551],
			"to": [8.30713, 14.76219, 0.33551],
			"rotation": {"angle": 0, "axis": "y", "origin": [8.45883, 14.59149, 0.34792]},
			"faces": {
				"north": {"uv": [1, 1, 0, 0], "rotation": 270, "texture": "#8"},
				"east": {"uv": [1, 1, 0, 0], "rotation": 90, "texture": "#8"},
				"south": {"uv": [1, 1, 0, 0], "rotation": 90, "texture": "#8"},
				"west": {"uv": [1, 1, 0, 0], "rotation": 90, "texture": "#8"},
				"up": {"uv": [1, 1, 0, 0], "rotation": 90, "texture": "#8"},
				"down": {"uv": [1, 1, 0, 0], "rotation": 90, "texture": "#8"}
			}
		},
		{
			"name": "hexadecagon",
			"from": [8.6406, 14.67969, 0.33551],
			"to": [8.64713, 14.76219, 0.33551],
			"rotation": {"angle": 0, "axis": "y", "origin": [8.45883, 14.59149, 0.34792]},
			"faces": {
				"north": {"uv": [1, 1, 0, 0], "rotation": 270, "texture": "#8"},
				"east": {"uv": [1, 1, 0, 0], "rotation": 90, "texture": "#8"},
				"south": {"uv": [1, 1, 0, 0], "rotation": 90, "texture": "#8"},
				"west": {"uv": [1, 1, 0, 0], "rotation": 90, "texture": "#8"},
				"up": {"uv": [1, 1, 0, 0], "rotation": 90, "texture": "#8"},
				"down": {"uv": [1, 1, 0, 0], "rotation": 90, "texture": "#8"}
			}
		},
		{
			"name": "hexadecagon",
			"from": [8.59204, 15.06022, 0.33551],
			"to": [8.61362, 15.06675, 0.33551],
			"rotation": {"angle": -45, "axis": "z", "origin": [8.48283, 14.95149, 0.33551]},
			"faces": {
				"north": {"uv": [1, 1, 0, 0], "texture": "#8"},
				"east": {"uv": [1, 1, 0, 0], "texture": "#8"},
				"south": {"uv": [1, 1, 0, 0], "texture": "#8"},
				"west": {"uv": [1, 1, 0, 0], "texture": "#8"},
				"up": {"uv": [1, 1, 0, 0], "texture": "#8"},
				"down": {"uv": [1, 1, 0, 0], "texture": "#8"}
			}
		},
		{
			"name": "hexadecagon",
			"from": [8.21275, 14.72657, 0.33551],
			"to": [8.23434, 14.73309, 0.33551],
			"rotation": {"angle": 45, "axis": "z", "origin": [8.00755, 14.94583, 0.33551]},
			"faces": {
				"north": {"uv": [0, 1, 1, 0], "texture": "#8"},
				"east": {"uv": [0, 1, 1, 0], "texture": "#8"},
				"south": {"uv": [0, 1, 1, 0], "texture": "#8"},
				"west": {"uv": [0, 1, 1, 0], "texture": "#8"},
				"up": {"uv": [0, 1, 1, 0], "texture": "#8"},
				"down": {"uv": [0, 1, 1, 0], "texture": "#8"}
			}
		},
		{
			"name": "hexadecagon",
			"from": [8.58719, 14.56071, 0.33551],
			"to": [8.60878, 14.56724, 0.33551],
			"rotation": {"angle": 45, "axis": "z", "origin": [8.47995, 14.67401, 0.33551]},
			"faces": {
				"north": {"uv": [1, 0, 0, 1], "texture": "#8"},
				"east": {"uv": [1, 0, 0, 1], "texture": "#8"},
				"south": {"uv": [1, 0, 0, 1], "texture": "#8"},
				"west": {"uv": [1, 0, 0, 1], "texture": "#8"},
				"up": {"uv": [1, 0, 0, 1], "texture": "#8"},
				"down": {"uv": [1, 0, 0, 1], "texture": "#8"}
			}
		},
		{
			"name": "hexadecagon",
			"from": [8.35112, 14.55271, 0.33551],
			"to": [8.3727, 14.55924, 0.33551],
			"rotation": {"angle": -45, "axis": "z", "origin": [8.47995, 14.67401, 0.33551]},
			"faces": {
				"north": {"uv": [0, 0, 1, 1], "texture": "#8"},
				"east": {"uv": [0, 0, 1, 1], "texture": "#8"},
				"south": {"uv": [0, 0, 1, 1], "texture": "#8"},
				"west": {"uv": [0, 0, 1, 1], "texture": "#8"},
				"up": {"uv": [0, 0, 1, 1], "texture": "#8"},
				"down": {"uv": [0, 0, 1, 1], "texture": "#8"}
			}
		},
		{
			"name": "hexadecagon",
			"from": [8.31204, 14.66822, 0.33551],
			"to": [8.63762, 14.67475, 0.33551],
			"rotation": {"angle": 0, "axis": "y", "origin": [8.45883, 14.59149, 0.34792]},
			"faces": {
				"north": {"uv": [1, 1, 0, 0], "texture": "#8"},
				"east": {"uv": [1, 1, 0, 0], "texture": "#8"},
				"south": {"uv": [1, 1, 0, 0], "texture": "#8"},
				"west": {"uv": [1, 1, 0, 0], "texture": "#8"},
				"up": {"uv": [1, 1, 0, 0], "texture": "#8"},
				"down": {"uv": [1, 1, 0, 0], "texture": "#8"}
			}
		},
		{
			"name": "hexadecagon",
			"from": [8.47288, 14.75289, 0.29446],
			"to": [8.47417, 14.76421, 0.29446],
			"rotation": {"angle": 0, "axis": "y", "origin": [8.47331, 14.81182, 0.30092]},
			"faces": {
				"north": {"uv": [1, 1, 0, 0], "rotation": 270, "texture": "#8"},
				"east": {"uv": [1, 1, 0, 0], "rotation": 90, "texture": "#8"},
				"south": {"uv": [1, 1, 0, 0], "rotation": 90, "texture": "#8"},
				"west": {"uv": [1, 1, 0, 0], "rotation": 90, "texture": "#8"},
				"up": {"uv": [1, 1, 0, 0], "rotation": 90, "texture": "#8"},
				"down": {"uv": [1, 1, 0, 0], "rotation": 90, "texture": "#8"}
			}
		},
		{
			"name": "hexadecagon",
			"from": [8.47288, 14.85971, 0.29446],
			"to": [8.47417, 14.8746, 0.30737],
			"rotation": {"angle": 0, "axis": "y", "origin": [8.47331, 14.81182, 0.30092]},
			"faces": {
				"north": {"uv": [1, 1, 0, 0], "rotation": 270, "texture": "#8"},
				"east": {"uv": [1, 1, 0, 0], "rotation": 90, "texture": "#8"},
				"south": {"uv": [1, 1, 0, 0], "rotation": 90, "texture": "#8"},
				"west": {"uv": [1, 1, 0, 0], "rotation": 90, "texture": "#8"},
				"up": {"uv": [1, 1, 0, 0], "rotation": 90, "texture": "#8"},
				"down": {"uv": [1, 1, 0, 0], "rotation": 90, "texture": "#8"}
			}
		},
		{
			"name": "hexadecagon",
			"from": [8.52366, 14.80155, 0.29446],
			"to": [8.52495, 14.82209, 0.30737],
			"rotation": {"angle": 22.5, "axis": "z", "origin": [8.47331, 14.81182, 0.30092]},
			"faces": {
				"north": {"uv": [1, 1, 0, 0], "texture": "#8"},
				"east": {"uv": [1, 1, 0, 0], "texture": "#8"},
				"south": {"uv": [1, 1, 0, 0], "texture": "#8"},
				"west": {"uv": [1, 1, 0, 0], "texture": "#8"},
				"up": {"uv": [1, 1, 0, 0], "texture": "#8"},
				"down": {"uv": [1, 1, 0, 0], "texture": "#8"}
			}
		},
		{
			"name": "hexadecagon",
			"from": [8.52366, 14.80155, 0.29446],
			"to": [8.52495, 14.82209, 0.30737],
			"rotation": {"angle": -22.5, "axis": "z", "origin": [8.47331, 14.81182, 0.30092]},
			"faces": {
				"north": {"uv": [1, 1, 0, 0], "texture": "#8"},
				"east": {"uv": [1, 1, 0, 0], "texture": "#8"},
				"south": {"uv": [1, 1, 0, 0], "texture": "#8"},
				"west": {"uv": [1, 1, 0, 0], "texture": "#8"},
				"up": {"uv": [1, 1, 0, 0], "texture": "#8"},
				"down": {"uv": [1, 1, 0, 0], "texture": "#8"}
			}
		},
		{
			"name": "hexadecagon",
			"from": [8.46304, 14.76018, 0.29446],
			"to": [8.48358, 14.76147, 0.30737],
			"rotation": {"angle": 45, "axis": "z", "origin": [8.47331, 14.81182, 0.30092]},
			"faces": {
				"north": {"uv": [1, 1, 0, 0], "texture": "#8"},
				"east": {"uv": [1, 1, 0, 0], "texture": "#8"},
				"south": {"uv": [1, 1, 0, 0], "texture": "#8"},
				"west": {"uv": [1, 1, 0, 0], "texture": "#8"},
				"up": {"uv": [1, 1, 0, 0], "texture": "#8"},
				"down": {"uv": [1, 1, 0, 0], "texture": "#8"}
			}
		},
		{
			"name": "hexadecagon",
			"from": [8.46304, 14.76018, 0.29446],
			"to": [8.48358, 14.76147, 0.30737],
			"rotation": {"angle": 22.5, "axis": "z", "origin": [8.47331, 14.81182, 0.30092]},
			"faces": {
				"north": {"uv": [1, 1, 0, 0], "texture": "#8"},
				"east": {"uv": [1, 1, 0, 0], "texture": "#8"},
				"south": {"uv": [1, 1, 0, 0], "texture": "#8"},
				"west": {"uv": [1, 1, 0, 0], "texture": "#8"},
				"up": {"uv": [1, 1, 0, 0], "texture": "#8"},
				"down": {"uv": [1, 1, 0, 0], "texture": "#8"}
			}
		},
		{
			"name": "hexadecagon",
			"from": [8.46304, 14.86217, 0.29446],
			"to": [8.48358, 14.86346, 0.30737],
			"rotation": {"angle": -22.5, "axis": "z", "origin": [8.47331, 14.81182, 0.30092]},
			"faces": {
				"north": {"uv": [1, 1, 0, 0], "texture": "#8"},
				"east": {"uv": [1, 1, 0, 0], "texture": "#8"},
				"south": {"uv": [1, 1, 0, 0], "texture": "#8"},
				"west": {"uv": [1, 1, 0, 0], "texture": "#8"},
				"up": {"uv": [1, 1, 0, 0], "texture": "#8"},
				"down": {"uv": [1, 1, 0, 0], "texture": "#8"}
			}
		},
		{
			"name": "hexadecagon",
			"from": [8.46304, 14.86217, 0.29446],
			"to": [8.48358, 14.86346, 0.30737],
			"rotation": {"angle": -45, "axis": "z", "origin": [8.47331, 14.81182, 0.30092]},
			"faces": {
				"north": {"uv": [1, 1, 0, 0], "texture": "#8"},
				"east": {"uv": [1, 1, 0, 0], "texture": "#8"},
				"south": {"uv": [1, 1, 0, 0], "texture": "#8"},
				"west": {"uv": [1, 1, 0, 0], "texture": "#8"},
				"up": {"uv": [1, 1, 0, 0], "texture": "#8"},
				"down": {"uv": [1, 1, 0, 0], "texture": "#8"}
			}
		},
		{
			"name": "hexadecagon",
			"from": [8.42167, 14.80155, 0.29446],
			"to": [8.42296, 14.82209, 0.30737],
			"rotation": {"angle": 22.5, "axis": "z", "origin": [8.47331, 14.81182, 0.30092]},
			"faces": {
				"north": {"uv": [0, 0, 1, 1], "texture": "#8"},
				"east": {"uv": [0, 0, 1, 1], "texture": "#8"},
				"south": {"uv": [0, 0, 1, 1], "texture": "#8"},
				"west": {"uv": [0, 0, 1, 1], "texture": "#8"},
				"up": {"uv": [0, 0, 1, 1], "texture": "#8"},
				"down": {"uv": [0, 0, 1, 1], "texture": "#8"}
			}
		},
		{
			"name": "hexadecagon",
			"from": [8.42167, 14.80155, 0.29446],
			"to": [8.42296, 14.82209, 0.30737],
			"rotation": {"angle": -22.5, "axis": "z", "origin": [8.47331, 14.81182, 0.30092]},
			"faces": {
				"north": {"uv": [0, 0, 1, 1], "texture": "#8"},
				"east": {"uv": [0, 0, 1, 1], "texture": "#8"},
				"south": {"uv": [0, 0, 1, 1], "texture": "#8"},
				"west": {"uv": [0, 0, 1, 1], "texture": "#8"},
				"up": {"uv": [0, 0, 1, 1], "texture": "#8"},
				"down": {"uv": [0, 0, 1, 1], "texture": "#8"}
			}
		},
		{
			"name": "hexadecagon",
			"from": [8.42167, 14.80155, 0.29446],
			"to": [8.42296, 14.82209, 0.30737],
			"rotation": {"angle": 0, "axis": "y", "origin": [8.47331, 14.81182, 0.30092]},
			"faces": {
				"north": {"uv": [0, 0, 1, 1], "texture": "#8"},
				"east": {"uv": [0, 0, 1, 1], "texture": "#8"},
				"south": {"uv": [0, 0, 1, 1], "texture": "#8"},
				"west": {"uv": [0, 0, 1, 1], "texture": "#8"},
				"up": {"uv": [0, 0, 1, 1], "texture": "#8"},
				"down": {"uv": [0, 0, 1, 1], "texture": "#8"}
			}
		},
		{
			"name": "hexadecagon",
			"from": [8.52351, 14.80155, 0.29446],
			"to": [8.5248, 14.82209, 0.30737],
			"rotation": {"angle": 0, "axis": "y", "origin": [8.47331, 14.81182, 0.30092]},
			"faces": {
				"north": {"uv": [0, 0, 1, 1], "texture": "#8"},
				"east": {"uv": [0, 0, 1, 1], "texture": "#8"},
				"south": {"uv": [0, 0, 1, 1], "texture": "#8"},
				"west": {"uv": [0, 0, 1, 1], "texture": "#8"},
				"up": {"uv": [0, 0, 1, 1], "texture": "#8"},
				"down": {"uv": [0, 0, 1, 1], "texture": "#8"}
			}
		},
		{
			"name": "hexadecagon",
			"from": [8.46304, 14.86217, 0.29446],
			"to": [8.48358, 14.86346, 0.30737],
			"rotation": {"angle": 0, "axis": "y", "origin": [8.47331, 14.81182, 0.30092]},
			"faces": {
				"north": {"uv": [0, 0, 1, 1], "rotation": 270, "texture": "#8"},
				"east": {"uv": [0, 0, 1, 1], "rotation": 90, "texture": "#8"},
				"south": {"uv": [0, 0, 1, 1], "rotation": 90, "texture": "#8"},
				"west": {"uv": [0, 0, 1, 1], "rotation": 90, "texture": "#8"},
				"up": {"uv": [0, 0, 1, 1], "rotation": 90, "texture": "#8"},
				"down": {"uv": [0, 0, 1, 1], "rotation": 90, "texture": "#8"}
			}
		},
		{
			"name": "hexadecagon",
			"from": [8.46304, 14.76033, 0.29446],
			"to": [8.48358, 14.76163, 0.30737],
			"rotation": {"angle": 0, "axis": "y", "origin": [8.47331, 14.81182, 0.30092]},
			"faces": {
				"north": {"uv": [0, 0, 1, 1], "rotation": 270, "texture": "#8"},
				"east": {"uv": [0, 0, 1, 1], "rotation": 90, "texture": "#8"},
				"south": {"uv": [0, 0, 1, 1], "rotation": 90, "texture": "#8"},
				"west": {"uv": [0, 0, 1, 1], "rotation": 90, "texture": "#8"},
				"up": {"uv": [0, 0, 1, 1], "rotation": 90, "texture": "#8"},
				"down": {"uv": [0, 0, 1, 1], "rotation": 90, "texture": "#8"}
			}
		},
		{
			"name": "hexadecagon",
			"from": [8.46304, 14.86217, 0.29446],
			"to": [8.48358, 14.86346, 0.30737],
			"rotation": {"angle": 45, "axis": "z", "origin": [8.47331, 14.81182, 0.30092]},
			"faces": {
				"north": {"uv": [0, 0, 1, 1], "texture": "#8"},
				"east": {"uv": [0, 0, 1, 1], "texture": "#8"},
				"south": {"uv": [0, 0, 1, 1], "texture": "#8"},
				"west": {"uv": [0, 0, 1, 1], "texture": "#8"},
				"up": {"uv": [0, 0, 1, 1], "texture": "#8"},
				"down": {"uv": [0, 0, 1, 1], "texture": "#8"}
			}
		},
		{
			"name": "hexadecagon",
			"from": [8.46304, 14.86217, 0.29446],
			"to": [8.48358, 14.86346, 0.30737],
			"rotation": {"angle": 22.5, "axis": "z", "origin": [8.47331, 14.81182, 0.30092]},
			"faces": {
				"north": {"uv": [0, 0, 1, 1], "texture": "#8"},
				"east": {"uv": [0, 0, 1, 1], "texture": "#8"},
				"south": {"uv": [0, 0, 1, 1], "texture": "#8"},
				"west": {"uv": [0, 0, 1, 1], "texture": "#8"},
				"up": {"uv": [0, 0, 1, 1], "texture": "#8"},
				"down": {"uv": [0, 0, 1, 1], "texture": "#8"}
			}
		},
		{
			"name": "hexadecagon",
			"from": [8.46304, 14.76018, 0.29446],
			"to": [8.48358, 14.76147, 0.30737],
			"rotation": {"angle": -22.5, "axis": "z", "origin": [8.47331, 14.81182, 0.30092]},
			"faces": {
				"north": {"uv": [0, 0, 1, 1], "texture": "#8"},
				"east": {"uv": [0, 0, 1, 1], "texture": "#8"},
				"south": {"uv": [0, 0, 1, 1], "texture": "#8"},
				"west": {"uv": [0, 0, 1, 1], "texture": "#8"},
				"up": {"uv": [0, 0, 1, 1], "texture": "#8"},
				"down": {"uv": [0, 0, 1, 1], "texture": "#8"}
			}
		},
		{
			"name": "hexadecagon",
			"from": [8.46304, 14.76018, 0.29446],
			"to": [8.48358, 14.76147, 0.30737],
			"rotation": {"angle": -45, "axis": "z", "origin": [8.47331, 14.81182, 0.30092]},
			"faces": {
				"north": {"uv": [0, 0, 1, 1], "texture": "#8"},
				"east": {"uv": [0, 0, 1, 1], "texture": "#8"},
				"south": {"uv": [0, 0, 1, 1], "texture": "#8"},
				"west": {"uv": [0, 0, 1, 1], "texture": "#8"},
				"up": {"uv": [0, 0, 1, 1], "texture": "#8"},
				"down": {"uv": [0, 0, 1, 1], "texture": "#8"}
			}
		},
		{
			"from": [6.975, 13, -5],
			"to": [10.075, 13.075, 8],
			"rotation": {"angle": 0, "axis": "y", "origin": [6.975, 18.4375, 1.5]},
			"faces": {
				"north": {"uv": [6.25, 1.5, 7.5, 2], "rotation": 90, "texture": "#6"},
				"east": {"uv": [2.5, 0, 1.25, 6.5], "rotation": 270, "texture": "#6"},
				"south": {"uv": [6.25, 2, 7.5, 2.5], "rotation": 270, "texture": "#6"},
				"west": {"uv": [1.25, 6.5, 0, 0], "rotation": 270, "texture": "#6"},
				"up": {"uv": [2.5, 0, 9, 0.5], "rotation": 270, "texture": "#6"},
				"down": {"uv": [2.5, 0.5, 9, 1], "rotation": 270, "texture": "#6"}
			}
		},
		{
			"from": [6.975, 10.95, 11.45],
			"to": [10.075, 11.025, 15.95],
			"rotation": {"angle": 0, "axis": "y", "origin": [6.975, 18.4375, 1.5]},
			"faces": {
				"north": {"uv": [6.25, 1.5, 7.5, 2], "rotation": 90, "texture": "#6"},
				"east": {"uv": [2.5, 0, 1.25, 6.5], "rotation": 270, "texture": "#6"},
				"south": {"uv": [6.25, 2, 7.5, 2.5], "rotation": 270, "texture": "#6"},
				"west": {"uv": [1.25, 6.5, 0, 0], "rotation": 270, "texture": "#6"},
				"up": {"uv": [2.5, 0, 9, 0.5], "rotation": 270, "texture": "#6"},
				"down": {"uv": [2.5, 0.5, 9, 1], "rotation": 270, "texture": "#6"}
			}
		},
		{
			"from": [6.3, 10, 9.975],
			"to": [7, 10.075, 17],
			"faces": {
				"north": {"uv": [6.25, 1.5, 7.5, 2], "texture": "#6"},
				"east": {"uv": [2.5, 0, 9, 0.5], "texture": "#6"},
				"south": {"uv": [6.25, 2, 7.5, 2.5], "texture": "#6"},
				"west": {"uv": [2.5, 0.5, 9, 1], "texture": "#6"},
				"up": {"uv": [1.25, 6.5, 0, 0], "texture": "#6"},
				"down": {"uv": [2.5, 0, 1.25, 6.5], "texture": "#6"}
			}
		},
		{
			"from": [6.3, 10, -7.225],
			"to": [7, 10.075, 1],
			"faces": {
				"north": {"uv": [6.25, 1.5, 7.5, 2], "texture": "#6"},
				"east": {"uv": [2.5, 0, 9, 0.5], "texture": "#6"},
				"south": {"uv": [6.25, 2, 7.5, 2.5], "texture": "#6"},
				"west": {"uv": [2.5, 0.5, 9, 1], "texture": "#6"},
				"up": {"uv": [1.25, 6.5, 0, 0], "texture": "#6"},
				"down": {"uv": [2.5, 0, 1.25, 6.5], "texture": "#6"}
			}
		},
		{
			"from": [9.025, 10, -5],
			"to": [10, 10.075, 1],
			"rotation": {"angle": 0, "axis": "y", "origin": [16, 0, 0]},
			"faces": {
				"north": {"uv": [7.5, 1.5, 6.25, 2], "texture": "#6"},
				"east": {"uv": [9, 0.5, 2.5, 1], "texture": "#6"},
				"south": {"uv": [7.5, 2, 6.25, 2.5], "texture": "#6"},
				"west": {"uv": [9, 0, 2.5, 0.5], "texture": "#6"},
				"up": {"uv": [0, 6.5, 1.25, 0], "texture": "#6"},
				"down": {"uv": [1.25, 0, 2.5, 6.5], "texture": "#6"}
			}
		},
		{
			"from": [10, 10, -7.225],
			"to": [10.7, 10.075, 1],
			"rotation": {"angle": 0, "axis": "y", "origin": [16, 0, 0]},
			"faces": {
				"north": {"uv": [7.5, 1.5, 6.25, 2], "texture": "#6"},
				"east": {"uv": [9, 0.5, 2.5, 1], "texture": "#6"},
				"south": {"uv": [7.5, 2, 6.25, 2.5], "texture": "#6"},
				"west": {"uv": [9, 0, 2.5, 0.5], "texture": "#6"},
				"up": {"uv": [0, 6.5, 1.25, 0], "texture": "#6"},
				"down": {"uv": [1.25, 0, 2.5, 6.5], "texture": "#6"}
			}
		},
		{
			"from": [6.325, 10, 4.85],
			"to": [8.125, 10.075, 6.025],
			"faces": {
				"north": {"uv": [6.25, 1.5, 7.5, 2], "texture": "#6"},
				"east": {"uv": [2.5, 0, 9, 0.5], "texture": "#6"},
				"south": {"uv": [6.25, 2, 7.5, 2.5], "texture": "#6"},
				"west": {"uv": [2.5, 0.5, 9, 1], "texture": "#6"},
				"up": {"uv": [1.25, 6.5, 0, 0], "texture": "#6"},
				"down": {"uv": [2.5, 0, 1.25, 6.5], "texture": "#6"}
			}
		},
		{
			"from": [5.625, 10.175, 10.125],
			"to": [7.425, 10.375, 10.35],
			"faces": {
				"north": {"uv": [6.25, 1.5, 7.5, 2], "texture": "#6"},
				"east": {"uv": [2.5, 0, 9, 0.5], "texture": "#6"},
				"south": {"uv": [6.25, 2, 7.5, 2.5], "texture": "#6"},
				"west": {"uv": [2.5, 0.5, 9, 1], "texture": "#6"},
				"up": {"uv": [1.25, 6.5, 0, 0], "texture": "#6"},
				"down": {"uv": [2.5, 0, 1.25, 6.5], "texture": "#6"}
			}
		},
		{
			"from": [8.925, 10, 4.85],
			"to": [10.725, 10.075, 6.025],
			"faces": {
				"north": {"uv": [6.25, 1.5, 7.5, 2], "texture": "#6"},
				"east": {"uv": [2.5, 0, 9, 0.5], "texture": "#6"},
				"south": {"uv": [6.25, 2, 7.5, 2.5], "texture": "#6"},
				"west": {"uv": [2.5, 0.5, 9, 1], "texture": "#6"},
				"up": {"uv": [1.25, 6.5, 0, 0], "texture": "#6"},
				"down": {"uv": [2.5, 0, 1.25, 6.5], "texture": "#6"}
			}
		},
		{
			"from": [7, 10, -5],
			"to": [7.975, 10.075, 1],
			"faces": {
				"north": {"uv": [6.25, 1.5, 7.5, 2], "texture": "#6"},
				"east": {"uv": [2.5, 0, 9, 0.5], "texture": "#6"},
				"south": {"uv": [6.25, 2, 7.5, 2.5], "texture": "#6"},
				"west": {"uv": [2.5, 0.5, 9, 1], "texture": "#6"},
				"up": {"uv": [1.25, 6.5, 0, 0], "texture": "#6"},
				"down": {"uv": [2.5, 0, 1.25, 6.5], "texture": "#6"}
			}
		},
		{
			"from": [6.3, 8, -7.225],
			"to": [6.4, 10, 1],
			"faces": {
				"north": {"uv": [6.25, 1.5, 7.5, 2], "texture": "#6"},
				"east": {"uv": [2.5, 0, 9, 0.5], "texture": "#6"},
				"south": {"uv": [6.25, 2, 7.5, 2.5], "texture": "#6"},
				"west": {"uv": [2.5, 0.5, 9, 1], "texture": "#6"},
				"up": {"uv": [1.25, 6.5, 0, 0], "texture": "#6"},
				"down": {"uv": [2.5, 0, 1.25, 6.5], "texture": "#6"}
			}
		},
		{
			"from": [6.3, 8, 4.85],
			"to": [6.4, 10, 10],
			"faces": {
				"north": {"uv": [6.25, 1.5, 7.5, 2], "texture": "#6"},
				"east": {"uv": [2.5, 0, 9, 0.5], "texture": "#6"},
				"south": {"uv": [6.25, 2, 7.5, 2.5], "texture": "#6"},
				"west": {"uv": [2.5, 0.5, 9, 1], "texture": "#6"},
				"up": {"uv": [1.25, 6.5, 0, 0], "texture": "#6"},
				"down": {"uv": [2.5, 0, 1.25, 6.5], "texture": "#6"}
			}
		},
		{
			"from": [6.3, 8, 0.975],
			"to": [6.4, 9, 4.875],
			"faces": {
				"north": {"uv": [6.25, 1.5, 7.5, 2], "texture": "#6"},
				"east": {"uv": [2.5, 0, 9, 0.5], "texture": "#6"},
				"south": {"uv": [6.25, 2, 7.5, 2.5], "texture": "#6"},
				"west": {"uv": [2.5, 0.5, 9, 1], "texture": "#6"},
				"up": {"uv": [1.25, 6.5, 0, 0], "texture": "#6"},
				"down": {"uv": [2.5, 0, 1.25, 6.5], "texture": "#6"}
			}
		},
		{
			"from": [6.3, 9, 10],
			"to": [6.4, 10, 17],
			"faces": {
				"north": {"uv": [6.25, 1.5, 7.5, 2], "texture": "#6"},
				"east": {"uv": [2.5, 0, 9, 0.5], "texture": "#6"},
				"south": {"uv": [6.25, 2, 7.5, 2.5], "texture": "#6"},
				"west": {"uv": [2.5, 0.5, 9, 1], "texture": "#6"},
				"up": {"uv": [1.25, 6.5, 0, 0], "texture": "#6"},
				"down": {"uv": [2.5, 0, 1.25, 6.5], "texture": "#6"}
			}
		},
		{
			"from": [10.625, 8, -7.225],
			"to": [10.725, 10, 1],
			"rotation": {"angle": 0, "axis": "y", "origin": [16, 0, 0]},
			"faces": {
				"north": {"uv": [7.5, 1.5, 6.25, 2], "texture": "#6"},
				"east": {"uv": [9, 0.5, 2.5, 1], "texture": "#6"},
				"south": {"uv": [7.5, 2, 6.25, 2.5], "texture": "#6"},
				"west": {"uv": [9, 0, 2.5, 0.5], "texture": "#6"},
				"up": {"uv": [0, 6.5, 1.25, 0], "texture": "#6"},
				"down": {"uv": [1.25, 0, 2.5, 6.5], "texture": "#6"}
			}
		},
		{
			"from": [10.625, 8, 0.975],
			"to": [10.725, 9, 4.875],
			"rotation": {"angle": 0, "axis": "y", "origin": [16, 0, 0]},
			"faces": {
				"north": {"uv": [7.5, 1.5, 6.25, 2], "texture": "#6"},
				"east": {"uv": [9, 0.5, 2.5, 1], "texture": "#6"},
				"south": {"uv": [7.5, 2, 6.25, 2.5], "texture": "#6"},
				"west": {"uv": [9, 0, 2.5, 0.5], "texture": "#6"},
				"up": {"uv": [0, 6.5, 1.25, 0], "texture": "#6"},
				"down": {"uv": [1.25, 0, 2.5, 6.5], "texture": "#6"}
			}
		},
		{
			"from": [10.625, 8, 4.85],
			"to": [10.725, 10, 10],
			"rotation": {"angle": 0, "axis": "y", "origin": [16, 0, 0]},
			"faces": {
				"north": {"uv": [7.5, 1.5, 6.25, 2], "texture": "#6"},
				"east": {"uv": [9, 0.5, 2.5, 1], "texture": "#6"},
				"south": {"uv": [7.5, 2, 6.25, 2.5], "texture": "#6"},
				"west": {"uv": [9, 0, 2.5, 0.5], "texture": "#6"},
				"up": {"uv": [0, 6.5, 1.25, 0], "texture": "#6"},
				"down": {"uv": [1.25, 0, 2.5, 6.5], "texture": "#6"}
			}
		},
		{
			"from": [10.625, 9, 10],
			"to": [10.725, 10, 17],
			"rotation": {"angle": 0, "axis": "y", "origin": [16, 0, 0]},
			"faces": {
				"north": {"uv": [7.5, 1.5, 6.25, 2], "texture": "#6"},
				"east": {"uv": [9, 0.5, 2.5, 1], "texture": "#6"},
				"south": {"uv": [7.5, 2, 6.25, 2.5], "texture": "#6"},
				"west": {"uv": [9, 0, 2.5, 0.5], "texture": "#6"},
				"up": {"uv": [0, 6.5, 1.25, 0], "texture": "#6"},
				"down": {"uv": [1.25, 0, 2.5, 6.5], "texture": "#6"}
			}
		},
		{
			"from": [6.9375, 12.4375, -5],
			"to": [7.0125, 13.0375, 8],
			"rotation": {"angle": 0, "axis": "y", "origin": [6.475, 13, 1.025]},
			"faces": {
				"north": {"uv": [6.25, 1.5, 7.5, 2], "texture": "#6"},
				"east": {"uv": [2.5, 0, 9, 0.5], "texture": "#6"},
				"south": {"uv": [6.25, 2, 7.5, 2.5], "texture": "#6"},
				"west": {"uv": [2.5, 0.5, 9, 1], "texture": "#6"},
				"up": {"uv": [1.25, 6.5, 0, 0], "texture": "#6"},
				"down": {"uv": [2.5, 0, 1.25, 6.5], "texture": "#6"}
			}
		},
		{
			"from": [6.8375, 15.1875, -0.1],
			"to": [6.9125, 15.8625, 8.35],
			"rotation": {"angle": 0, "axis": "y", "origin": [6.475, 13, 1.025]},
			"faces": {
				"north": {"uv": [6.25, 1.5, 7.5, 2], "texture": "#6"},
				"east": {"uv": [2.5, 0, 9, 0.5], "texture": "#6"},
				"south": {"uv": [6.25, 2, 7.5, 2.5], "texture": "#6"},
				"west": {"uv": [2.5, 0.5, 9, 1], "texture": "#6"},
				"up": {"uv": [1.25, 6.5, 0, 0], "texture": "#6"},
				"down": {"uv": [2.5, 0, 1.25, 6.5], "texture": "#6"}
			}
		},
		{
			"from": [6.875, 15.775, -0.1],
			"to": [9.875, 15.85, 8.35],
			"rotation": {"angle": 0, "axis": "y", "origin": [6.875, 16.4875, 3.825]},
			"faces": {
				"north": {"uv": [6.25, 1.5, 7.5, 2], "rotation": 270, "texture": "#6"},
				"east": {"uv": [1.25, 6.5, 0, 0], "rotation": 90, "texture": "#6"},
				"south": {"uv": [6.25, 2, 7.5, 2.5], "rotation": 90, "texture": "#6"},
				"west": {"uv": [2.5, 0, 1.25, 6.5], "rotation": 90, "texture": "#6"},
				"up": {"uv": [2.5, 0.5, 9, 1], "rotation": 90, "texture": "#6"},
				"down": {"uv": [2.5, 0, 9, 0.5], "rotation": 90, "texture": "#6"}
			}
		},
		{
			"from": [9.8125, 13.7125, 5.625],
			"to": [9.8875, 14.6125, 7.475],
			"rotation": {"angle": 0, "axis": "y", "origin": [9.525, 13, 1.025]},
			"faces": {
				"north": {"uv": [7.5, 1.5, 6.25, 2], "texture": "#6"},
				"east": {"uv": [9, 0.5, 2.5, 1], "texture": "#6"},
				"south": {"uv": [7.5, 2, 6.25, 2.5], "texture": "#6"},
				"west": {"uv": [9, 0, 2.5, 0.5], "texture": "#6"},
				"up": {"uv": [0, 6.5, 1.25, 0], "texture": "#6"},
				"down": {"uv": [1.25, 0, 2.5, 6.5], "texture": "#6"}
			}
		},
		{
			"from": [9.8125, 13.7125, 0.95],
			"to": [9.8875, 14.6125, 2.675],
			"rotation": {"angle": 0, "axis": "y", "origin": [9.525, 13, 1.025]},
			"faces": {
				"north": {"uv": [7.5, 1.5, 6.25, 2], "texture": "#6"},
				"east": {"uv": [9, 0.5, 2.5, 1], "texture": "#6"},
				"south": {"uv": [7.5, 2, 6.25, 2.5], "texture": "#6"},
				"west": {"uv": [9, 0, 2.5, 0.5], "texture": "#6"},
				"up": {"uv": [0, 6.5, 1.25, 0], "texture": "#6"},
				"down": {"uv": [1.25, 0, 2.5, 6.5], "texture": "#6"}
			}
		},
		{
			"from": [9.8125, 14.5875, 0.575],
			"to": [9.8875, 15.1875, 8.35],
			"rotation": {"angle": 0, "axis": "y", "origin": [9.525, 13, 1.025]},
			"faces": {
				"north": {"uv": [7.5, 1.5, 6.25, 2], "texture": "#6"},
				"east": {"uv": [9, 0.5, 2.5, 1], "texture": "#6"},
				"south": {"uv": [7.5, 2, 6.25, 2.5], "texture": "#6"},
				"west": {"uv": [9, 0, 2.5, 0.5], "texture": "#6"},
				"up": {"uv": [0, 6.5, 1.25, 0], "texture": "#6"},
				"down": {"uv": [1.25, 0, 2.5, 6.5], "texture": "#6"}
			}
		},
		{
			"from": [9.8125, 15.1875, -0.1],
			"to": [9.8875, 15.7875, 8.35],
			"rotation": {"angle": 0, "axis": "y", "origin": [9.525, 13, 1.025]},
			"faces": {
				"north": {"uv": [7.5, 1.5, 6.25, 2], "texture": "#6"},
				"east": {"uv": [9, 0.5, 2.5, 1], "texture": "#6"},
				"south": {"uv": [7.5, 2, 6.25, 2.5], "texture": "#6"},
				"west": {"uv": [9, 0, 2.5, 0.5], "texture": "#6"},
				"up": {"uv": [0, 6.5, 1.25, 0], "texture": "#6"},
				"down": {"uv": [1.25, 0, 2.5, 6.5], "texture": "#6"}
			}
		},
		{
			"from": [6.8375, 14.5875, 0.575],
			"to": [6.9125, 15.1875, 8.35],
			"rotation": {"angle": 0, "axis": "y", "origin": [6.475, 13, 1.025]},
			"faces": {
				"north": {"uv": [6.25, 1.5, 7.5, 2], "texture": "#6"},
				"east": {"uv": [2.5, 0, 9, 0.5], "texture": "#6"},
				"south": {"uv": [6.25, 2, 7.5, 2.5], "texture": "#6"},
				"west": {"uv": [2.5, 0.5, 9, 1], "texture": "#6"},
				"up": {"uv": [1.25, 6.5, 0, 0], "texture": "#6"},
				"down": {"uv": [2.5, 0, 1.25, 6.5], "texture": "#6"}
			}
		},
		{
			"from": [6.8375, 13.7125, 0.95],
			"to": [6.9125, 14.6125, 2.675],
			"rotation": {"angle": 0, "axis": "y", "origin": [6.475, 13, 1.025]},
			"faces": {
				"north": {"uv": [6.25, 1.5, 7.5, 2], "texture": "#6"},
				"east": {"uv": [2.5, 0, 9, 0.5], "texture": "#6"},
				"south": {"uv": [6.25, 2, 7.5, 2.5], "texture": "#6"},
				"west": {"uv": [2.5, 0.5, 9, 1], "texture": "#6"},
				"up": {"uv": [1.25, 6.5, 0, 0], "texture": "#6"},
				"down": {"uv": [2.5, 0, 1.25, 6.5], "texture": "#6"}
			}
		},
		{
			"from": [6.8375, 13.7375, 5.625],
			"to": [6.9125, 14.6125, 7.475],
			"rotation": {"angle": 0, "axis": "y", "origin": [6.475, 13, 1.025]},
			"faces": {
				"north": {"uv": [6.25, 1.5, 7.5, 2], "texture": "#6"},
				"east": {"uv": [2.5, 0, 9, 0.5], "texture": "#6"},
				"south": {"uv": [6.25, 2, 7.5, 2.5], "texture": "#6"},
				"west": {"uv": [2.5, 0.5, 9, 1], "texture": "#6"},
				"up": {"uv": [1.25, 6.5, 0, 0], "texture": "#6"},
				"down": {"uv": [2.5, 0, 1.25, 6.5], "texture": "#6"}
			}
		},
		{
			"from": [6.7375, 14.0375, 6.425],
			"to": [6.8875, 14.4375, 6.8],
			"rotation": {"angle": 0, "axis": "y", "origin": [6.475, 13, 1.025]},
			"faces": {
				"north": {"uv": [6.25, 1.5, 7.5, 2], "texture": "#5"},
				"east": {"uv": [2.5, 0, 9, 0.5], "texture": "#6"},
				"south": {"uv": [6.25, 2, 7.5, 2.5], "texture": "#5"},
				"west": {"uv": [2.5, 0.5, 9, 1], "texture": "#5"},
				"up": {"uv": [1.25, 6.5, 0, 0], "texture": "#5"},
				"down": {"uv": [2.5, 0, 1.25, 6.5], "texture": "#5"}
			}
		},
		{
			"from": [9.8375, 14.0375, 6.425],
			"to": [9.9875, 14.4375, 6.8],
			"rotation": {"angle": 0, "axis": "y", "origin": [6.475, 13, 1.025]},
			"faces": {
				"north": {"uv": [6.25, 1.5, 7.5, 2], "texture": "#5"},
				"east": {"uv": [2.5, 0, 9, 0.5], "texture": "#6"},
				"south": {"uv": [6.25, 2, 7.5, 2.5], "texture": "#5"},
				"west": {"uv": [2.5, 0.5, 9, 1], "texture": "#5"},
				"up": {"uv": [1.25, 6.5, 0, 0], "texture": "#5"},
				"down": {"uv": [2.5, 0, 1.25, 6.5], "texture": "#5"}
			}
		},
		{
			"from": [6.9375, 12.7125, -9.875],
			"to": [7.0125, 13.1625, -4.825],
			"rotation": {"angle": -22.5, "axis": "x", "origin": [6.975, 12.7375, -4.5]},
			"faces": {
				"north": {"uv": [6.25, 1.5, 7.5, 2], "texture": "#6"},
				"east": {"uv": [2.5, 0, 9, 0.5], "texture": "#6"},
				"south": {"uv": [6.25, 2, 7.5, 2.5], "texture": "#6"},
				"west": {"uv": [2.5, 0.5, 9, 1], "texture": "#6"},
				"up": {"uv": [1.25, 6.5, 0, 0], "texture": "#6"},
				"down": {"uv": [2.5, 0, 1.25, 6.5], "texture": "#6"}
			}
		},
		{
			"from": [6.95, 13.125, -9.875],
			"to": [10.1, 13.2, -4.85],
			"rotation": {"angle": -22.5, "axis": "x", "origin": [6.975, 12.7375, -4.5]},
			"faces": {
				"north": {"uv": [6.25, 1.5, 7.5, 2], "rotation": 270, "texture": "#6"},
				"east": {"uv": [1.25, 6.5, 0, 0], "rotation": 90, "texture": "#6"},
				"south": {"uv": [6.25, 2, 7.5, 2.5], "rotation": 90, "texture": "#6"},
				"west": {"uv": [2.5, 0, 1.25, 6.5], "rotation": 90, "texture": "#6"},
				"up": {"uv": [2.5, 0.5, 9, 1], "rotation": 90, "texture": "#6"},
				"down": {"uv": [2.5, 0, 9, 0.5], "rotation": 90, "texture": "#6"}
			}
		},
		{
			"from": [6.9375, 11.9875, -6.225],
			"to": [7.0125, 12.4875, -3.875],
			"rotation": {"angle": 0, "axis": "y", "origin": [6.475, 13, 1.025]},
			"faces": {
				"north": {"uv": [6.25, 1.5, 7.5, 2], "texture": "#6"},
				"east": {"uv": [2.5, 0, 9, 0.5], "texture": "#6"},
				"south": {"uv": [6.25, 2, 7.5, 2.5], "texture": "#6"},
				"west": {"uv": [2.5, 0.5, 9, 1], "texture": "#6"},
				"up": {"uv": [1.25, 6.5, 0, 0], "texture": "#6"},
				"down": {"uv": [2.5, 0, 1.25, 6.5], "texture": "#6"}
			}
		},
		{
			"from": [6.9875, 12.4375, -5],
			"to": [7.0125, 13.0375, 8],
			"rotation": {"angle": 0, "axis": "y", "origin": [6.475, 13, 1.025]},
			"faces": {
				"north": {"uv": [6.25, 1.5, 7.5, 2], "texture": "#6"},
				"east": {"uv": [2.5, 0, 9, 0.5], "texture": "#6"},
				"south": {"uv": [6.25, 2, 7.5, 2.5], "texture": "#6"},
				"west": {"uv": [2.5, 0.5, 9, 1], "texture": "#6"},
				"up": {"uv": [1.25, 6.5, 0, 0], "texture": "#6"},
				"down": {"uv": [2.5, 0, 1.25, 6.5], "texture": "#6"}
			}
		},
		{
			"from": [6.9375, 11.9875, 4.75],
			"to": [7.0125, 12.4375, 8],
			"rotation": {"angle": 0, "axis": "y", "origin": [6.475, 13, 1.025]},
			"faces": {
				"north": {"uv": [6.25, 1.5, 7.5, 2], "texture": "#6"},
				"east": {"uv": [2.5, 0, 9, 0.5], "texture": "#6"},
				"south": {"uv": [6.25, 2, 7.5, 2.5], "texture": "#6"},
				"west": {"uv": [2.5, 0.5, 9, 1], "texture": "#6"},
				"up": {"uv": [1.25, 6.5, 0, 0], "texture": "#6"},
				"down": {"uv": [2.5, 0, 1.25, 6.5], "texture": "#6"}
			}
		},
		{
			"from": [6.9375, 11.5375, 6],
			"to": [7.0125, 11.9875, 8.6],
			"rotation": {"angle": 0, "axis": "y", "origin": [6.475, 13, 1.025]},
			"faces": {
				"north": {"uv": [6.25, 1.5, 7.5, 2], "texture": "#6"},
				"east": {"uv": [2.5, 0, 9, 0.5], "texture": "#6"},
				"south": {"uv": [6.25, 2, 7.5, 2.5], "texture": "#6"},
				"west": {"uv": [2.5, 0.5, 9, 1], "texture": "#6"},
				"up": {"uv": [1.25, 6.5, 0, 0], "texture": "#6"},
				"down": {"uv": [2.5, 0, 1.25, 6.5], "texture": "#6"}
			}
		},
		{
			"from": [6.9375, 11.5375, -7.325],
			"to": [7.0125, 11.9875, -4.95],
			"rotation": {"angle": 0, "axis": "y", "origin": [6.475, 13, 1.025]},
			"faces": {
				"north": {"uv": [6.25, 1.5, 7.5, 2], "texture": "#6"},
				"east": {"uv": [2.5, 0, 9, 0.5], "texture": "#6"},
				"south": {"uv": [6.25, 2, 7.5, 2.5], "texture": "#6"},
				"west": {"uv": [2.5, 0.5, 9, 1], "texture": "#6"},
				"up": {"uv": [1.25, 6.5, 0, 0], "texture": "#6"},
				"down": {"uv": [2.5, 0, 1.25, 6.5], "texture": "#6"}
			}
		},
		{
			"from": [6.9375, 11.0875, -8.525],
			"to": [7.0125, 11.5375, -5.525],
			"rotation": {"angle": 0, "axis": "y", "origin": [6.475, 13, 1.025]},
			"faces": {
				"north": {"uv": [6.25, 1.5, 7.5, 2], "texture": "#6"},
				"east": {"uv": [2.5, 0, 9, 0.5], "texture": "#6"},
				"south": {"uv": [6.25, 2, 7.5, 2.5], "texture": "#6"},
				"west": {"uv": [2.5, 0.5, 9, 1], "texture": "#6"},
				"up": {"uv": [1.25, 6.5, 0, 0], "texture": "#6"},
				"down": {"uv": [2.5, 0, 1.25, 6.5], "texture": "#6"}
			}
		},
		{
			"from": [6.9375, 10.6375, -10],
			"to": [7.0125, 11.0875, -7.075],
			"rotation": {"angle": 0, "axis": "y", "origin": [6.475, 13, 1.025]},
			"faces": {
				"north": {"uv": [6.25, 1.5, 7.5, 2], "texture": "#6"},
				"east": {"uv": [2.5, 0, 9, 0.5], "texture": "#6"},
				"south": {"uv": [6.25, 2, 7.5, 2.5], "texture": "#6"},
				"west": {"uv": [2.5, 0.5, 9, 1], "texture": "#6"},
				"up": {"uv": [1.25, 6.5, 0, 0], "texture": "#6"},
				"down": {"uv": [2.5, 0, 1.25, 6.5], "texture": "#6"}
			}
		},
		{
			"from": [9.9875, 12.7125, -8.85],
			"to": [10.0625, 13.1625, -4.825],
			"rotation": {"angle": -22.5, "axis": "x", "origin": [10.025, 12.7375, -4.5]},
			"faces": {
				"north": {"uv": [7.5, 1.5, 6.25, 2], "texture": "#6"},
				"east": {"uv": [9, 0.5, 2.5, 1], "texture": "#6"},
				"south": {"uv": [7.5, 2, 6.25, 2.5], "texture": "#6"},
				"west": {"uv": [9, 0, 2.5, 0.5], "texture": "#6"},
				"up": {"uv": [0, 6.5, 1.25, 0], "texture": "#6"},
				"down": {"uv": [1.25, 0, 2.5, 6.5], "texture": "#6"}
			}
		},
		{
			"from": [9.9875, 11.9875, -6.225],
			"to": [10.0625, 12.4875, -3.875],
			"rotation": {"angle": 0, "axis": "y", "origin": [10.525, 13, 1.025]},
			"faces": {
				"north": {"uv": [7.5, 1.5, 6.25, 2], "texture": "#6"},
				"east": {"uv": [9, 0.5, 2.5, 1], "texture": "#6"},
				"south": {"uv": [7.5, 2, 6.25, 2.5], "texture": "#6"},
				"west": {"uv": [9, 0, 2.5, 0.5], "texture": "#6"},
				"up": {"uv": [0, 6.5, 1.25, 0], "texture": "#6"},
				"down": {"uv": [1.25, 0, 2.5, 6.5], "texture": "#6"}
			}
		},
		{
			"from": [9.9875, 11.5375, -7.325],
			"to": [10.0625, 11.9875, -4.95],
			"rotation": {"angle": 0, "axis": "y", "origin": [10.525, 13, 1.025]},
			"faces": {
				"north": {"uv": [7.5, 1.5, 6.25, 2], "texture": "#6"},
				"east": {"uv": [9, 0.5, 2.5, 1], "texture": "#6"},
				"south": {"uv": [7.5, 2, 6.25, 2.5], "texture": "#6"},
				"west": {"uv": [9, 0, 2.5, 0.5], "texture": "#6"},
				"up": {"uv": [0, 6.5, 1.25, 0], "texture": "#6"},
				"down": {"uv": [1.25, 0, 2.5, 6.5], "texture": "#6"}
			}
		},
		{
			"from": [9.9875, 11.0875, -8.525],
			"to": [10.0625, 11.5375, -4.95],
			"rotation": {"angle": 0, "axis": "y", "origin": [10.525, 13, 1.025]},
			"faces": {
				"north": {"uv": [7.5, 1.5, 6.25, 2], "texture": "#6"},
				"east": {"uv": [9, 0.5, 2.5, 1], "texture": "#6"},
				"south": {"uv": [7.5, 2, 6.25, 2.5], "texture": "#6"},
				"west": {"uv": [9, 0, 2.5, 0.5], "texture": "#6"},
				"up": {"uv": [0, 6.5, 1.25, 0], "texture": "#6"},
				"down": {"uv": [1.25, 0, 2.5, 6.5], "texture": "#6"}
			}
		},
		{
			"from": [9.9875, 10.6375, -10],
			"to": [10.0625, 11.0875, -4.95],
			"rotation": {"angle": 0, "axis": "y", "origin": [10.525, 13, 1.025]},
			"faces": {
				"north": {"uv": [7.5, 1.5, 6.25, 2], "texture": "#6"},
				"east": {"uv": [9, 0.5, 2.5, 1], "texture": "#6"},
				"south": {"uv": [7.5, 2, 6.25, 2.5], "texture": "#6"},
				"west": {"uv": [9, 0, 2.5, 0.5], "texture": "#6"},
				"up": {"uv": [0, 6.5, 1.25, 0], "texture": "#6"},
				"down": {"uv": [1.25, 0, 2.5, 6.5], "texture": "#6"}
			}
		},
		{
			"from": [6.9375, 11.0875, 6],
			"to": [7.0125, 11.5375, 8.6],
			"rotation": {"angle": 0, "axis": "y", "origin": [6.475, 13, 1.025]},
			"faces": {
				"north": {"uv": [6.25, 1.5, 7.5, 2], "texture": "#6"},
				"east": {"uv": [2.5, 0, 9, 0.5], "texture": "#6"},
				"south": {"uv": [6.25, 2, 7.5, 2.5], "texture": "#6"},
				"west": {"uv": [2.5, 0.5, 9, 1], "texture": "#6"},
				"up": {"uv": [1.25, 6.5, 0, 0], "texture": "#6"},
				"down": {"uv": [2.5, 0, 1.25, 6.5], "texture": "#6"}
			}
		},
		{
			"from": [6.9375, 10.4375, 6],
			"to": [7.0125, 11.0875, 8.6],
			"rotation": {"angle": 0, "axis": "y", "origin": [6.475, 13, 1.025]},
			"faces": {
				"north": {"uv": [6.25, 1.5, 7.5, 2], "texture": "#6"},
				"east": {"uv": [2.5, 0, 9, 0.5], "texture": "#6"},
				"south": {"uv": [6.25, 2, 7.5, 2.5], "texture": "#6"},
				"west": {"uv": [2.5, 0.5, 9, 1], "texture": "#6"},
				"up": {"uv": [1.25, 6.5, 0, 0], "texture": "#6"},
				"down": {"uv": [2.5, 0, 1.25, 6.5], "texture": "#6"}
			}
		},
		{
			"from": [10.0625, 10.4375, 6],
			"to": [10.1375, 11.0875, 8.6],
			"rotation": {"angle": 0, "axis": "y", "origin": [6.475, 13, 1.025]},
			"faces": {
				"north": {"uv": [6.25, 1.5, 7.5, 2], "texture": "#6"},
				"east": {"uv": [2.5, 0, 9, 0.5], "texture": "#6"},
				"south": {"uv": [6.25, 2, 7.5, 2.5], "texture": "#6"},
				"west": {"uv": [2.5, 0.5, 9, 1], "texture": "#6"},
				"up": {"uv": [1.25, 6.5, 0, 0], "texture": "#6"},
				"down": {"uv": [2.5, 0, 1.25, 6.5], "texture": "#6"}
			}
		},
		{
			"from": [6.9375, 10.4375, 8.6],
			"to": [7.0125, 11.0125, 17.05],
			"rotation": {"angle": 0, "axis": "y", "origin": [6.475, 13, 1.025]},
			"faces": {
				"north": {"uv": [6.25, 1.5, 7.5, 2], "texture": "#6"},
				"east": {"uv": [2.5, 0, 9, 0.5], "texture": "#6"},
				"south": {"uv": [6.25, 2, 7.5, 2.5], "texture": "#6"},
				"west": {"uv": [2.5, 0.5, 9, 1], "texture": "#6"},
				"up": {"uv": [1.25, 6.5, 0, 0], "texture": "#6"},
				"down": {"uv": [2.5, 0, 1.25, 6.5], "texture": "#6"}
			}
		},
		{
			"from": [10.0375, 10.4375, 8.6],
			"to": [10.1125, 11.0125, 17.05],
			"rotation": {"angle": 0, "axis": "y", "origin": [9.525, 13, 1.025]},
			"faces": {
				"north": {"uv": [7.5, 1.5, 6.25, 2], "texture": "#6"},
				"east": {"uv": [9, 0.5, 2.5, 1], "texture": "#6"},
				"south": {"uv": [7.5, 2, 6.25, 2.5], "texture": "#6"},
				"west": {"uv": [9, 0, 2.5, 0.5], "texture": "#6"},
				"up": {"uv": [0, 6.5, 1.25, 0], "texture": "#6"},
				"down": {"uv": [1.25, 0, 2.5, 6.5], "texture": "#6"}
			}
		},
		{
			"from": [10.0125, 11.9875, -5],
			"to": [10.0875, 12.4375, -3.875],
			"rotation": {"angle": 0, "axis": "y", "origin": [6.475, 13, 1.025]},
			"faces": {
				"north": {"uv": [6.25, 1.5, 7.5, 2], "texture": "#6"},
				"east": {"uv": [2.5, 0, 9, 0.5], "texture": "#6"},
				"south": {"uv": [6.25, 2, 7.5, 2.5], "texture": "#6"},
				"west": {"uv": [2.5, 0.5, 9, 1], "texture": "#6"},
				"up": {"uv": [1.25, 6.5, 0, 0], "texture": "#6"},
				"down": {"uv": [2.5, 0, 1.25, 6.5], "texture": "#6"}
			}
		},
		{
			"from": [10.0125, 12.4375, -5],
			"to": [10.0875, 13.0375, 8],
			"rotation": {"angle": 0, "axis": "y", "origin": [6.475, 13, 1.025]},
			"faces": {
				"north": {"uv": [6.25, 1.5, 7.5, 2], "texture": "#6"},
				"east": {"uv": [2.5, 0, 9, 0.5], "texture": "#6"},
				"south": {"uv": [6.25, 2, 7.5, 2.5], "texture": "#6"},
				"west": {"uv": [2.5, 0.5, 9, 1], "texture": "#6"},
				"up": {"uv": [1.25, 6.5, 0, 0], "texture": "#6"},
				"down": {"uv": [2.5, 0, 1.25, 6.5], "texture": "#6"}
			}
		},
		{
			"from": [10.0125, 11.9875, 4.75],
			"to": [10.0875, 12.4375, 8],
			"rotation": {"angle": 0, "axis": "y", "origin": [6.475, 13, 1.025]},
			"faces": {
				"north": {"uv": [6.25, 1.5, 7.5, 2], "texture": "#6"},
				"east": {"uv": [2.5, 0, 9, 0.5], "texture": "#6"},
				"south": {"uv": [6.25, 2, 7.5, 2.5], "texture": "#6"},
				"west": {"uv": [2.5, 0.5, 9, 1], "texture": "#6"},
				"up": {"uv": [1.25, 6.5, 0, 0], "texture": "#6"},
				"down": {"uv": [2.5, 0, 1.25, 6.5], "texture": "#6"}
			}
		},
		{
			"from": [10.0125, 11.5375, 6],
			"to": [10.0875, 11.9875, 8.6],
			"rotation": {"angle": 0, "axis": "y", "origin": [6.475, 13, 1.025]},
			"faces": {
				"north": {"uv": [6.25, 1.5, 7.5, 2], "texture": "#6"},
				"east": {"uv": [2.5, 0, 9, 0.5], "texture": "#6"},
				"south": {"uv": [6.25, 2, 7.5, 2.5], "texture": "#6"},
				"west": {"uv": [2.5, 0.5, 9, 1], "texture": "#6"},
				"up": {"uv": [1.25, 6.5, 0, 0], "texture": "#6"},
				"down": {"uv": [2.5, 0, 1.25, 6.5], "texture": "#6"}
			}
		},
		{
			"from": [10.0125, 11.0875, 6],
			"to": [10.0875, 11.5375, 8.6],
			"rotation": {"angle": 0, "axis": "y", "origin": [6.475, 13, 1.025]},
			"faces": {
				"north": {"uv": [6.25, 1.5, 7.5, 2], "texture": "#6"},
				"east": {"uv": [2.5, 0, 9, 0.5], "texture": "#6"},
				"south": {"uv": [6.25, 2, 7.5, 2.5], "texture": "#6"},
				"west": {"uv": [2.5, 0.5, 9, 1], "texture": "#6"},
				"up": {"uv": [1.25, 6.5, 0, 0], "texture": "#6"},
				"down": {"uv": [2.5, 0, 1.25, 6.5], "texture": "#6"}
			}
		},
		{
			"from": [10.0125, 10.8625, 6],
			"to": [10.0875, 11.0875, 8.6],
			"rotation": {"angle": 0, "axis": "y", "origin": [6.475, 13, 1.025]},
			"faces": {
				"north": {"uv": [6.25, 1.5, 7.5, 2], "texture": "#6"},
				"east": {"uv": [2.5, 0, 9, 0.5], "texture": "#6"},
				"south": {"uv": [6.25, 2, 7.5, 2.5], "texture": "#6"},
				"west": {"uv": [2.5, 0.5, 9, 1], "texture": "#6"},
				"up": {"uv": [1.25, 6.5, 0, 0], "texture": "#6"},
				"down": {"uv": [2.5, 0, 1.25, 6.5], "texture": "#6"}
			}
		},
		{
			"from": [10.0125, 10.8625, 8.6],
			"to": [10.0875, 11.0125, 10.075],
			"rotation": {"angle": 0, "axis": "y", "origin": [6.475, 13, 1.025]},
			"faces": {
				"north": {"uv": [6.25, 1.5, 7.5, 2], "texture": "#6"},
				"east": {"uv": [2.5, 0, 9, 0.5], "texture": "#6"},
				"south": {"uv": [6.25, 2, 7.5, 2.5], "texture": "#6"},
				"west": {"uv": [2.5, 0.5, 9, 1], "texture": "#6"},
				"up": {"uv": [1.25, 6.5, 0, 0], "texture": "#6"},
				"down": {"uv": [2.5, 0, 1.25, 6.5], "texture": "#6"}
			}
		},
		{
			"from": [6.95, 13.03977, -3.89404],
			"to": [10.05, 13.13977, -1.99404],
			"rotation": {"angle": 0, "axis": "y", "origin": [6.25, 10.48977, -3.84404]},
			"faces": {
				"north": {"uv": [0, 5, 5, 7], "rotation": 180, "texture": "#4"},
				"east": {"uv": [6, 0, 9, 2], "rotation": 180, "texture": "#4"},
				"south": {"uv": [5, 5, 10, 7], "rotation": 180, "texture": "#4"},
				"west": {"uv": [6, 2, 9, 4], "rotation": 180, "texture": "#4"},
				"up": {"uv": [6, 0, 3, 5], "rotation": 270, "texture": "#4"},
				"down": {"uv": [3, 5, 0, 0], "rotation": 90, "texture": "#4"}
			}
		},
		{
			"from": [6.9, 11.98977, -3.89404],
			"to": [7.2, 13.08977, -1.99404],
			"rotation": {"angle": 0, "axis": "y", "origin": [6.25, 10.48977, -3.84404]},
			"faces": {
				"north": {"uv": [0, 5, 5, 7], "rotation": 270, "texture": "#4"},
				"east": {"uv": [3, 5, 0, 0], "texture": "#4"},
				"south": {"uv": [5, 5, 10, 7], "rotation": 90, "texture": "#4"},
				"west": {"uv": [6, 0, 3, 5], "rotation": 180, "texture": "#4"},
				"up": {"uv": [6, 0, 9, 2], "rotation": 90, "texture": "#4"},
				"down": {"uv": [6, 2, 9, 4], "rotation": 90, "texture": "#4"}
			}
		},
		{
			"from": [6.3, 10.03977, -3.89404],
			"to": [8.05, 10.13977, -1.99404],
			"rotation": {"angle": 0, "axis": "y", "origin": [6.25, 10.48977, -3.84404]},
			"faces": {
				"north": {"uv": [0, 5, 5, 7], "rotation": 180, "texture": "#4"},
				"east": {"uv": [6, 0, 9, 2], "rotation": 180, "texture": "#4"},
				"south": {"uv": [5, 5, 10, 7], "rotation": 180, "texture": "#4"},
				"west": {"uv": [6, 2, 9, 4], "rotation": 180, "texture": "#4"},
				"up": {"uv": [6, 0, 3, 5], "rotation": 270, "texture": "#4"},
				"down": {"uv": [3, 5, 0, 0], "rotation": 90, "texture": "#4"}
			}
		},
		{
			"from": [6.275, 7.88977, -3.89404],
			"to": [6.375, 10.13977, -1.99404],
			"rotation": {"angle": 0, "axis": "y", "origin": [6.25, 10.48977, -3.84404]},
			"faces": {
				"north": {"uv": [0, 5, 5, 7], "rotation": 270, "texture": "#4"},
				"east": {"uv": [3, 5, 0, 0], "texture": "#4"},
				"south": {"uv": [5, 5, 10, 7], "rotation": 90, "texture": "#4"},
				"west": {"uv": [6, 0, 3, 5], "rotation": 180, "texture": "#4"},
				"up": {"uv": [6, 0, 9, 2], "rotation": 90, "texture": "#4"},
				"down": {"uv": [6, 2, 9, 4], "rotation": 90, "texture": "#4"}
			}
		},
		{
			"from": [9, 9.98977, 0.10596],
			"to": [9.1, 10.98977, 0.70596],
			"rotation": {"angle": 0, "axis": "y", "origin": [9.75, 10.48977, -3.84404]},
			"faces": {
				"north": {"uv": [0, 7, 5, 5], "rotation": 270, "texture": "#4"},
				"east": {"uv": [3, 0, 6, 5], "rotation": 180, "texture": "#4"},
				"south": {"uv": [5, 7, 10, 5], "rotation": 90, "texture": "#4"},
				"west": {"uv": [0, 5, 3, 0], "texture": "#4"},
				"up": {"uv": [6, 2, 9, 0], "rotation": 90, "texture": "#4"},
				"down": {"uv": [6, 4, 9, 2], "rotation": 90, "texture": "#4"}
			}
		},
		{
			"from": [6.9, 11.98977, 0.10596],
			"to": [7.2, 13.08977, 0.70596],
			"rotation": {"angle": 0, "axis": "y", "origin": [6.25, 10.48977, -3.84404]},
			"faces": {
				"north": {"uv": [0, 5, 5, 7], "rotation": 270, "texture": "#4"},
				"east": {"uv": [3, 5, 0, 0], "texture": "#4"},
				"south": {"uv": [5, 5, 10, 7], "rotation": 90, "texture": "#4"},
				"west": {"uv": [6, 0, 3, 5], "rotation": 180, "texture": "#4"},
				"up": {"uv": [6, 0, 9, 2], "rotation": 90, "texture": "#4"},
				"down": {"uv": [6, 2, 9, 4], "rotation": 90, "texture": "#4"}
			}
		},
		{
			"from": [6.95, 12.98977, 0.10596],
			"to": [10.05, 13.08977, 0.70596],
			"rotation": {"angle": 0, "axis": "y", "origin": [6.25, 10.48977, -3.84404]},
			"faces": {
				"north": {"uv": [0, 5, 5, 7], "rotation": 180, "texture": "#4"},
				"east": {"uv": [6, 0, 9, 2], "rotation": 180, "texture": "#4"},
				"south": {"uv": [5, 5, 10, 7], "rotation": 180, "texture": "#4"},
				"west": {"uv": [6, 2, 9, 4], "rotation": 180, "texture": "#4"},
				"up": {"uv": [6, 0, 3, 5], "rotation": 270, "texture": "#4"},
				"down": {"uv": [3, 5, 0, 0], "rotation": 90, "texture": "#4"}
			}
		},
		{
			"from": [10, 11.98977, 0.10596],
			"to": [10.1, 13.08977, 0.70596],
			"rotation": {"angle": 0, "axis": "y", "origin": [6.25, 10.48977, -3.84404]},
			"faces": {
				"north": {"uv": [0, 5, 5, 7], "rotation": 90, "texture": "#4"},
				"east": {"uv": [6, 0, 3, 5], "texture": "#4"},
				"south": {"uv": [5, 5, 10, 7], "rotation": 270, "texture": "#4"},
				"west": {"uv": [3, 5, 0, 0], "rotation": 180, "texture": "#4"},
				"up": {"uv": [6, 2, 9, 4], "rotation": 270, "texture": "#4"},
				"down": {"uv": [6, 0, 9, 2], "rotation": 270, "texture": "#4"}
			}
		},
		{
			"from": [10, 11.98977, -3.89404],
			"to": [10.1, 13.13977, -1.99404],
			"rotation": {"angle": 0, "axis": "y", "origin": [6.25, 10.48977, -3.84404]},
			"faces": {
				"north": {"uv": [0, 5, 5, 7], "rotation": 90, "texture": "#4"},
				"east": {"uv": [6, 0, 3, 5], "texture": "#4"},
				"south": {"uv": [5, 5, 10, 7], "rotation": 270, "texture": "#4"},
				"west": {"uv": [3, 5, 0, 0], "rotation": 180, "texture": "#4"},
				"up": {"uv": [6, 2, 9, 4], "rotation": 270, "texture": "#4"},
				"down": {"uv": [6, 0, 9, 2], "rotation": 270, "texture": "#4"}
			}
		},
		{
			"from": [6.3, 7.88977, 0.10596],
			"to": [7.4, 7.98977, 0.70596],
			"rotation": {"angle": 0, "axis": "y", "origin": [6.25, 10.48977, -3.84404]},
			"faces": {
				"north": {"uv": [0, 5, 5, 7], "texture": "#4"},
				"east": {"uv": [6, 2, 9, 4], "texture": "#4"},
				"south": {"uv": [5, 5, 10, 7], "texture": "#4"},
				"west": {"uv": [6, 0, 9, 2], "texture": "#4"},
				"up": {"uv": [3, 5, 0, 0], "rotation": 270, "texture": "#4"},
				"down": {"uv": [6, 0, 3, 5], "rotation": 90, "texture": "#4"}
			}
		},
		{
			"from": [6.275, 7.88977, 0.10596],
			"to": [6.375, 10.13977, 0.70596],
			"rotation": {"angle": 0, "axis": "y", "origin": [6.25, 10.48977, -3.84404]},
			"faces": {
				"north": {"uv": [0, 5, 5, 7], "rotation": 270, "texture": "#4"},
				"east": {"uv": [3, 5, 0, 0], "texture": "#4"},
				"south": {"uv": [5, 5, 10, 7], "rotation": 90, "texture": "#4"},
				"west": {"uv": [6, 0, 3, 5], "rotation": 180, "texture": "#4"},
				"up": {"uv": [6, 0, 9, 2], "rotation": 90, "texture": "#4"},
				"down": {"uv": [6, 2, 9, 4], "rotation": 90, "texture": "#4"}
			}
		},
		{
			"from": [6.3, 10.03977, 0.10596],
			"to": [8.05, 10.13977, 0.70596],
			"rotation": {"angle": 0, "axis": "y", "origin": [6.25, 10.48977, -3.84404]},
			"faces": {
				"north": {"uv": [0, 5, 5, 7], "rotation": 180, "texture": "#4"},
				"east": {"uv": [6, 0, 9, 2], "rotation": 180, "texture": "#4"},
				"south": {"uv": [5, 5, 10, 7], "rotation": 180, "texture": "#4"},
				"west": {"uv": [6, 2, 9, 4], "rotation": 180, "texture": "#4"},
				"up": {"uv": [6, 0, 3, 5], "rotation": 270, "texture": "#4"},
				"down": {"uv": [3, 5, 0, 0], "rotation": 90, "texture": "#4"}
			}
		},
		{
			"from": [7.95, 10.93977, 0.10596],
			"to": [9.05, 11.03977, 0.70596],
			"rotation": {"angle": 0, "axis": "y", "origin": [6.25, 10.48977, -3.84404]},
			"faces": {
				"north": {"uv": [0, 5, 5, 7], "rotation": 180, "texture": "#4"},
				"east": {"uv": [6, 0, 9, 2], "rotation": 180, "texture": "#4"},
				"south": {"uv": [5, 5, 10, 7], "rotation": 180, "texture": "#4"},
				"west": {"uv": [6, 2, 9, 4], "rotation": 180, "texture": "#4"},
				"up": {"uv": [6, 0, 3, 5], "rotation": 270, "texture": "#4"},
				"down": {"uv": [3, 5, 0, 0], "rotation": 90, "texture": "#4"}
			}
		},
		{
			"from": [7.9, 9.98977, 0.10596],
			"to": [8, 10.98977, 0.70596],
			"rotation": {"angle": 0, "axis": "y", "origin": [6.25, 10.48977, -3.84404]},
			"faces": {
				"north": {"uv": [0, 5, 5, 7], "rotation": 270, "texture": "#4"},
				"east": {"uv": [3, 5, 0, 0], "texture": "#4"},
				"south": {"uv": [5, 5, 10, 7], "rotation": 90, "texture": "#4"},
				"west": {"uv": [6, 0, 3, 5], "rotation": 180, "texture": "#4"},
				"up": {"uv": [6, 0, 9, 2], "rotation": 90, "texture": "#4"},
				"down": {"uv": [6, 2, 9, 4], "rotation": 90, "texture": "#4"}
			}
		},
		{
			"from": [8.95, 10.01477, 0.10596],
			"to": [10.775, 10.11477, 0.70596],
			"rotation": {"angle": 0, "axis": "y", "origin": [9.75, 10.48977, -3.84404]},
			"faces": {
				"north": {"uv": [5, 5, 0, 7], "rotation": 180, "texture": "#4"},
				"east": {"uv": [9, 2, 6, 4], "rotation": 180, "texture": "#4"},
				"south": {"uv": [10, 5, 5, 7], "rotation": 180, "texture": "#4"},
				"west": {"uv": [9, 0, 6, 2], "rotation": 180, "texture": "#4"},
				"up": {"uv": [6, 5, 3, 0], "rotation": 270, "texture": "#4"},
				"down": {"uv": [3, 0, 0, 5], "rotation": 90, "texture": "#4"}
			}
		},
		{
			"from": [10.675, 7.88977, 0.10596],
			"to": [10.775, 10.03977, 0.70596],
			"rotation": {"angle": 0, "axis": "y", "origin": [9.75, 10.48977, -3.84404]},
			"faces": {
				"north": {"uv": [0, 7, 5, 5], "rotation": 270, "texture": "#4"},
				"east": {"uv": [3, 0, 6, 5], "rotation": 180, "texture": "#4"},
				"south": {"uv": [5, 7, 10, 5], "rotation": 90, "texture": "#4"},
				"west": {"uv": [0, 5, 3, 0], "texture": "#4"},
				"up": {"uv": [6, 2, 9, 0], "rotation": 90, "texture": "#4"},
				"down": {"uv": [6, 4, 9, 2], "rotation": 90, "texture": "#4"}
			}
		},
		{
			"from": [9.95, 7.83977, 0.10596],
			"to": [10.775, 7.93977, 0.70596],
			"rotation": {"angle": 0, "axis": "y", "origin": [9.75, 10.48977, -3.84404]},
			"faces": {
				"north": {"uv": [5, 5, 0, 7], "texture": "#4"},
				"east": {"uv": [9, 0, 6, 2], "texture": "#4"},
				"south": {"uv": [10, 5, 5, 7], "texture": "#4"},
				"west": {"uv": [9, 2, 6, 4], "texture": "#4"},
				"up": {"uv": [3, 0, 0, 5], "rotation": 270, "texture": "#4"},
				"down": {"uv": [6, 5, 3, 0], "rotation": 90, "texture": "#4"}
			}
		},
		{
			"from": [6.3, 7.88977, -3.89404],
			"to": [7.4, 7.98977, -1.99404],
			"rotation": {"angle": 0, "axis": "y", "origin": [6.25, 10.48977, -3.84404]},
			"faces": {
				"north": {"uv": [0, 5, 5, 7], "texture": "#4"},
				"east": {"uv": [6, 2, 9, 4], "texture": "#4"},
				"south": {"uv": [5, 5, 10, 7], "texture": "#4"},
				"west": {"uv": [6, 0, 9, 2], "texture": "#4"},
				"up": {"uv": [3, 5, 0, 0], "rotation": 270, "texture": "#4"},
				"down": {"uv": [6, 0, 3, 5], "rotation": 90, "texture": "#4"}
			}
		},
		{
			"from": [9, 9.98977, -3.89404],
			"to": [9.1, 10.98977, -1.99404],
			"rotation": {"angle": 0, "axis": "y", "origin": [9.75, 10.48977, -3.84404]},
			"faces": {
				"north": {"uv": [0, 7, 5, 5], "rotation": 270, "texture": "#4"},
				"east": {"uv": [3, 0, 6, 5], "rotation": 180, "texture": "#4"},
				"south": {"uv": [5, 7, 10, 5], "rotation": 90, "texture": "#4"},
				"west": {"uv": [0, 5, 3, 0], "texture": "#4"},
				"up": {"uv": [6, 2, 9, 0], "rotation": 90, "texture": "#4"},
				"down": {"uv": [6, 4, 9, 2], "rotation": 90, "texture": "#4"}
			}
		},
		{
			"from": [7.95, 10.93977, -3.89404],
			"to": [9.05, 11.03977, -1.99404],
			"rotation": {"angle": 0, "axis": "y", "origin": [6.25, 10.48977, -3.84404]},
			"faces": {
				"north": {"uv": [0, 5, 5, 7], "rotation": 180, "texture": "#4"},
				"east": {"uv": [6, 0, 9, 2], "rotation": 180, "texture": "#4"},
				"south": {"uv": [5, 5, 10, 7], "rotation": 180, "texture": "#4"},
				"west": {"uv": [6, 2, 9, 4], "rotation": 180, "texture": "#4"},
				"up": {"uv": [6, 0, 3, 5], "rotation": 270, "texture": "#4"},
				"down": {"uv": [3, 5, 0, 0], "rotation": 90, "texture": "#4"}
			}
		},
		{
			"from": [7.9, 9.98977, -3.89404],
			"to": [8, 10.98977, -1.99404],
			"rotation": {"angle": 0, "axis": "y", "origin": [6.25, 10.48977, -3.84404]},
			"faces": {
				"north": {"uv": [0, 5, 5, 7], "rotation": 270, "texture": "#4"},
				"east": {"uv": [3, 5, 0, 0], "texture": "#4"},
				"south": {"uv": [5, 5, 10, 7], "rotation": 90, "texture": "#4"},
				"west": {"uv": [6, 0, 3, 5], "rotation": 180, "texture": "#4"},
				"up": {"uv": [6, 0, 9, 2], "rotation": 90, "texture": "#4"},
				"down": {"uv": [6, 2, 9, 4], "rotation": 90, "texture": "#4"}
			}
		},
		{
			"from": [8.95, 10.01477, -3.89404],
			"to": [10.775, 10.11477, -1.99404],
			"rotation": {"angle": 0, "axis": "y", "origin": [9.75, 10.48977, -3.84404]},
			"faces": {
				"north": {"uv": [5, 5, 0, 7], "rotation": 180, "texture": "#4"},
				"east": {"uv": [9, 2, 6, 4], "rotation": 180, "texture": "#4"},
				"south": {"uv": [10, 5, 5, 7], "rotation": 180, "texture": "#4"},
				"west": {"uv": [9, 0, 6, 2], "rotation": 180, "texture": "#4"},
				"up": {"uv": [6, 5, 3, 0], "rotation": 270, "texture": "#4"},
				"down": {"uv": [3, 0, 0, 5], "rotation": 90, "texture": "#4"}
			}
		},
		{
			"from": [10.675, 7.88977, -3.89404],
			"to": [10.775, 10.03977, -1.99404],
			"rotation": {"angle": 0, "axis": "y", "origin": [9.75, 10.48977, -3.84404]},
			"faces": {
				"north": {"uv": [0, 7, 5, 5], "rotation": 270, "texture": "#4"},
				"east": {"uv": [3, 0, 6, 5], "rotation": 180, "texture": "#4"},
				"south": {"uv": [5, 7, 10, 5], "rotation": 90, "texture": "#4"},
				"west": {"uv": [0, 5, 3, 0], "texture": "#4"},
				"up": {"uv": [6, 2, 9, 0], "rotation": 90, "texture": "#4"},
				"down": {"uv": [6, 4, 9, 2], "rotation": 90, "texture": "#4"}
			}
		},
		{
			"from": [9.95, 7.83977, -3.89404],
			"to": [10.775, 7.93977, -1.99404],
			"rotation": {"angle": 0, "axis": "y", "origin": [9.75, 10.48977, -3.84404]},
			"faces": {
				"north": {"uv": [5, 5, 0, 7], "texture": "#4"},
				"east": {"uv": [9, 0, 6, 2], "texture": "#4"},
				"south": {"uv": [10, 5, 5, 7], "texture": "#4"},
				"west": {"uv": [9, 2, 6, 4], "texture": "#4"},
				"up": {"uv": [3, 0, 0, 5], "rotation": 270, "texture": "#4"},
				"down": {"uv": [6, 5, 3, 0], "rotation": 90, "texture": "#4"}
			}
		}
	],
	"display": {
		"thirdperson_righthand": {
			"rotation": [80.86, -26.44, -44.2],
			"translation": [1.25, 1.25, 2.5],
			"scale": [0.46485, 0.46485, 0.46485]
		},
		"thirdperson_lefthand": {
			"rotation": [80.86, -26.44, -44.2],
			"translation": [1.25, 1.25, 2.5],
			"scale": [0.46485, 0.46485, 0.46485]
		},
		"firstperson_righthand": {
			"rotation": [30.73, -3.27, -44.23],
			"translation": [-0.25, 4, -1.75]
		},
		"firstperson_lefthand": {
			"rotation": [30.73, -3.27, -44.23],
			"translation": [-0.25, 4, -1.75]
		},
		"ground": {
			"translation": [0, 4, 0],
			"scale": [0.57617, 0.57617, 0.57617]
		},
		"gui": {
			"rotation": [37.95, -41.8, 49.44],
			"scale": [0.63477, 0.63477, 0.63477]
		},
		"head": {
			"rotation": [90, -35.5, 90],
			"translation": [0, -12.75, 6.25],
			"scale": [0.65039, 0.65039, 0.65039]
		},
		"fixed": {
			"rotation": [98.51, 55.43, -97.98],
			"translation": [0, 0, -2.25]
		}
	},
	"groups": [
		{
			"name": "Culata",
			"origin": [8.5, 13.62132, 21.94975],
			"color": 0,
			"children": [0, 1, 2, 3, 4, 5, 6, 7, 8, 9, 10, 11, 12, 13, 14, 15, 16]
		},
		{
			"name": "Cuerpo",
			"origin": [0, 0, 0],
			"color": 3,
			"children": [17, 18, 19, 20, 21, 22, 23, 24, 25, 26, 27, 28, 29, 30, 31, 32, 33, 34, 35]
		},
		{
			"name": "Mira",
			"origin": [0, 0, 0],
			"color": 0,
			"children": [36, 37, 38, 39, 40, 41, 42, 43]
		},
		{
			"name": "Reticula",
			"origin": [8.49296, 14.80871, 0.1],
			"color": 0,
			"children": [44, 45, 46, 47, 48, 49, 50, 51, 52, 53, 54, 55, 56, 57, 58, 59, 60, 61, 62, 63, 64, 65, 66, 67, 68, 69, 70, 71, 72, 73, 74, 75, 76, 77, 78, 79, 80, 81]
		},
		{
			"name": "cuerpo externo",
			"origin": [0, 0, 0],
			"color": 2,
			"children": [
				82,
				83,
				84,
				85,
				86,
				87,
				88,
				89,
				90,
				91,
				92,
				93,
				94,
				95,
				96,
				97,
				98,
				99,
				100,
				101,
				102,
				103,
				104,
				105,
				106,
				107,
				108,
				109,
				110,
				111,
				112,
				113,
				{
					"name": "cuerpo externo",
					"origin": [0, 0, 0],
					"color": 2,
					"children": [114]
				},
				{
					"name": "cuerpo externo",
					"origin": [0, 0, 0],
					"color": 2,
					"children": [
						115,
						{
							"name": "cuerpo externo",
							"origin": [0, 0, 0],
							"color": 2,
							"children": [116, 117, 118, 119, 120, 121, 122, 123, 124, 125, 126, 127, 128, 129, 130, 131, 132, 133, 134, 135, 136, 137]
						}
					]
				}
			]
		},
		{
			"name": "Lineas amarillas",
			"origin": [9.75, 10.48977, -3.84404],
			"color": 0,
			"children": [138, 139, 140, 141, 142, 143, 144, 145, 146, 147, 148, 149, 150, 151, 152, 153, 154, 155, 156, 157, 158, 159, 160, 161]
		}
	]
}