{
	"credit": "Made with Blockbench",
	"texture_size": [32, 32],
	"textures": {
		"0": "block/color/bloques/polished_diorite",
		"1": "block/color/bloques/black_wool",
		"2": "block/color/bloques/red_wool",
		"particle": "block/color/bloques/polished_diorite"
	},
	"elements": [
		{
			"from": [5.45, 8.675, 8.125],
			"to": [10.6, 8.8, 11.75],
			"rotation": {"angle": 22.5, "axis": "x", "origin": [8, 9.0625, 10.25]},
			"faces": {
				"north": {"uv": [0, 0, 2.575, 0.0625], "texture": "#2"},
				"east": {"uv": [0, 0, 1.8125, 0.0625], "texture": "#2"},
				"south": {"uv": [0, 0, 2.575, 0.0625], "texture": "#2"},
				"west": {"uv": [0, 0, 1.8125, 0.0625], "texture": "#2"},
				"up": {"uv": [0, 0, 16, 16], "texture": "#2"},
				"down": {"uv": [0, 0, 2.575, 1.8125], "texture": "#2"}
			}
		},
		{
			"from": [5.825, 8.825, 8.45],
			"to": [10.05, 8.95, 11.45],
			"rotation": {"angle": 22.5, "axis": "x", "origin": [8, 9.0625, 10.25]},
			"faces": {
				"north": {"uv": [0, 0, 2.1125, 0.0625], "texture": "#2"},
				"east": {"uv": [0, 0, 1.5, 0.0625], "texture": "#2"},
				"south": {"uv": [0, 0, 2.1125, 0.0625], "texture": "#2"},
				"west": {"uv": [0, 0, 1.5, 0.0625], "texture": "#2"},
				"up": {"uv": [0, 0, 16, 16], "texture": "#2"},
				"down": {"uv": [0, 0, 2.1125, 1.5], "texture": "#2"}
			}
		},
		{
			"from": [6.15, 8.975, 8.675],
			"to": [9.775, 9.1, 11.2],
			"rotation": {"angle": 22.5, "axis": "x", "origin": [8, 9.0625, 10.25]},
			"faces": {
				"north": {"uv": [0, 0, 1.8125, 0.0625], "texture": "#2"},
				"east": {"uv": [0, 0, 1.2625, 0.0625], "texture": "#2"},
				"south": {"uv": [0, 0, 1.8125, 0.0625], "texture": "#2"},
				"west": {"uv": [0, 0, 1.2625, 0.0625], "texture": "#2"},
				"up": {"uv": [0, 0, 16, 16], "texture": "#2"},
				"down": {"uv": [0, 0, 1.8125, 1.2625], "texture": "#2"}
			}
		},
		{
			"from": [7.35, 6.5, 10.375],
			"to": [8.6, 7, 10.925],
			"faces": {
				"east": {"uv": [0, 0, 0.275, 0.25], "texture": "#missing"},
				"south": {"uv": [12, 10, 16, 16], "texture": "#0"},
				"west": {"uv": [0, 0, 0.275, 0.25], "texture": "#missing"},
				"up": {"uv": [0, 0, 0.625, 0.275], "texture": "#missing"},
				"down": {"uv": [0, 0, 0.625, 0.275], "texture": "#missing"}
			}
		},
		{
			"from": [6.85, 6.75, 10.35],
			"to": [7.6, 7.25, 10.9],
			"faces": {
				"east": {"uv": [0, 0, 0.275, 0.25], "texture": "#missing"},
				"south": {"uv": [0, 8.75, 7.375, 16], "texture": "#0"},
				"west": {"uv": [0, 0, 0.275, 0.25], "texture": "#missing"},
				"up": {"uv": [0, 0, 0.375, 0.275], "texture": "#missing"},
				"down": {"uv": [0, 0, 0.375, 0.275], "texture": "#missing"}
			}
		},
		{
			"from": [7.125, 6.575, 10.35],
			"to": [7.6, 7.075, 10.9],
			"faces": {
				"south": {"uv": [2, 12.75, 5.2375, 16], "texture": "#0"},
				"west": {"uv": [0, 0, 0.275, 0.25], "texture": "#missing"},
				"down": {"uv": [0, 0, 0.2375, 0.275], "texture": "#missing"}
			}
		},
		{
			"from": [8.3, 6.575, 10.35],
			"to": [8.775, 7.075, 10.9],
			"faces": {
				"east": {"uv": [0, 0, 0.275, 0.25], "texture": "#missing"},
				"south": {"uv": [0, 12.75, 3.2375, 16], "texture": "#0"},
				"west": {"uv": [0, 0, 0.275, 0.25], "texture": "#missing"},
				"up": {"uv": [0, 0, 0.2375, 0.275], "texture": "#missing"},
				"down": {"uv": [0, 0, 0.2375, 0.275], "texture": "#missing"}
			}
		},
		{
			"from": [8.325, 6.75, 10.35],
			"to": [9.075, 7.25, 10.9],
			"faces": {
				"east": {"uv": [0, 0, 0.275, 0.25], "texture": "#missing"},
				"south": {"uv": [7, 8.75, 14.375, 16], "texture": "#0"},
				"west": {"uv": [0, 0, 0.275, 0.25], "texture": "#missing"},
				"up": {"uv": [0, 0, 0.375, 0.275], "texture": "#missing"},
				"down": {"uv": [0, 0, 0.375, 0.275], "texture": "#missing"}
			}
		},
		{
			"from": [6.85, 7.625, 10.05],
			"to": [7.575, 7.7, 10.8],
			"rotation": {"angle": -22.5, "axis": "z", "origin": [7.2125, 7.6625, 10.425]},
			"faces": {
				"north": {"uv": [0, 0, 0.3625, 0.0375], "texture": "#missing"},
				"east": {"uv": [0, 0, 0.375, 0.0375], "texture": "#missing"},
				"south": {"uv": [0, 0, 0.3625, 0.0375], "texture": "#1"},
				"west": {"uv": [0, 0, 0.375, 0.0375], "texture": "#missing"},
				"up": {"uv": [0, 0, 0.3625, 0.375], "texture": "#missing"},
				"down": {"uv": [0, 0, 0.3625, 0.375], "texture": "#missing"}
			}
		},
		{
			"from": [8.425, 7.625, 10.05],
			"to": [9.15, 7.7, 10.8],
			"rotation": {"angle": 22.5, "axis": "z", "origin": [8.7875, 7.6625, 10.425]},
			"faces": {
				"north": {"uv": [0.3625, 0, 0.725, 0.0375], "texture": "#missing"},
				"east": {"uv": [0.375, 0, 0.75, 0.0375], "texture": "#missing"},
				"south": {"uv": [0.3625, 0, 0.725, 0.0375], "texture": "#1"},
				"west": {"uv": [0.375, 0, 0.75, 0.0375], "texture": "#missing"},
				"up": {"uv": [0.3625, 0, 0.725, 0.375], "texture": "#missing"},
				"down": {"uv": [0.3625, 0, 0.725, 0.375], "texture": "#missing"}
			}
		},
		{
			"from": [9.1725, 6.3115, 10.82375],
			"to": [9.27225, 7.27575, 10.95675],
			"rotation": {"angle": 0, "axis": "y", "origin": [9.04738, 10.02487, 11.22525]},
			"faces": {
				"north": {"uv": [0, 0, 16, 15], "rotation": 270, "texture": "#1"},
				"east": {"uv": [0, 0, 16, 16], "rotation": 90, "texture": "#1"},
				"south": {"uv": [0, 0, 16, 16], "rotation": 90, "texture": "#1"},
				"west": {"uv": [0, 0, 16, 16], "rotation": 90, "texture": "#1"},
				"up": {"uv": [0, 0, 16, 16], "rotation": 90, "texture": "#1"},
				"down": {"uv": [0, 0, 16, 16], "rotation": 90, "texture": "#1"}
			}
		},
		{
			"from": [6.81175, 7.176, 10.82375],
			"to": [9.1725, 7.27575, 10.95675],
			"rotation": {"angle": 0, "axis": "y", "origin": [9.04738, 10.02487, 11.22525]},
			"faces": {
				"north": {"uv": [0, 0, 16, 16], "texture": "#1"},
				"south": {"uv": [0, 0, 16, 16], "texture": "#1"},
				"up": {"uv": [0, 0, 16, 15], "texture": "#1"},
				"down": {"uv": [0, 0, 16, 16], "texture": "#1"}
			}
		},
		{
			"from": [6.7785, 6.3115, 10.82375],
			"to": [6.87825, 7.27575, 10.95675],
			"rotation": {"angle": 0, "axis": "y", "origin": [9.04738, 10.02487, 11.22525]},
			"faces": {
				"north": {"uv": [0.3625, 0, 0.725, 0.0375], "rotation": 270, "texture": "#1"},
				"east": {"uv": [0.3625, 0, 0.725, 0.05], "rotation": 90, "texture": "#1"},
				"south": {"uv": [0.3625, 0, 0.725, 0.0375], "rotation": 90, "texture": "#1"},
				"west": {"uv": [0.3625, 0, 16, 16], "rotation": 90, "texture": "#1"},
				"up": {"uv": [0.375, 0, 0.425, 0.0375], "rotation": 90, "texture": "#1"},
				"down": {"uv": [0.375, 0, 0.425, 0.0375], "rotation": 90, "texture": "#1"}
			}
		},
		{
			"from": [10, 5.1, 6.25],
			"to": [10.25, 8.875, 9.25],
			"rotation": {"angle": 0, "axis": "y", "origin": [16, 0, 0]},
			"faces": {
				"north": {"uv": [0.125, 0, 0.25, 1.8875], "texture": "#0"},
				"east": {"uv": [0, 0, 16, 16], "texture": "#0"},
				"south": {"uv": [0.125, 0, 0.25, 1.8875], "texture": "#0"},
				"up": {"uv": [16, 1, 16, 16], "texture": "#0"},
				"down": {"uv": [0.125, 0, 16, 16], "texture": "#0"}
			}
		},
		{
			"from": [5.75, 5.1, 6.25],
			"to": [6, 8.875, 9.25],
			"faces": {
				"north": {"uv": [0, 0, 0.125, 1.8875], "texture": "#0"},
				"south": {"uv": [0, 0, 0.125, 1.8875], "texture": "#0"},
				"west": {"uv": [0, 0, 16, 16], "texture": "#0"},
				"up": {"uv": [16, 0, 16, 16], "texture": "#0"},
				"down": {"uv": [0, 0, 16, 16], "texture": "#0"}
			}
		},
		{
			"from": [6, 5, 6.25],
			"to": [10, 9, 9.25],
			"faces": {
				"north": {"uv": [0, 0, 16, 16], "texture": "#0"},
				"east": {"uv": [0, 0, 16, 16], "texture": "#0"},
				"south": {"uv": [0, 0, 2, 2], "texture": "#0"},
				"west": {"uv": [0, 0, 1.5, 2], "texture": "#0"},
				"up": {"uv": [0, 0, 16, 16], "texture": "#0"},
				"down": {"uv": [0, 0, 16, 16], "texture": "#0"}
			}
		},
		{
			"from": [6, 5.5, 4.75],
			"to": [10, 8.5, 5.5],
			"faces": {
				"north": {"uv": [7, 2.5, 16, 16], "texture": "#0"},
				"up": {"uv": [0, 0, 16, 16], "texture": "#0"},
				"down": {"uv": [0, 0, 16, 16], "texture": "#0"}
			}
		},
		{
			"from": [7.375, 7.025, 4.375],
			"to": [8.525, 7.775, 5.125],
			"faces": {
				"north": {"uv": [0, 0, 16, 16], "texture": "#0"},
				"east": {"uv": [0, 0, 16, 15], "texture": "#0"},
				"west": {"uv": [0, 0, 16, 16], "texture": "#0"},
				"up": {"uv": [0, 0, 16, 16], "texture": "#0"},
				"down": {"uv": [0, 0, 16, 16], "texture": "#0"}
			}
		},
		{
			"from": [8.45, 6.7875, 3.0125],
			"to": [9.2, 7.1125, 4.6375],
			"rotation": {"angle": -22.5, "axis": "y", "origin": [7.95, 7.4, 3.5375]},
			"faces": {
				"north": {"uv": [0, 0, 16, 16], "rotation": 90, "texture": "#0"},
				"east": {"uv": [0, 0, 16, 15], "rotation": 180, "texture": "#0"},
				"south": {"uv": [0, 0, 0.1625, 0.375], "rotation": 270, "texture": "#0"},
				"west": {"uv": [0, 0, 16, 16], "texture": "#0"},
				"up": {"uv": [0, 0, 16, 16], "rotation": 270, "texture": "#0"},
				"down": {"uv": [0, 0, 16, 16], "rotation": 270, "texture": "#0"}
			}
		},
		{
			"from": [6.65, 6.7875, 2.9875],
			"to": [7.4, 7.1125, 4.6125],
			"rotation": {"angle": 22.5, "axis": "y", "origin": [7.95, 7.4, 3.5375]},
			"faces": {
				"north": {"uv": [0, 0, 16, 16], "rotation": 90, "texture": "#0"},
				"east": {"uv": [0, 0, 16, 15], "rotation": 180, "texture": "#0"},
				"south": {"uv": [0, 0, 0.1625, 0.375], "rotation": 270, "texture": "#0"},
				"west": {"uv": [0, 0, 16, 16], "texture": "#0"},
				"up": {"uv": [0, 0, 16, 16], "rotation": 270, "texture": "#0"},
				"down": {"uv": [0, 0, 16, 16], "rotation": 270, "texture": "#0"}
			}
		},
		{
			"from": [3.625, 5.7875, 5.6875],
			"to": [4.375, 6.1125, 8.3125],
			"rotation": {"angle": 22.5, "axis": "y", "origin": [7.95, 7.4, 3.5375]},
			"faces": {
				"north": {"uv": [0, 0, 0.1625, 0.375], "rotation": 90, "texture": "#0"},
				"east": {"uv": [0, 0, 16, 15], "rotation": 180, "texture": "#0"},
				"west": {"uv": [0, 0, 16, 16], "texture": "#0"},
				"up": {"uv": [0, 0, 16, 16], "rotation": 270, "texture": "#0"},
				"down": {"uv": [0, 0, 16, 16], "rotation": 270, "texture": "#0"}
			}
		},
		{
			"from": [11.625, 5.7875, 5.6875],
			"to": [12.375, 6.1125, 8.3125],
			"rotation": {"angle": -22.5, "axis": "y", "origin": [8.05, 7.4, 3.5375]},
			"faces": {
				"north": {"uv": [0, 16, 16, 0], "rotation": 90, "texture": "#0"},
				"east": {"uv": [16, 0, 0, 15], "texture": "#0"},
				"west": {"uv": [16, 0, 0, 16], "rotation": 180, "texture": "#0"},
				"up": {"uv": [0, 16, 16, 0], "rotation": 270, "texture": "#0"},
				"down": {"uv": [0, 16, 16, 0], "rotation": 270, "texture": "#0"}
			}
		},
		{
			"from": [6, 5.25, 5.5],
			"to": [10, 8.75, 6.25],
			"faces": {
				"north": {"uv": [0, 0, 6, 16], "texture": "#0"},
				"up": {"uv": [3, 1, 16, 16], "texture": "#0"},
				"down": {"uv": [0, 0, 16, 16], "texture": "#0"}
			}
		},
		{
			"from": [6, 5.5, 10],
			"to": [10, 8.5, 10.75],
			"rotation": {"angle": 0, "axis": "y", "origin": [8, 7, 11.375]},
			"faces": {
				"south": {"uv": [0, 0, 15, 16], "rotation": 180, "texture": "#0"},
				"up": {"uv": [0, 0, 2, 0.375], "texture": "#0"},
				"down": {"uv": [0, 0, 16, 16], "texture": "#0"}
			}
		},
		{
			"from": [6, 5.25, 9.25],
			"to": [10, 8.75, 10],
			"rotation": {"angle": 0, "axis": "y", "origin": [8, 7, 11.375]},
			"faces": {
				"south": {"uv": [0, 0, 2, 1.75], "rotation": 180, "texture": "#0"},
				"up": {"uv": [0, 0, 2, 0.375], "texture": "#0"},
				"down": {"uv": [0, 0, 16, 16], "texture": "#0"}
			}
		},
		{
			"from": [5.75, 5.25, 9.25],
			"to": [6, 8.75, 10],
			"rotation": {"angle": 0, "axis": "y", "origin": [8, 7, 11.375]},
			"faces": {
				"south": {"uv": [0, 0, 0.125, 1.75], "rotation": 180, "texture": "#0"},
				"west": {"uv": [7, 4, 16, 16], "rotation": 180, "texture": "#0"},
				"up": {"uv": [0, 0, 0.125, 0.375], "texture": "#0"},
				"down": {"uv": [0, 0, 0.125, 0.375], "texture": "#0"}
			}
		},
		{
			"from": [10, 5.5, 4.75],
			"to": [10.25, 8.5, 5.5],
			"rotation": {"angle": 0, "axis": "y", "origin": [8, 7, 11.375]},
			"faces": {
				"north": {"uv": [1.125, 0, 16, 5.5], "rotation": 180, "texture": "#0"},
				"east": {"uv": [1.625, 8.5, 16, 16], "rotation": 180, "texture": "#0"},
				"up": {"uv": [7.125, 7, 7.25, 7.375], "texture": "#0"},
				"down": {"uv": [0.125, 0, 0.25, 0.375], "texture": "#0"}
			}
		},
		{
			"from": [5.75, 5.25, 5.5],
			"to": [6, 8.75, 6.25],
			"rotation": {"angle": 0, "axis": "y", "origin": [8, 7, 11.375]},
			"faces": {
				"north": {"uv": [0, 0, 0.125, 1.75], "rotation": 180, "texture": "#0"},
				"west": {"uv": [0, 0, 16, 16], "rotation": 180, "texture": "#0"},
				"up": {"uv": [16, 0, 16, 6], "texture": "#0"},
				"down": {"uv": [0, 0, 0.125, 0.375], "texture": "#0"}
			}
		},
		{
			"from": [10, 5.5, 10],
			"to": [10.25, 8.5, 10.75],
			"rotation": {"angle": 0, "axis": "y", "origin": [8, 7, 11.375]},
			"faces": {
				"east": {"uv": [0, 2.5, 16, 16], "rotation": 180, "texture": "#0"},
				"south": {"uv": [0.125, 0, 16, 15], "rotation": 180, "texture": "#0"},
				"up": {"uv": [0.125, 0, 0.25, 0.375], "texture": "#0"},
				"down": {"uv": [0.125, 0, 0.25, 0.375], "texture": "#0"}
			}
		},
		{
			"from": [5.75, 5.5, 4.75],
			"to": [6, 8.5, 5.5],
			"rotation": {"angle": 0, "axis": "y", "origin": [8, 7, 11.375]},
			"faces": {
				"north": {"uv": [0, 0, 0.125, 1.5], "rotation": 180, "texture": "#0"},
				"west": {"uv": [0, 0, 16, 16], "rotation": 180, "texture": "#0"},
				"up": {"uv": [16, 2, 16, 6], "texture": "#0"},
				"down": {"uv": [0, 0, 0.125, 0.375], "texture": "#0"}
			}
		},
		{
			"from": [5.75, 5.5, 10],
			"to": [6, 8.5, 10.75],
			"rotation": {"angle": 0, "axis": "y", "origin": [8, 7, 11.375]},
			"faces": {
				"south": {"uv": [0, 0, 16, 16], "rotation": 180, "texture": "#0"},
				"west": {"uv": [11, 7, 16, 16], "rotation": 180, "texture": "#0"},
				"up": {"uv": [0, 0, 0.125, 0.375], "texture": "#0"},
				"down": {"uv": [0, 0, 0.125, 0.375], "texture": "#0"}
			}
		},
		{
			"from": [10, 5.25, 5.5],
			"to": [10.25, 8.75, 6.25],
			"rotation": {"angle": 0, "axis": "y", "origin": [8, 7, 11.375]},
			"faces": {
				"north": {"uv": [0.125, 0, 0.25, 1.75], "rotation": 180, "texture": "#0"},
				"east": {"uv": [4.375, 2, 16, 16], "rotation": 180, "texture": "#0"},
				"up": {"uv": [0.125, 0, 0.25, 0.375], "texture": "#0"},
				"down": {"uv": [0.125, 0, 0.25, 0.375], "texture": "#0"}
			}
		},
		{
			"from": [10, 5.25, 9.25],
			"to": [10.25, 8.75, 10],
			"rotation": {"angle": 0, "axis": "y", "origin": [8, 7, 11.375]},
			"faces": {
				"east": {"uv": [2.625, 0, 16, 16], "rotation": 180, "texture": "#0"},
				"south": {"uv": [0.125, 0, 0.25, 1.75], "rotation": 180, "texture": "#0"},
				"up": {"uv": [0.125, 0, 0.25, 0.375], "texture": "#0"},
				"down": {"uv": [0.125, 0, 0.25, 0.375], "texture": "#0"}
			}
		},
		{
			"from": [7.75, 3.125, 7.45],
			"to": [8.25, 5, 8.15],
			"faces": {
				"north": {"uv": [0, 0, 0.25, 0.9375], "texture": "#1"},
				"east": {"uv": [0, 0, 0.35, 0.9375], "texture": "#1"},
				"south": {"uv": [0, 0, 0.25, 0.9375], "texture": "#1"},
				"west": {"uv": [0, 0, 0.35, 0.9375], "texture": "#1"},
				"up": {"uv": [0, 0, 0.25, 0.35], "texture": "#1"},
				"down": {"uv": [0, 0, 0.25, 0.35], "texture": "#1"}
			}
		}
	],
	"display": {
		"thirdperson_righthand": {
			"rotation": [-178.96, -7.25, 178.3],
			"translation": [0, 3.75, 1]
		},
		"firstperson_righthand": {
			"rotation": [180, 0, 180],
			"translation": [0, 4, 0],
			"scale": [1.41211, 1.41211, 1.41211]
		},
		"head": {
			"rotation": [180, 0, 180],
			"translation": [0, 11, 0],
			"scale": [1.64844, 1.64844, 1.64844]
		},
		"fixed": {
			"rotation": [-90.25, 0, 0],
			"translation": [0, 0, -9.5],
			"scale": [1.98633, 1.98633, 1.98633]
		}
	},
	"groups": [
		{
			"name": "Sombrero",
			"origin": [8, 9.0625, 10.25],
			"color": 0,
			"children": [0, 1, 2]
		},
		{
			"name": "Cara",
			"origin": [9.04738, 10.02487, 11.22525],
			"color": 0,
			"children": [3, 4, 5, 6, 7, 8, 9, 10, 11, 12]
		},
		{
			"name": "Cuerpo",
			"origin": [8, 7, 11.375],
			"color": 0,
			"children": [13, 14, 15, 16, 17, 18, 19, 20, 21, 22, 23, 24, 25, 26, 27, 28, 29, 30, 31, 32]
		},
		33
	]
}