{
	"credit": "Made with Blockbench",
	"texture_size": [32, 32],
	"textures": {
		"0": "block/color/graymetal_lighter",
		"1": "block/color/cauldron_inner",
		"2": "block/color/brightpurple",
		"particle": "block/color/graymetal_lighter"
	},
	"elements": [
		{
			"from": [7, 5.6269, 9.58991],
			"to": [7.35, 5.8519, 10.46491],
			"rotation": {"angle": -22.5, "axis": "z", "origin": [5.4, 4.9644, 9.56491]},
			"faces": {
				"north": {"uv": [2.175, 5, 3.35, 7.0625], "texture": "#1"},
				"east": {"uv": [2.8, 5, 4.1875, 7.0625], "texture": "#1"},
				"south": {"uv": [2.175, 5, 3.35, 7.0625], "texture": "#1"},
				"west": {"uv": [2.8, 5, 4.1875, 7.0625], "texture": "#1"},
				"up": {"uv": [2, 7.175, 3, 5], "rotation": 270, "texture": "#1"}
			}
		},
		{
			"from": [7.98023, 4.03505, 9.58991],
			"to": [8.33023, 4.26005, 10.46491],
			"rotation": {"angle": 45, "axis": "z", "origin": [7.45523, 5.22255, 10.00241]},
			"faces": {
				"north": {"uv": [2.175, 5, 3.35, 7.0625], "texture": "#1"},
				"east": {"uv": [2.8, 5, 4.2, 7.0625], "texture": "#1"},
				"south": {"uv": [2.175, 5, 3.35, 7.0625], "texture": "#1"},
				"up": {"uv": [2, 7.175, 3, 5], "rotation": 270, "texture": "#1"}
			}
		},
		{
			"from": [7.2, 4.975, 10.125],
			"to": [8.8, 5.175, 10.5],
			"rotation": {"angle": -22.5, "axis": "x", "origin": [8, 4.9875, 10.525]},
			"faces": {
				"east": {"uv": [2, 5, 3.175, 7.0625], "texture": "#1"},
				"south": {"uv": [2, 5, 3.8, 7.0625], "texture": "#1"},
				"west": {"uv": [2, 5, 3.175, 7.0625], "texture": "#1"},
				"up": {"uv": [2, 5, 3, 7], "texture": "#1"}
			}
		},
		{
			"from": [7.2, 4.9519, 9.53991],
			"to": [8.8, 5.1519, 9.88991],
			"rotation": {"angle": 22.5, "axis": "x", "origin": [8, 4.9644, 9.56491]},
			"faces": {
				"north": {"uv": [2.8, 5, 4.6, 7.0625], "texture": "#1"},
				"east": {"uv": [2.175, 5, 3.35, 7.0625], "texture": "#1"},
				"west": {"uv": [2.175, 5, 3.35, 7.0625], "texture": "#1"},
				"up": {"uv": [2, 7.175, 3, 5], "texture": "#1"}
			}
		},
		{
			"from": [7.95523, 4.03505, 5.61491],
			"to": [8.30523, 4.26005, 6.41491],
			"rotation": {"angle": 45, "axis": "z", "origin": [7.45523, 5.22255, 6.00241]},
			"faces": {
				"north": {"uv": [2.175, 5, 3.35, 7.0625], "texture": "#1"},
				"east": {"uv": [2.8, 5, 4.2, 7.0625], "texture": "#1"},
				"south": {"uv": [2.175, 5, 3.35, 7.0625], "texture": "#1"},
				"up": {"uv": [2, 5.175, 4.4, 7.35], "rotation": 270, "texture": "#1"}
			}
		},
		{
			"from": [6.5125, 4.575, 7.3625],
			"to": [6.7875, 4.75, 8.7375],
			"rotation": {"angle": 22.5, "axis": "z", "origin": [5.875, 5.0125, 8.05]},
			"faces": {
				"north": {"uv": [2.1375, 5, 3.275, 7.0625], "texture": "#1"},
				"east": {"uv": [2.6875, 5, 4.375, 7.0625], "texture": "#1"},
				"south": {"uv": [2.1375, 5, 3.275, 7.0625], "texture": "#1"},
				"up": {"uv": [2, 7.1375, 3, 5], "rotation": 90, "texture": "#1"}
			}
		},
		{
			"from": [6.26837, 5.09633, 8.5375],
			"to": [6.84337, 5.27133, 8.8125],
			"rotation": {"angle": -22.5, "axis": "x", "origin": [6.38087, 4.95883, 9.15]},
			"faces": {
				"east": {"uv": [2.275, 5, 3.4125, 7.0625], "texture": "#1"},
				"south": {"uv": [2.975, 5, 4.2625, 7.0625], "texture": "#1"},
				"west": {"uv": [2.275, 5, 3.4125, 7.0625], "texture": "#1"},
				"up": {"uv": [3.2875, 7.1375, 2, 5], "rotation": 180, "texture": "#1"}
			}
		},
		{
			"from": [6.5375, 3.55, 7.3625],
			"to": [6.8125, 3.7, 8.7375],
			"rotation": {"angle": -22.5, "axis": "z", "origin": [9.975, 5.0125, 8.05]},
			"faces": {
				"north": {"uv": [2.275, 5, 3.4125, 7.05], "texture": "#1"},
				"south": {"uv": [2.275, 5, 3.4125, 7.05], "texture": "#1"},
				"west": {"uv": [3.375, 5, 5.0625, 7.05], "texture": "#1"},
				"up": {"uv": [2, 7.275, 3, 5], "rotation": 90, "texture": "#1"}
			}
		},
		{
			"from": [6.26837, 5.82133, 7.1375],
			"to": [6.84337, 5.99633, 7.4125],
			"rotation": {"angle": 22.5, "axis": "x", "origin": [6.38087, 4.95883, 5.05]},
			"faces": {
				"north": {"uv": [3.275, 5, 4.5625, 7.0625], "texture": "#1"},
				"east": {"uv": [2.4125, 5, 3.55, 7.0625], "texture": "#1"},
				"west": {"uv": [2.4125, 5, 3.55, 7.0625], "texture": "#1"},
				"up": {"uv": [3.2875, 7.275, 2, 5], "rotation": 180, "texture": "#1"}
			}
		},
		{
			"from": [7.2, 4.975, 6.1],
			"to": [8.8, 5.175, 6.45],
			"rotation": {"angle": -22.5, "axis": "x", "origin": [8, 4.9875, 6.525]},
			"faces": {
				"east": {"uv": [2, 5, 3.175, 7.0625], "texture": "#1"},
				"south": {"uv": [2, 5, 3.8, 7.0625], "texture": "#1"},
				"west": {"uv": [2, 5, 3.175, 7.0625], "texture": "#1"},
				"up": {"uv": [2, 5, 3, 7], "texture": "#1"}
			}
		},
		{
			"from": [7.025, 5.6269, 5.61491],
			"to": [7.375, 5.8269, 6.38991],
			"rotation": {"angle": -22.5, "axis": "z", "origin": [5.4, 4.9644, 5.56491]},
			"faces": {
				"north": {"uv": [2.175, 5, 3.35, 7.0625], "texture": "#1"},
				"south": {"uv": [2.175, 5, 3.35, 7.0625], "texture": "#1"},
				"west": {"uv": [2.8, 5, 4.1875, 7.0625], "texture": "#1"},
				"up": {"uv": [2, 7.175, 3, 5], "rotation": 270, "texture": "#1"}
			}
		},
		{
			"from": [7.2, 4.9519, 5.56491],
			"to": [8.8, 5.1519, 5.91491],
			"rotation": {"angle": 22.5, "axis": "x", "origin": [8, 4.9644, 5.56491]},
			"faces": {
				"north": {"uv": [2.8, 5, 4.6, 7.0625], "texture": "#1"},
				"east": {"uv": [2.175, 5, 3.35, 7.0625], "texture": "#1"},
				"west": {"uv": [2.175, 5, 3.35, 7.0625], "texture": "#1"},
				"up": {"uv": [2, 7.175, 3, 5], "texture": "#1"}
			}
		},
		{
			"from": [9.15663, 5.82133, 7.1375],
			"to": [9.68163, 5.99633, 7.4125],
			"rotation": {"angle": 22.5, "axis": "x", "origin": [9.59413, 4.95883, 5.05]},
			"faces": {
				"north": {"uv": [2.9875, 5, 4.275, 7.0625], "texture": "#1"},
				"east": {"uv": [2.275, 5, 3.4125, 7.0625], "texture": "#1"},
				"west": {"uv": [2.275, 5, 3.4125, 7.0625], "texture": "#1"},
				"up": {"uv": [2, 7.275, 3, 5], "rotation": 180, "texture": "#1"}
			}
		},
		{
			"from": [9.1875, 4.575, 7.3625],
			"to": [9.4625, 4.75, 8.7375],
			"rotation": {"angle": -22.5, "axis": "z", "origin": [10.1, 5.0125, 8.05]},
			"faces": {
				"north": {"uv": [2, 5, 3.1375, 7.0625], "texture": "#1"},
				"south": {"uv": [2, 5, 3.1375, 7.0625], "texture": "#1"},
				"west": {"uv": [2, 5, 3.6875, 7.0625], "texture": "#1"},
				"up": {"uv": [2, 5, 3, 7], "rotation": 90, "texture": "#1"}
			}
		},
		{
			"from": [9.15663, 5.09633, 8.5375],
			"to": [9.68163, 5.27133, 8.8125],
			"rotation": {"angle": -22.5, "axis": "x", "origin": [9.59413, 4.95883, 9.15]},
			"faces": {
				"east": {"uv": [2.1375, 5, 3.275, 7.0625], "texture": "#1"},
				"south": {"uv": [2.6875, 5, 3.975, 7.0625], "texture": "#1"},
				"west": {"uv": [2.1375, 5, 3.275, 7.0625], "texture": "#1"},
				"up": {"uv": [2, 7.1375, 3, 5], "rotation": 180, "texture": "#1"}
			}
		},
		{
			"from": [9.1625, 3.525, 7.3625],
			"to": [9.4375, 3.7, 8.7375],
			"rotation": {"angle": 22.5, "axis": "z", "origin": [6, 5.0125, 8.05]},
			"faces": {
				"north": {"uv": [2.1375, 5, 3.275, 7.0625], "texture": "#1"},
				"east": {"uv": [2.6875, 5, 4.375, 7.0625], "texture": "#1"},
				"south": {"uv": [2.1375, 5, 3.275, 7.0625], "texture": "#1"},
				"up": {"uv": [2, 7.1375, 3, 5], "rotation": 90, "texture": "#1"}
			}
		},
		{
			"from": [8.9125, 4.95, 6.8625],
			"to": [9.0875, 5.075, 9.2375],
			"rotation": {"angle": 0, "axis": "y", "origin": [7, 5.0125, 9.0875]},
			"faces": {
				"north": {"uv": [2, 5, 3.1375, 7.0625], "texture": "#1"},
				"east": {"uv": [2, 5, 4.1875, 7.0625], "texture": "#1"},
				"south": {"uv": [2, 5, 3.1375, 7.0625], "texture": "#1"},
				"west": {"uv": [2, 5, 4.1875, 7.0625], "texture": "#1"},
				"up": {"uv": [2, 5, 3, 7], "rotation": 90, "texture": "#1"},
				"down": {"uv": [2, 5, 4.1875, 7.1375], "rotation": 270, "texture": "#1"}
			}
		},
		{
			"from": [7.0625, 4.95, 8.9625],
			"to": [8.9125, 5.075, 9.2375],
			"rotation": {"angle": 0, "axis": "y", "origin": [-0.0125, 4, -0.8875]},
			"faces": {
				"north": {"uv": [2, 5, 3.8375, 7.0625], "texture": "#1"},
				"south": {"uv": [2, 5, 3.8375, 7.0625], "texture": "#1"},
				"up": {"uv": [2, 5, 3, 7], "texture": "#1"}
			}
		},
		{
			"from": [6.9125, 4.95, 6.8625],
			"to": [7.0625, 5.075, 9.2375],
			"rotation": {"angle": 0, "axis": "y", "origin": [7, 5.0125, 9.0875]},
			"faces": {
				"north": {"uv": [2, 5, 3.1125, 7.0625], "texture": "#1"},
				"east": {"uv": [2, 5, 4.1875, 7.0625], "texture": "#1"},
				"south": {"uv": [2, 5, 3.1125, 7.0625], "texture": "#1"},
				"west": {"uv": [2, 5, 4.1875, 7.0625], "texture": "#1"},
				"up": {"uv": [2, 5, 3, 7], "rotation": 90, "texture": "#1"},
				"down": {"uv": [2, 5, 4.1875, 7.1125], "rotation": 270, "texture": "#1"}
			}
		},
		{
			"from": [7.05, 4.95, 6.875],
			"to": [8.925, 5.075, 7.15],
			"rotation": {"angle": 0, "axis": "y", "origin": [0, 4, 15.1]},
			"faces": {
				"north": {"uv": [2.8, 5, 4.65, 7.0625], "texture": "#1"},
				"south": {"uv": [2.8, 5, 4.65, 7.0625], "texture": "#1"},
				"up": {"uv": [2, 7.1375, 3, 5], "texture": "#1"},
				"down": {"uv": [2, 5.1375, 3.85, 7.275], "texture": "#1"}
			}
		},
		{
			"name": "hexadecagon",
			"from": [7.1, 4.775, 7.87098],
			"to": [7.13, 5.075, 8.22902],
			"rotation": {"angle": 0, "axis": "y", "origin": [8, 4.95, 8.05]},
			"color": 7,
			"faces": {
				"east": {"uv": [0.5, 0, 0, 0.5], "texture": "#missing"},
				"west": {"uv": [0.5, 0, 0, 0.5], "texture": "#missing"},
				"up": {"uv": [0.5, 0, 0, 0.5], "rotation": 270, "texture": "#missing"}
			}
		},
		{
			"name": "hexadecagon",
			"from": [8.87, 4.8, 7.87098],
			"to": [8.9, 5.1, 8.22902],
			"rotation": {"angle": 0, "axis": "y", "origin": [8, 4.95, 8.05]},
			"color": 9,
			"faces": {
				"east": {"uv": [0, 0, 0.5, 0.5], "texture": "#missing"},
				"west": {"uv": [0, 0, 0.5, 0.5], "texture": "#missing"}
			}
		},
		{
			"name": "hexadecagon",
			"from": [7.9367, 4.99756, 7.72368],
			"to": [8.0633, 5.12864, 7.88429],
			"rotation": {"angle": 45, "axis": "y", "origin": [8, 5.0506, 8.04192]},
			"faces": {
				"north": {"uv": [2.5, 0, 0, 2.5], "texture": "#0"},
				"south": {"uv": [2.5, 0, 0, 2.5], "texture": "#0"},
				"west": {"uv": [2.5, 0, 0, 2.5], "texture": "#0"},
				"up": {"uv": [2.5, 0, 0, 2.5], "texture": "#0"},
				"down": {"uv": [2.5, 0, 0, 2.5], "texture": "#0"}
			}
		},
		{
			"name": "hexadecagon",
			"from": [7.9367, 4.99756, 7.72368],
			"to": [8.0633, 5.12864, 7.88429],
			"rotation": {"angle": 22.5, "axis": "y", "origin": [8, 5.0506, 8.04192]},
			"faces": {
				"north": {"uv": [0, 0, 2.5, 2.5], "texture": "#0"},
				"south": {"uv": [0, 0, 2.5, 2.5], "texture": "#0"},
				"up": {"uv": [0, 0, 2.5, 2.5], "texture": "#0"},
				"down": {"uv": [0, 0, 2.5, 2.5], "texture": "#0"}
			}
		},
		{
			"name": "hexadecagon",
			"from": [6.92221, 5.08848, 7.87098],
			"to": [7.14721, 5.11848, 8.22902],
			"rotation": {"angle": 22.5, "axis": "z", "origin": [7.12221, 5.07848, 8.05]},
			"faces": {
				"north": {"uv": [2.5, 0, 0, 2.5], "rotation": 270, "texture": "#0"},
				"south": {"uv": [2.5, 0, 0, 2.5], "rotation": 90, "texture": "#0"},
				"up": {"uv": [2.5, 0, 0, 2.5], "rotation": 90, "texture": "#0"},
				"down": {"uv": [2.5, 0, 0, 2.5], "rotation": 90, "texture": "#0"}
			}
		},
		{
			"name": "hexadecagon",
			"from": [7.9367, 4.99756, 7.72368],
			"to": [8.0633, 5.12864, 7.88429],
			"rotation": {"angle": -45, "axis": "y", "origin": [8, 5.0506, 8.04192]},
			"faces": {
				"north": {"uv": [0, 0, 2.5, 2.5], "texture": "#0"},
				"east": {"uv": [0, 0, 2.5, 2.5], "texture": "#0"},
				"south": {"uv": [0, 0, 2.5, 2.5], "texture": "#0"},
				"up": {"uv": [0, 0, 2.5, 2.5], "texture": "#0"},
				"down": {"uv": [0, 0, 2.5, 2.5], "texture": "#0"}
			}
		},
		{
			"name": "hexadecagon",
			"from": [7.68176, 4.99756, 7.97862],
			"to": [7.79237, 5.12864, 8.10522],
			"rotation": {"angle": 45, "axis": "y", "origin": [8, 5.0506, 8.04192]},
			"faces": {
				"north": {"uv": [2.5, 0, 0, 2.5], "texture": "#0"},
				"east": {"uv": [2.5, 0, 0, 2.5], "texture": "#0"},
				"west": {"uv": [2.5, 0, 0, 2.5], "texture": "#0"},
				"up": {"uv": [2.5, 0, 0, 2.5], "texture": "#0"},
				"down": {"uv": [2.5, 0, 0, 2.5], "texture": "#0"}
			}
		},
		{
			"name": "hexadecagon",
			"from": [7.9367, 4.99756, 8.22455],
			"to": [8.0633, 5.12864, 8.36016],
			"rotation": {"angle": -22.5, "axis": "y", "origin": [8, 5.0506, 8.04192]},
			"faces": {
				"north": {"uv": [2.5, 0, 0, 2.5], "texture": "#0"},
				"south": {"uv": [2.5, 0, 0, 2.5], "texture": "#0"},
				"west": {"uv": [2.5, 0, 0, 2.5], "texture": "#0"},
				"up": {"uv": [2.5, 0, 0, 2.5], "rotation": 270, "texture": "#0"},
				"down": {"uv": [2.5, 0, 0, 2.5], "rotation": 90, "texture": "#0"}
			}
		},
		{
			"name": "hexadecagon",
			"from": [7.13, 5.07, 7.87098],
			"to": [8.88, 5.125, 8.22902],
			"rotation": {"angle": 0, "axis": "z", "origin": [7.28, 5.085, 8.05]},
			"faces": {
				"north": {"uv": [2.5, 0, 0, 2.5], "rotation": 270, "texture": "#0"},
				"south": {"uv": [2.5, 0, 0, 2.5], "rotation": 90, "texture": "#0"},
				"west": {"uv": [2.5, 0, 0, 2.5], "rotation": 90, "texture": "#0"},
				"up": {"uv": [2.5, 0, 0, 2.5], "rotation": 90, "texture": "#0"},
				"down": {"uv": [2.5, 0, 0, 2.5], "rotation": 90, "texture": "#0"}
			}
		},
		{
			"name": "hexadecagon",
			"from": [7.9367, 4.99756, 8.22455],
			"to": [8.0633, 5.12864, 8.36016],
			"rotation": {"angle": 0, "axis": "y", "origin": [8, 5.0506, 8.04192]},
			"faces": {
				"north": {"uv": [2.5, 0, 0, 2.5], "texture": "#0"},
				"south": {"uv": [2.5, 0, 0, 2.5], "texture": "#0"},
				"up": {"uv": [2.5, 0, 0, 2.5], "rotation": 270, "texture": "#0"}
			}
		},
		{
			"name": "hexadecagon",
			"from": [7.9367, 4.99756, 8.22455],
			"to": [8.0633, 5.12864, 8.36016],
			"rotation": {"angle": 22.5, "axis": "y", "origin": [8, 5.0506, 8.04192]},
			"faces": {
				"north": {"uv": [2.5, 0, 0, 2.5], "texture": "#0"},
				"south": {"uv": [2.5, 0, 0, 2.5], "texture": "#0"},
				"up": {"uv": [2.5, 0, 0, 2.5], "texture": "#0"},
				"down": {"uv": [2.5, 0, 0, 2.5], "texture": "#0"}
			}
		},
		{
			"name": "hexadecagon",
			"from": [7.9367, 4.99756, 8.22455],
			"to": [8.0633, 5.12864, 8.36016],
			"rotation": {"angle": 45, "axis": "y", "origin": [8, 5.0506, 8.04192]},
			"faces": {
				"north": {"uv": [0, 0, 2.5, 2.5], "texture": "#0"},
				"east": {"uv": [0, 0, 2.5, 2.5], "texture": "#0"},
				"south": {"uv": [0, 0, 2.5, 2.5], "texture": "#0"},
				"up": {"uv": [0, 0, 2.5, 2.5], "texture": "#0"},
				"down": {"uv": [0, 0, 2.5, 2.5], "texture": "#0"}
			}
		},
		{
			"name": "hexadecagon",
			"from": [8.84942, 5.07125, 7.87098],
			"to": [9.07442, 5.10125, 8.22902],
			"rotation": {"angle": -22.5, "axis": "z", "origin": [8.92442, 5.03625, 8.05]},
			"faces": {
				"north": {"uv": [0, 0, 2.5, 2.5], "rotation": 90, "texture": "#0"},
				"east": {"uv": [0, 0, 2.5, 2.5], "rotation": 270, "texture": "#0"},
				"south": {"uv": [0, 0, 2.5, 2.5], "rotation": 270, "texture": "#0"},
				"up": {"uv": [0, 0, 2.5, 2.5], "rotation": 270, "texture": "#0"},
				"down": {"uv": [0, 0, 2.5, 2.5], "rotation": 270, "texture": "#0"}
			}
		},
		{
			"name": "hexadecagon",
			"from": [7.9367, 4.99756, 7.72368],
			"to": [8.0633, 5.12864, 7.88429],
			"rotation": {"angle": -22.5, "axis": "y", "origin": [8, 5.0506, 8.04192]},
			"faces": {
				"north": {"uv": [0, 0, 2.5, 2.5], "texture": "#0"},
				"south": {"uv": [0, 0, 2.5, 2.5], "texture": "#0"},
				"up": {"uv": [0, 0, 2.5, 2.5], "texture": "#0"},
				"down": {"uv": [0, 0, 2.5, 2.5], "texture": "#0"}
			}
		},
		{
			"name": "hexadecagon",
			"from": [7.9367, 4.99756, 7.72368],
			"to": [8.0633, 5.12864, 7.88429],
			"rotation": {"angle": 0, "axis": "y", "origin": [8, 5.0506, 8.04192]},
			"faces": {
				"north": {"uv": [0, 0, 2.5, 2.5], "texture": "#0"},
				"south": {"uv": [0, 0, 2.5, 2.5], "texture": "#0"},
				"up": {"uv": [0, 0, 2.5, 2.5], "texture": "#0"}
			}
		},
		{
			"from": [8.90381, 4.3, 5.21913],
			"to": [9.00381, 5.025, 7.21913],
			"rotation": {"angle": 22.5, "axis": "y", "origin": [8.95381, 4.5125, 5.21913]},
			"faces": {
				"east": {"uv": [0, 0, 6, 5.3625], "texture": "#0"},
				"south": {"uv": [0.05, 0, 0.1, 0.3625], "texture": "#0"},
				"west": {"uv": [1, 0, 2, 0.3625], "texture": "#0"},
				"up": {"uv": [1, 0, 2, 0.05], "rotation": 270, "texture": "#0"},
				"down": {"uv": [1, 0, 2, 0.05], "rotation": 90, "texture": "#0"}
			}
		},
		{
			"from": [8.90381, 4.3, 8.88087],
			"to": [9.00381, 5.025, 10.88087],
			"rotation": {"angle": -22.5, "axis": "y", "origin": [8.95381, 4.5125, 10.88087]},
			"faces": {
				"north": {"uv": [0, 0, 0.05, 0.3625], "texture": "#0"},
				"east": {"uv": [0, 1, 8, 7.3625], "texture": "#0"},
				"west": {"uv": [0, 0, 1, 0.3625], "texture": "#0"},
				"up": {"uv": [0, 0, 1, 0.05], "rotation": 270, "texture": "#0"},
				"down": {"uv": [0, 0, 1, 0.05], "rotation": 90, "texture": "#0"}
			}
		},
		{
			"from": [7.07231, 4.3, 4.83645],
			"to": [7.17231, 5.025, 6.83645],
			"rotation": {"angle": -22.5, "axis": "y", "origin": [6.12231, 4.5125, 4.83645]},
			"faces": {
				"east": {"uv": [2, 1, 3, 2.3625], "texture": "#0"},
				"south": {"uv": [0.1, 0, 0.15, 0.3625], "texture": "#0"},
				"west": {"uv": [2, 5, 3, 5.3625], "texture": "#0"},
				"up": {"uv": [1, 0.05, 2, 0.1], "rotation": 270, "texture": "#0"},
				"down": {"uv": [1, 0.05, 2, 0.1], "rotation": 90, "texture": "#0"}
			}
		},
		{
			"from": [7.07231, 4.3, 9.26355],
			"to": [7.17231, 5.025, 11.26355],
			"rotation": {"angle": 22.5, "axis": "y", "origin": [6.12231, 4.5125, 11.26355]},
			"faces": {
				"east": {"uv": [1, 1, 2, 2.3625], "texture": "#0"},
				"west": {"uv": [1, 0, 8, 6.3625], "texture": "#0"},
				"up": {"uv": [0, 0.05, 1, 0.1], "rotation": 270, "texture": "#0"},
				"down": {"uv": [0, 0.05, 1, 0.1], "rotation": 90, "texture": "#0"}
			}
		},
		{
			"from": [7.03463, 4.325, 7.05224],
			"to": [8.93463, 5.05, 9.05224],
			"rotation": {"angle": 0, "axis": "y", "origin": [7.99713, 4.6625, 8.05224]},
			"faces": {
				"up": {"uv": [0, 0, 0, 0], "texture": "#0"}
			}
		},
		{
			"from": [6.23463, 4.3, 7.05224],
			"to": [9.75963, 5.025, 9.05224],
			"rotation": {"angle": 0, "axis": "z", "origin": [7.99713, 4.6625, 8.05224]},
			"faces": {
				"north": {"uv": [0, 0, 5.7625, 5.3625], "texture": "#0"},
				"east": {"uv": [1, 2, 6, 6.3625], "texture": "#0"},
				"south": {"uv": [0, 0, 1.7625, 0.3625], "texture": "#0"},
				"west": {"uv": [0, 0, 4, 5.3625], "texture": "#0"},
				"up": {"uv": [0, 0, 7.7625, 6], "texture": "#0"},
				"down": {"uv": [0, 0, 1.7625, 1], "texture": "#0"}
			}
		},
		{
			"from": [7, 4.3, 9.05],
			"to": [9, 5.025, 10.9],
			"rotation": {"angle": 0, "axis": "y", "origin": [0, 4, -0.9]},
			"faces": {
				"east": {"uv": [0, 0, 0.925, 0.3625], "texture": "#0"},
				"south": {"uv": [0, 0, 7, 5.3625], "texture": "#0"},
				"west": {"uv": [0, 0, 0.925, 0.3625], "texture": "#0"},
				"up": {"uv": [0, 0, 7, 5.925], "texture": "#0"},
				"down": {"uv": [0, 0, 1, 0.925], "texture": "#0"}
			}
		},
		{
			"from": [7, 4.3, 5.2],
			"to": [9, 5.025, 7.05],
			"rotation": {"angle": 0, "axis": "y", "origin": [0, 4, -0.95]},
			"faces": {
				"north": {"uv": [0, 0, 6, 5.3625], "texture": "#0"},
				"east": {"uv": [0, 0, 0.925, 0.3625], "texture": "#0"},
				"south": {"uv": [0, 0, 1, 0.3625], "texture": "#0"},
				"west": {"uv": [0, 0, 0.925, 0.3625], "texture": "#0"},
				"up": {"uv": [0, 0, 7, 5.925], "texture": "#0"},
				"down": {"uv": [0, 0, 1, 0.925], "texture": "#0"}
			}
		},
		{
			"from": [9.075, 4.8, 9.325],
			"to": [9.125, 4.925, 11.35],
			"rotation": {"angle": -22.5, "axis": "y", "origin": [10.1, 4.6625, 10.925]},
			"faces": {
				"north": {"uv": [0, 0, 0.025, 0.0625], "texture": "#1"},
				"east": {"uv": [0, 0, 1.0125, 0.0625], "texture": "#1"},
				"south": {"uv": [0, 0, 0.025, 0.0625], "texture": "#1"},
				"west": {"uv": [0, 0, 1.0125, 0.0625], "texture": "#1"},
				"up": {"uv": [0, 0, 1.0125, 0.025], "rotation": 270, "texture": "#1"},
				"down": {"uv": [0, 0, 1.0125, 0.025], "rotation": 90, "texture": "#1"}
			}
		},
		{
			"from": [9.075, 4.6, 9.325],
			"to": [9.125, 4.725, 11.35],
			"rotation": {"angle": -22.5, "axis": "y", "origin": [10.1, 4.6625, 10.925]},
			"faces": {
				"north": {"uv": [0, 0, 0.025, 0.0625], "texture": "#1"},
				"east": {"uv": [0, 0, 1.0125, 0.0625], "texture": "#1"},
				"south": {"uv": [0, 0, 0.025, 0.0625], "texture": "#1"},
				"west": {"uv": [0, 0, 1.0125, 0.0625], "texture": "#1"},
				"up": {"uv": [0, 0, 1.0125, 0.025], "rotation": 270, "texture": "#1"},
				"down": {"uv": [0, 0, 1.0125, 0.025], "rotation": 90, "texture": "#1"}
			}
		},
		{
			"from": [9.075, 4.4, 9.325],
			"to": [9.125, 4.525, 11.35],
			"rotation": {"angle": -22.5, "axis": "y", "origin": [10.1, 4.6625, 10.925]},
			"faces": {
				"north": {"uv": [0, 0, 0.025, 0.0625], "texture": "#1"},
				"east": {"uv": [0, 0, 1.0125, 0.0625], "texture": "#1"},
				"south": {"uv": [0, 0, 0.025, 0.0625], "texture": "#1"},
				"west": {"uv": [0, 0, 1.0125, 0.0625], "texture": "#1"},
				"up": {"uv": [0, 0, 1.0125, 0.025], "rotation": 270, "texture": "#1"},
				"down": {"uv": [0, 0, 1.0125, 0.025], "rotation": 90, "texture": "#1"}
			}
		},
		{
			"from": [6.975, 4.4, 10.9],
			"to": [9.025, 4.525, 10.95],
			"rotation": {"angle": 0, "axis": "y", "origin": [0, 3.9, -0.9]},
			"faces": {
				"north": {"uv": [0, 0, 1.025, 0.0625], "texture": "#1"},
				"east": {"uv": [0, 0, 0.025, 0.0625], "texture": "#1"},
				"south": {"uv": [0, 0, 1.025, 0.0625], "texture": "#1"},
				"west": {"uv": [0, 0, 0.025, 0.0625], "texture": "#1"},
				"up": {"uv": [0, 0, 1.025, 0.025], "texture": "#1"},
				"down": {"uv": [0, 0, 1.025, 0.025], "texture": "#1"}
			}
		},
		{
			"from": [6.975, 4.6, 10.9],
			"to": [9.025, 4.725, 10.95],
			"rotation": {"angle": 0, "axis": "y", "origin": [0, 3.9, -0.9]},
			"faces": {
				"north": {"uv": [0, 0, 1.025, 0.0625], "texture": "#1"},
				"east": {"uv": [0, 0, 0.025, 0.0625], "texture": "#1"},
				"south": {"uv": [0, 0, 1.025, 0.0625], "texture": "#1"},
				"west": {"uv": [0, 0, 0.025, 0.0625], "texture": "#1"},
				"up": {"uv": [0, 0, 1.025, 0.025], "texture": "#1"},
				"down": {"uv": [0, 0, 1.025, 0.025], "texture": "#1"}
			}
		},
		{
			"from": [6.975, 4.8, 10.9],
			"to": [9.025, 4.925, 10.95],
			"rotation": {"angle": 0, "axis": "y", "origin": [0, 3.9, -0.9]},
			"faces": {
				"north": {"uv": [0, 0, 1.025, 0.0625], "texture": "#1"},
				"east": {"uv": [0, 0, 0.025, 0.0625], "texture": "#1"},
				"south": {"uv": [0, 0, 1.025, 0.0625], "texture": "#1"},
				"west": {"uv": [0, 0, 0.025, 0.0625], "texture": "#1"},
				"up": {"uv": [0, 0, 1.025, 0.025], "texture": "#1"},
				"down": {"uv": [0, 0, 1.025, 0.025], "texture": "#1"}
			}
		},
		{
			"from": [6.875, 4.8, 9.325],
			"to": [6.925, 4.925, 11.35],
			"rotation": {"angle": 22.5, "axis": "y", "origin": [5.9, 4.6625, 10.925]},
			"faces": {
				"north": {"uv": [0.025, 0, 0.05, 0.0625], "texture": "#1"},
				"east": {"uv": [1.0125, 0, 2.025, 0.0625], "texture": "#1"},
				"south": {"uv": [0.025, 0, 0.05, 0.0625], "texture": "#1"},
				"west": {"uv": [1.0125, 0, 2.025, 0.0625], "texture": "#1"},
				"up": {"uv": [0, 0.025, 1.0125, 0.05], "rotation": 270, "texture": "#1"},
				"down": {"uv": [0, 0.025, 1.0125, 0.05], "rotation": 90, "texture": "#1"}
			}
		},
		{
			"from": [6.875, 4.6, 9.325],
			"to": [6.925, 4.725, 11.35],
			"rotation": {"angle": 22.5, "axis": "y", "origin": [5.9, 4.6625, 10.925]},
			"faces": {
				"north": {"uv": [0.025, 0, 0.05, 0.0625], "texture": "#1"},
				"east": {"uv": [1.0125, 0, 2.025, 0.0625], "texture": "#1"},
				"south": {"uv": [0.025, 0, 0.05, 0.0625], "texture": "#1"},
				"west": {"uv": [1.0125, 0, 2.025, 0.0625], "texture": "#1"},
				"up": {"uv": [0, 0.025, 1.0125, 0.05], "rotation": 270, "texture": "#1"},
				"down": {"uv": [0, 0.025, 1.0125, 0.05], "rotation": 90, "texture": "#1"}
			}
		},
		{
			"from": [6.875, 4.4, 9.325],
			"to": [6.925, 4.525, 11.35],
			"rotation": {"angle": 22.5, "axis": "y", "origin": [5.9, 4.6625, 10.925]},
			"faces": {
				"north": {"uv": [0.025, 0, 0.05, 0.0625], "texture": "#1"},
				"east": {"uv": [1.0125, 0, 2.025, 0.0625], "texture": "#1"},
				"south": {"uv": [0.025, 0, 0.05, 0.0625], "texture": "#1"},
				"west": {"uv": [1.0125, 0, 2.025, 0.0625], "texture": "#1"},
				"up": {"uv": [0, 0.025, 1.0125, 0.05], "rotation": 270, "texture": "#1"},
				"down": {"uv": [0, 0.025, 1.0125, 0.05], "rotation": 90, "texture": "#1"}
			}
		},
		{
			"from": [6.72898, 4.4, 4.94341],
			"to": [6.77898, 4.525, 6.96841],
			"rotation": {"angle": -22.5, "axis": "y", "origin": [6.29328, 4.6625, 5.63773]},
			"faces": {
				"north": {"uv": [0.05, 0, 0.075, 0.0625], "texture": "#1"},
				"east": {"uv": [2.025, 0, 3.0375, 0.0625], "texture": "#1"},
				"south": {"uv": [0.05, 0, 0.075, 0.0625], "texture": "#1"},
				"west": {"uv": [2.025, 0, 3.0375, 0.0625], "texture": "#1"},
				"up": {"uv": [1.0125, 0.025, 2.025, 0.05], "rotation": 270, "texture": "#1"},
				"down": {"uv": [1.0125, 0.025, 2.025, 0.05], "rotation": 90, "texture": "#1"}
			}
		},
		{
			"from": [6.72898, 4.6, 4.94341],
			"to": [6.77898, 4.725, 6.96841],
			"rotation": {"angle": -22.5, "axis": "y", "origin": [6.29328, 4.6625, 5.63773]},
			"faces": {
				"north": {"uv": [0.05, 0, 0.075, 0.0625], "texture": "#1"},
				"east": {"uv": [2.025, 0, 3.0375, 0.0625], "texture": "#1"},
				"south": {"uv": [0.05, 0, 0.075, 0.0625], "texture": "#1"},
				"west": {"uv": [2.025, 0, 3.0375, 0.0625], "texture": "#1"},
				"up": {"uv": [1.0125, 0.025, 2.025, 0.05], "rotation": 270, "texture": "#1"},
				"down": {"uv": [1.0125, 0.025, 2.025, 0.05], "rotation": 90, "texture": "#1"}
			}
		},
		{
			"from": [6.72898, 4.8, 4.94341],
			"to": [6.77898, 4.925, 6.96841],
			"rotation": {"angle": -22.5, "axis": "y", "origin": [6.29328, 4.6625, 5.63773]},
			"faces": {
				"north": {"uv": [0.05, 0, 0.075, 0.0625], "texture": "#1"},
				"east": {"uv": [2.025, 0, 3.0375, 0.0625], "texture": "#1"},
				"south": {"uv": [0.05, 0, 0.075, 0.0625], "texture": "#1"},
				"west": {"uv": [2.025, 0, 3.0375, 0.0625], "texture": "#1"},
				"up": {"uv": [1.0125, 0.025, 2.025, 0.05], "rotation": 270, "texture": "#1"},
				"down": {"uv": [1.0125, 0.025, 2.025, 0.05], "rotation": 90, "texture": "#1"}
			}
		},
		{
			"from": [6.975, 4.4, 5.15],
			"to": [9.025, 4.525, 5.2],
			"rotation": {"angle": 0, "axis": "y", "origin": [0, 3.9, 17]},
			"faces": {
				"north": {"uv": [1.0125, 0, 2.0375, 0.0625], "texture": "#1"},
				"east": {"uv": [0.025, 0, 0.05, 0.0625], "texture": "#1"},
				"south": {"uv": [1.0125, 0, 2.0375, 0.0625], "texture": "#1"},
				"west": {"uv": [0.025, 0, 0.05, 0.0625], "texture": "#1"},
				"up": {"uv": [0, 0.025, 1.025, 0.05], "texture": "#1"},
				"down": {"uv": [0, 0.025, 1.025, 0.05], "texture": "#1"}
			}
		},
		{
			"from": [6.975, 4.6, 5.15],
			"to": [9.025, 4.725, 5.2],
			"rotation": {"angle": 0, "axis": "y", "origin": [0, 3.9, 17]},
			"faces": {
				"north": {"uv": [1.0125, 0, 2.0375, 0.0625], "texture": "#1"},
				"east": {"uv": [0.025, 0, 0.05, 0.0625], "texture": "#1"},
				"south": {"uv": [1.0125, 0, 2.0375, 0.0625], "texture": "#1"},
				"west": {"uv": [0.025, 0, 0.05, 0.0625], "texture": "#1"},
				"up": {"uv": [0, 0.025, 1.025, 0.05], "texture": "#1"},
				"down": {"uv": [0, 0.025, 1.025, 0.05], "texture": "#1"}
			}
		},
		{
			"from": [6.975, 4.8, 5.15],
			"to": [9.025, 4.925, 5.2],
			"rotation": {"angle": 0, "axis": "y", "origin": [0, 3.9, 17]},
			"faces": {
				"north": {"uv": [1.0125, 0, 2.0375, 0.0625], "texture": "#1"},
				"east": {"uv": [0.025, 0, 0.05, 0.0625], "texture": "#1"},
				"south": {"uv": [1.0125, 0, 2.0375, 0.0625], "texture": "#1"},
				"west": {"uv": [0.025, 0, 0.05, 0.0625], "texture": "#1"},
				"up": {"uv": [0, 0.025, 1.025, 0.05], "texture": "#1"},
				"down": {"uv": [0, 0.025, 1.025, 0.05], "texture": "#1"}
			}
		},
		{
			"from": [9.075, 4.4, 4.75],
			"to": [9.125, 4.525, 6.775],
			"rotation": {"angle": 22.5, "axis": "y", "origin": [10.1, 4.6625, 5.175]},
			"faces": {
				"north": {"uv": [0.025, 0, 0.05, 0.0625], "texture": "#1"},
				"east": {"uv": [1.0125, 0, 2.025, 0.0625], "texture": "#1"},
				"south": {"uv": [0.025, 0, 0.05, 0.0625], "texture": "#1"},
				"west": {"uv": [1.0125, 0, 2.025, 0.0625], "texture": "#1"},
				"up": {"uv": [1.0125, 0, 2.025, 0.025], "rotation": 270, "texture": "#1"},
				"down": {"uv": [1.0125, 0, 2.025, 0.025], "rotation": 90, "texture": "#1"}
			}
		},
		{
			"from": [9.075, 4.6, 4.75],
			"to": [9.125, 4.725, 6.775],
			"rotation": {"angle": 22.5, "axis": "y", "origin": [10.1, 4.6625, 5.175]},
			"faces": {
				"north": {"uv": [0.025, 0, 0.05, 0.0625], "texture": "#1"},
				"east": {"uv": [1.0125, 0, 2.025, 0.0625], "texture": "#1"},
				"south": {"uv": [0.025, 0, 0.05, 0.0625], "texture": "#1"},
				"west": {"uv": [1.0125, 0, 2.025, 0.0625], "texture": "#1"},
				"up": {"uv": [1.0125, 0, 2.025, 0.025], "rotation": 270, "texture": "#1"},
				"down": {"uv": [1.0125, 0, 2.025, 0.025], "rotation": 90, "texture": "#1"}
			}
		},
		{
			"from": [9.075, 4.8, 4.75],
			"to": [9.125, 4.925, 6.775],
			"rotation": {"angle": 22.5, "axis": "y", "origin": [10.1, 4.6625, 5.175]},
			"faces": {
				"north": {"uv": [0.025, 0, 0.05, 0.0625], "texture": "#1"},
				"east": {"uv": [1.0125, 0, 2.025, 0.0625], "texture": "#1"},
				"south": {"uv": [0.025, 0, 0.05, 0.0625], "texture": "#1"},
				"west": {"uv": [1.0125, 0, 2.025, 0.0625], "texture": "#1"},
				"up": {"uv": [1.0125, 0, 2.025, 0.025], "rotation": 270, "texture": "#1"},
				"down": {"uv": [1.0125, 0, 2.025, 0.025], "rotation": 90, "texture": "#1"}
			}
		},
		{
			"name": "hexadecagon",
			"from": [7.95124, 5.8728, 8.13603],
			"to": [8.04876, 5.9568, 8.94243],
			"rotation": {"angle": -22.5, "axis": "x", "origin": [8, 5.9148, 8.37123]},
			"faces": {
				"north": {"uv": [0.5, 0, 0, 0.5], "texture": "#2"},
				"east": {"uv": [0.5, 0, 0, 0.5], "texture": "#2"},
				"south": {"uv": [0.5, 0, 0, 0.5], "texture": "#2"},
				"west": {"uv": [0.5, 0, 0, 0.5], "texture": "#2"},
				"up": {"uv": [13, 0, 0, 14], "rotation": 270, "texture": "#2"},
				"down": {"uv": [0.5, 0, 0, 0.5], "rotation": 90, "texture": "#2"}
			}
		},
		{
			"name": "hexadecagon",
			"from": [7.95124, 6.0496, 7.27094],
			"to": [8.04876, 6.1336, 8.07734],
			"rotation": {"angle": 22.5, "axis": "x", "origin": [8, 6.0916, 7.38014]},
			"faces": {
				"north": {"uv": [0, 0, 0.5, 0.5], "texture": "#2"},
				"east": {"uv": [0, 0, 0.5, 0.5], "texture": "#2"},
				"south": {"uv": [0, 0, 0.5, 0.5], "texture": "#2"},
				"west": {"uv": [0, 0, 0.5, 0.5], "texture": "#2"},
				"up": {"uv": [0, 0, 13, 14], "texture": "#2"},
				"down": {"uv": [0, 0, 0.5, 0.5], "texture": "#2"}
			}
		},
		{
			"name": "hexadecagon",
			"from": [7.95124, 7.09799, 8.0082],
			"to": [8.04876, 7.18199, 8.1426],
			"rotation": {"angle": 0, "axis": "y", "origin": [8, 6.29999, 8.4534]},
			"faces": {
				"east": {"uv": [0.5, 0, 0, 0.5], "texture": "#2"},
				"west": {"uv": [0.5, 0, 0, 0.5], "texture": "#2"},
				"up": {"uv": [13, 0, 0, 14], "rotation": 270, "texture": "#2"},
				"down": {"uv": [0.5, 0, 0, 0.5], "rotation": 90, "texture": "#2"}
			}
		},
		{
			"name": "hexadecagon",
			"from": [7.95124, 6.76475, 8.24185],
			"to": [8.04876, 7.23515, 8.32585],
			"rotation": {"angle": -22.5, "axis": "x", "origin": [8, 6.74795, 8.36785]},
			"faces": {
				"north": {"uv": [0, 0, 0.5, 0.5], "rotation": 180, "texture": "#2"},
				"east": {"uv": [0, 0, 0.5, 0.5], "rotation": 270, "texture": "#2"},
				"south": {"uv": [0, 0, 0.5, 0.5], "texture": "#2"},
				"west": {"uv": [0, 0, 0.5, 0.5], "rotation": 90, "texture": "#2"},
				"down": {"uv": [0, 0, 0.5, 0.5], "texture": "#2"}
			}
		},
		{
			"name": "hexadecagon",
			"from": [7.95124, 6.81616, 7.81847],
			"to": [8.04876, 7.28656, 7.90247],
			"rotation": {"angle": 22.5, "axis": "x", "origin": [8, 6.75736, 7.65047]},
			"faces": {
				"north": {"uv": [0, 0, 0.5, 0.5], "texture": "#2"},
				"east": {"uv": [0, 0, 0.5, 0.5], "rotation": 90, "texture": "#2"},
				"south": {"uv": [0, 0, 0.5, 0.5], "rotation": 180, "texture": "#2"},
				"west": {"uv": [0, 0, 0.5, 0.5], "rotation": 270, "texture": "#2"},
				"down": {"uv": [0.5, 0.5, 0, 0], "texture": "#2"}
			}
		},
		{
			"name": "hexadecagon",
			"from": [7.95124, 6.55199, 8.0502],
			"to": [8.04876, 6.63599, 8.1006],
			"rotation": {"angle": 0, "axis": "y", "origin": [8, 6.13199, 8.4534]},
			"faces": {
				"north": {"uv": [0.5, 0, 0, 0.5], "texture": "#2"},
				"east": {"uv": [0.5, 0, 0, 0.5], "texture": "#2"},
				"south": {"uv": [0.5, 0, 0, 0.5], "texture": "#2"},
				"west": {"uv": [0.5, 0, 0, 0.5], "texture": "#2"},
				"up": {"uv": [13, 0, 0, 14], "rotation": 270, "texture": "#2"},
				"down": {"uv": [0.5, 0, 0, 0.5], "rotation": 90, "texture": "#2"}
			}
		},
		{
			"name": "hexadecagon",
			"from": [7.95124, 6.38399, 8.0502],
			"to": [8.04876, 6.46799, 8.1006],
			"rotation": {"angle": 0, "axis": "y", "origin": [8, 6.13199, 8.4534]},
			"faces": {
				"north": {"uv": [0.5, 0, 0, 0.5], "texture": "#2"},
				"east": {"uv": [0.5, 0, 0, 0.5], "texture": "#2"},
				"south": {"uv": [0.5, 0, 0, 0.5], "texture": "#2"},
				"west": {"uv": [0.5, 0, 0, 0.5], "texture": "#2"},
				"up": {"uv": [13, 0, 0, 14], "rotation": 270, "texture": "#2"},
				"down": {"uv": [0.5, 0, 0, 0.5], "rotation": 90, "texture": "#2"}
			}
		},
		{
			"name": "hexadecagon",
			"from": [7.95124, 6.21599, 8.0502],
			"to": [8.04876, 6.29999, 8.1006],
			"rotation": {"angle": 0, "axis": "y", "origin": [8, 6.13199, 8.4534]},
			"faces": {
				"north": {"uv": [0.5, 0, 0, 0.5], "texture": "#2"},
				"east": {"uv": [0.5, 0, 0, 0.5], "texture": "#2"},
				"south": {"uv": [0.5, 0, 0, 0.5], "texture": "#2"},
				"west": {"uv": [0.5, 0, 0, 0.5], "texture": "#2"},
				"up": {"uv": [13, 0, 0, 14], "rotation": 270, "texture": "#2"},
				"down": {"uv": [0.5, 0, 0, 0.5], "rotation": 90, "texture": "#2"}
			}
		},
		{
			"name": "hexadecagon",
			"from": [7.95124, 6.04799, 8.0502],
			"to": [8.04876, 6.13199, 8.1006],
			"rotation": {"angle": 0, "axis": "y", "origin": [8, 6.13199, 8.4534]},
			"faces": {
				"north": {"uv": [0.5, 0, 0, 0.5], "texture": "#2"},
				"east": {"uv": [0.5, 0, 0, 0.5], "texture": "#2"},
				"south": {"uv": [0.5, 0, 0, 0.5], "texture": "#2"},
				"west": {"uv": [0.5, 0, 0, 0.5], "texture": "#2"},
				"up": {"uv": [13, 0, 0, 14], "rotation": 270, "texture": "#2"},
				"down": {"uv": [0.5, 0, 0, 0.5], "rotation": 90, "texture": "#2"}
			}
		},
		{
			"name": "hexadecagon",
			"from": [7.95124, 6.48016, 7.81847],
			"to": [8.04876, 6.95056, 7.90247],
			"rotation": {"angle": 22.5, "axis": "x", "origin": [8, 6.42136, 7.65047]},
			"faces": {
				"north": {"uv": [0, 0, 0.5, 0.5], "texture": "#2"},
				"east": {"uv": [0, 0, 0.5, 0.5], "rotation": 90, "texture": "#2"},
				"south": {"uv": [0, 0, 0.5, 0.5], "rotation": 180, "texture": "#2"},
				"west": {"uv": [0, 0, 0.5, 0.5], "rotation": 270, "texture": "#2"},
				"down": {"uv": [0.5, 0.5, 0, 0], "texture": "#2"}
			}
		},
		{
			"name": "hexadecagon",
			"from": [7.95124, 6.76199, 8.0082],
			"to": [8.04876, 6.84599, 8.1426],
			"rotation": {"angle": 0, "axis": "y", "origin": [8, 5.96399, 8.4534]},
			"faces": {
				"east": {"uv": [0.5, 0, 0, 0.5], "texture": "#2"},
				"west": {"uv": [0.5, 0, 0, 0.5], "texture": "#2"},
				"up": {"uv": [13, 0, 0, 14], "rotation": 270, "texture": "#2"},
				"down": {"uv": [0.5, 0, 0, 0.5], "rotation": 90, "texture": "#2"}
			}
		},
		{
			"name": "hexadecagon",
			"from": [7.95124, 6.42875, 8.24185],
			"to": [8.04876, 6.89915, 8.32585],
			"rotation": {"angle": -22.5, "axis": "x", "origin": [8, 6.41195, 8.36785]},
			"faces": {
				"north": {"uv": [0, 0, 0.5, 0.5], "rotation": 180, "texture": "#2"},
				"east": {"uv": [0, 0, 0.5, 0.5], "rotation": 270, "texture": "#2"},
				"south": {"uv": [0, 0, 0.5, 0.5], "texture": "#2"},
				"west": {"uv": [0, 0, 0.5, 0.5], "rotation": 90, "texture": "#2"},
				"down": {"uv": [0, 0, 0.5, 0.5], "texture": "#2"}
			}
		},
		{
			"name": "hexadecagon",
			"from": [7.95124, 5.77959, 8.01246],
			"to": [8.04876, 5.86359, 8.16286],
			"rotation": {"angle": 0, "axis": "y", "origin": [8, 6.33859, 8.44066]},
			"faces": {
				"north": {"uv": [0.5, 0, 0, 0.5], "texture": "#2"},
				"east": {"uv": [0.5, 0, 0, 0.5], "texture": "#2"},
				"south": {"uv": [0.5, 0, 0, 0.5], "texture": "#2"},
				"west": {"uv": [0.5, 0, 0, 0.5], "texture": "#2"},
				"up": {"uv": [13, 0, 0, 14], "rotation": 270, "texture": "#2"},
				"down": {"uv": [0.5, 0, 0, 0.5], "rotation": 90, "texture": "#2"}
			}
		},
		{
			"name": "hexadecagon",
			"from": [7.955, 6.37827, 9.2255],
			"to": [8.045, 6.84373, 9.245],
			"rotation": {"angle": -45, "axis": "x", "origin": [7.85, 6.611, 8.075]},
			"faces": {
				"north": {"uv": [0, 0, 0.5, 0.5], "texture": "#2"},
				"east": {"uv": [0, 0, 0.5, 0.5], "texture": "#2"},
				"south": {"uv": [0, 0, 0.5, 0.5], "texture": "#2"},
				"west": {"uv": [0, 0, 0.5, 0.5], "texture": "#2"}
			}
		},
		{
			"name": "hexadecagon",
			"from": [7.955, 5.441, 7.84227],
			"to": [8.045, 5.4605, 8.30773],
			"rotation": {"angle": 45, "axis": "x", "origin": [7.85, 6.611, 8.075]},
			"faces": {
				"east": {"uv": [0, 0, 0.5, 0.5], "rotation": 270, "texture": "#2"},
				"west": {"uv": [0, 0, 0.5, 0.5], "rotation": 90, "texture": "#2"},
				"up": {"uv": [0, 0, 13, 14], "rotation": 180, "texture": "#2"},
				"down": {"uv": [0, 0, 0.5, 0.5], "texture": "#2"}
			}
		},
		{
			"name": "hexadecagon",
			"from": [7.955, 5.441, 7.84227],
			"to": [8.045, 5.4605, 8.30773],
			"rotation": {"angle": 22.5, "axis": "x", "origin": [7.85, 6.611, 8.075]},
			"faces": {
				"east": {"uv": [0, 0, 0.5, 0.5], "rotation": 270, "texture": "#2"},
				"south": {"uv": [0.5, 0.5, 0, 0], "texture": "#2"},
				"west": {"uv": [0, 0, 0.5, 0.5], "rotation": 90, "texture": "#2"},
				"up": {"uv": [0, 0, 13, 14], "rotation": 180, "texture": "#2"},
				"down": {"uv": [0, 0, 0.5, 0.5], "texture": "#2"}
			}
		},
		{
			"name": "hexadecagon",
			"from": [7.955, 5.441, 7.84227],
			"to": [8.045, 5.4605, 8.30773],
			"rotation": {"angle": -22.5, "axis": "x", "origin": [7.85, 6.611, 8.075]},
			"faces": {
				"north": {"uv": [0.5, 0.5, 0, 0], "rotation": 180, "texture": "#2"},
				"east": {"uv": [0, 0, 0.5, 0.5], "rotation": 270, "texture": "#2"},
				"west": {"uv": [0, 0, 0.5, 0.5], "rotation": 90, "texture": "#2"},
				"up": {"uv": [0, 0, 13, 14], "rotation": 180, "texture": "#2"},
				"down": {"uv": [0, 0, 0.5, 0.5], "texture": "#2"}
			}
		},
		{
			"name": "hexadecagon",
			"from": [7.955, 6.37827, 9.2255],
			"to": [8.045, 6.84373, 9.245],
			"rotation": {"angle": 45, "axis": "x", "origin": [7.85, 6.611, 8.075]},
			"faces": {
				"north": {"uv": [0.5, 0.5, 0, 0], "rotation": 180, "texture": "#2"},
				"east": {"uv": [0, 0, 0.5, 0.5], "rotation": 270, "texture": "#2"},
				"south": {"uv": [0.5, 0.5, 0, 0], "texture": "#2"},
				"west": {"uv": [0, 0, 0.5, 0.5], "rotation": 90, "texture": "#2"}
			}
		},
		{
			"name": "hexadecagon",
			"from": [7.955, 6.37827, 9.2255],
			"to": [8.045, 6.84373, 9.245],
			"rotation": {"angle": 22.5, "axis": "x", "origin": [7.85, 6.611, 8.075]},
			"faces": {
				"north": {"uv": [0.5, 0.5, 0, 0], "rotation": 180, "texture": "#2"},
				"east": {"uv": [0, 0, 0.5, 0.5], "rotation": 270, "texture": "#2"},
				"south": {"uv": [0.5, 0.5, 0, 0], "texture": "#2"},
				"west": {"uv": [0, 0, 0.5, 0.5], "rotation": 90, "texture": "#2"},
				"up": {"uv": [0, 0, 13, 14], "rotation": 180, "texture": "#2"}
			}
		},
		{
			"name": "hexadecagon",
			"from": [7.955, 6.37827, 9.2255],
			"to": [8.045, 6.84373, 9.245],
			"rotation": {"angle": -22.5, "axis": "x", "origin": [7.85, 6.611, 8.075]},
			"faces": {
				"north": {"uv": [0, 0, 0.5, 0.5], "rotation": 180, "texture": "#2"},
				"east": {"uv": [0, 0, 0.5, 0.5], "rotation": 180, "texture": "#2"},
				"south": {"uv": [0, 0, 0.5, 0.5], "rotation": 180, "texture": "#2"},
				"west": {"uv": [0, 0, 0.5, 0.5], "rotation": 180, "texture": "#2"},
				"down": {"uv": [0.5, 0.5, 0, 0], "texture": "#2"}
			}
		},
		{
			"name": "hexadecagon",
			"from": [7.955, 6.37827, 6.905],
			"to": [8.045, 6.84373, 6.9245],
			"rotation": {"angle": -22.5, "axis": "x", "origin": [7.85, 6.611, 8.075]},
			"faces": {
				"north": {"uv": [0, 0, 0.5, 0.5], "texture": "#2"},
				"east": {"uv": [0, 0, 0.5, 0.5], "texture": "#2"},
				"south": {"uv": [0, 0, 0.5, 0.5], "texture": "#2"},
				"west": {"uv": [0, 0, 0.5, 0.5], "texture": "#2"},
				"up": {"uv": [0, 0, 13, 14], "texture": "#2"}
			}
		},
		{
			"name": "hexadecagon",
			"from": [7.955, 6.37827, 6.905],
			"to": [8.045, 6.84373, 6.9245],
			"rotation": {"angle": 22.5, "axis": "x", "origin": [7.85, 6.611, 8.075]},
			"faces": {
				"north": {"uv": [0, 0, 0.5, 0.5], "texture": "#2"},
				"east": {"uv": [0, 0, 0.5, 0.5], "texture": "#2"},
				"south": {"uv": [0, 0, 0.5, 0.5], "texture": "#2"},
				"west": {"uv": [0, 0, 0.5, 0.5], "texture": "#2"},
				"down": {"uv": [0, 0, 0.5, 0.5], "texture": "#2"}
			}
		},
		{
			"name": "hexadecagon",
			"from": [7.955, 6.37827, 6.905],
			"to": [8.045, 6.84373, 6.9245],
			"rotation": {"angle": 45, "axis": "x", "origin": [7.85, 6.611, 8.075]},
			"faces": {
				"north": {"uv": [0, 0, 0.5, 0.5], "texture": "#2"},
				"east": {"uv": [0, 0, 0.5, 0.5], "texture": "#2"},
				"south": {"uv": [0, 0, 0.5, 0.5], "texture": "#2"},
				"west": {"uv": [0, 0, 0.5, 0.5], "texture": "#2"}
			}
		},
		{
			"name": "hexadecagon",
			"from": [7.955, 7.7615, 7.84227],
			"to": [8.045, 7.781, 8.30773],
			"rotation": {"angle": -22.5, "axis": "x", "origin": [7.85, 6.611, 8.075]},
			"faces": {
				"east": {"uv": [0, 0, 0.5, 0.5], "texture": "#2"},
				"south": {"uv": [0, 0, 0.5, 0.5], "texture": "#2"},
				"west": {"uv": [0, 0, 0.5, 0.5], "texture": "#2"},
				"up": {"uv": [0, 0, 13, 14], "texture": "#2"},
				"down": {"uv": [0, 0, 0.5, 0.5], "texture": "#2"}
			}
		},
		{
			"name": "hexadecagon",
			"from": [7.955, 7.7615, 7.84227],
			"to": [8.045, 7.781, 8.30773],
			"rotation": {"angle": 22.5, "axis": "x", "origin": [7.85, 6.611, 8.075]},
			"faces": {
				"north": {"uv": [0, 0, 0.5, 0.5], "texture": "#2"},
				"east": {"uv": [0, 0, 0.5, 0.5], "texture": "#2"},
				"west": {"uv": [0, 0, 0.5, 0.5], "texture": "#2"},
				"up": {"uv": [0, 0, 13, 14], "texture": "#2"},
				"down": {"uv": [0, 0, 0.5, 0.5], "texture": "#2"}
			}
		},
		{
			"name": "hexadecagon",
			"from": [7.125, 4.8, 7.87098],
			"to": [7.63, 5.1, 8.22902],
			"rotation": {"angle": -22.5, "axis": "y", "origin": [8, 4.95, 8.05]},
			"faces": {
				"east": {"uv": [0.5, 0, 0, 0.5], "texture": "#2"},
				"south": {"uv": [0.5, 0, 0, 0.5], "texture": "#2"},
				"up": {"uv": [15, 0, 0, 15.5], "rotation": 270, "texture": "#2"},
				"down": {"uv": [0.5, 0, 0, 0.5], "rotation": 90, "texture": "#2"}
			}
		},
		{
			"name": "hexadecagon",
			"from": [7.82098, 4.8, 7.175],
			"to": [8.17902, 5.1, 7.73],
			"rotation": {"angle": 45, "axis": "y", "origin": [8, 4.95, 8.05]},
			"faces": {
				"south": {"uv": [0.5, 0, 0, 0.5], "texture": "#2"},
				"west": {"uv": [0.5, 0, 0, 0.5], "texture": "#2"},
				"up": {"uv": [15, 0, 0, 15.5], "texture": "#2"},
				"down": {"uv": [0.5, 0, 0, 0.5], "texture": "#2"}
			}
		},
		{
			"name": "hexadecagon",
			"from": [7.82098, 4.8, 7.175],
			"to": [8.17902, 5.1, 7.73],
			"rotation": {"angle": 22.5, "axis": "y", "origin": [8, 4.95, 8.05]},
			"faces": {
				"up": {"uv": [0, 0, 15, 15.5], "texture": "#2"},
				"down": {"uv": [0, 0, 0.5, 0.5], "texture": "#2"}
			}
		},
		{
			"name": "hexadecagon",
			"from": [7.82098, 4.8, 7.175],
			"to": [8.17902, 5.1, 7.755],
			"rotation": {"angle": 0, "axis": "y", "origin": [8, 4.95, 8.05]},
			"faces": {
				"up": {"uv": [0, 0, 15, 15.5], "texture": "#2"}
			}
		},
		{
			"name": "hexadecagon",
			"from": [7.82098, 4.8, 7.175],
			"to": [8.17902, 5.1, 7.73],
			"rotation": {"angle": -22.5, "axis": "y", "origin": [8, 4.95, 8.05]},
			"faces": {
				"up": {"uv": [0, 0, 15, 15.5], "texture": "#2"},
				"down": {"uv": [0, 0, 0.5, 0.5], "texture": "#2"}
			}
		},
		{
			"name": "hexadecagon",
			"from": [7.82098, 4.8, 7.175],
			"to": [8.17902, 5.1, 7.73],
			"rotation": {"angle": -45, "axis": "y", "origin": [8, 4.95, 8.05]},
			"faces": {
				"up": {"uv": [0, 0, 15, 15.5], "texture": "#2"},
				"down": {"uv": [0, 0, 0.5, 0.5], "texture": "#2"}
			}
		},
		{
			"name": "hexadecagon",
			"from": [8.295, 4.8, 7.87098],
			"to": [8.875, 5.1, 8.22902],
			"rotation": {"angle": 22.5, "axis": "y", "origin": [8, 4.95, 8.05]},
			"faces": {
				"south": {"uv": [0, 0, 0.5, 0.5], "texture": "#2"},
				"west": {"uv": [0, 0, 0.5, 0.5], "texture": "#2"},
				"up": {"uv": [0, 0, 15, 15.5], "texture": "#2"},
				"down": {"uv": [0, 0, 0.5, 0.5], "texture": "#2"}
			}
		},
		{
			"name": "hexadecagon",
			"from": [8.295, 4.8, 7.87098],
			"to": [8.875, 5.1, 8.22902],
			"rotation": {"angle": -22.5, "axis": "y", "origin": [8, 4.95, 8.05]},
			"faces": {
				"north": {"uv": [0, 0, 0.5, 0.5], "texture": "#2"},
				"west": {"uv": [0, 0, 0.5, 0.5], "texture": "#2"},
				"up": {"uv": [0, 0, 15, 15.5], "texture": "#2"},
				"down": {"uv": [0, 0, 0.5, 0.5], "texture": "#2"}
			}
		},
		{
			"name": "hexadecagon",
			"from": [8.87, 5.05, 7.87098],
			"to": [8.9, 5.125, 8.22902],
			"rotation": {"angle": 22.5, "axis": "y", "origin": [8, 4.975, 8.05]},
			"faces": {
				"east": {"uv": [0, 0, 0.5, 0.5], "texture": "#1"},
				"south": {"uv": [0, 0, 0.5, 0.5], "texture": "#1"},
				"west": {"uv": [0, 0, 0.5, 0.5], "texture": "#1"},
				"up": {"uv": [0, 0, 0.5, 0.5], "texture": "#1"},
				"down": {"uv": [0, 0, 0.5, 0.5], "texture": "#1"}
			}
		},
		{
			"name": "hexadecagon",
			"from": [8.87, 5.05, 7.87098],
			"to": [8.9, 5.125, 8.22902],
			"rotation": {"angle": -22.5, "axis": "y", "origin": [8, 4.975, 8.05]},
			"faces": {
				"north": {"uv": [0, 0, 0.5, 0.5], "texture": "#1"},
				"east": {"uv": [0, 0, 0.5, 0.5], "texture": "#1"},
				"west": {"uv": [0, 0, 0.5, 0.5], "texture": "#1"},
				"up": {"uv": [0, 0, 0.5, 0.5], "texture": "#1"},
				"down": {"uv": [0, 0, 0.5, 0.5], "texture": "#1"}
			}
		},
		{
			"name": "hexadecagon",
			"from": [7.82098, 5.05, 8.92],
			"to": [8.17902, 5.125, 8.95],
			"rotation": {"angle": 45, "axis": "y", "origin": [8, 4.975, 8.05]},
			"faces": {
				"north": {"uv": [0, 0, 0.5, 0.5], "texture": "#1"},
				"south": {"uv": [0, 0, 0.5, 0.5], "texture": "#1"},
				"up": {"uv": [0, 0, 0.5, 0.5], "texture": "#1"},
				"down": {"uv": [0, 0, 0.5, 0.5], "texture": "#1"}
			}
		},
		{
			"name": "hexadecagon",
			"from": [7.82098, 5.05, 8.92],
			"to": [8.17902, 5.125, 8.95],
			"rotation": {"angle": 22.5, "axis": "y", "origin": [8, 4.975, 8.05]},
			"faces": {
				"north": {"uv": [0.5, 0, 0, 0.5], "texture": "#1"},
				"south": {"uv": [0.5, 0, 0, 0.5], "texture": "#1"},
				"up": {"uv": [0.5, 0, 0, 0.5], "texture": "#1"},
				"down": {"uv": [0.5, 0, 0, 0.5], "texture": "#1"}
			}
		},
		{
			"name": "hexadecagon",
			"from": [7.82098, 5.05, 8.92],
			"to": [8.17902, 5.125, 8.95],
			"rotation": {"angle": 0, "axis": "y", "origin": [8, 4.975, 8.05]},
			"faces": {
				"north": {"uv": [0.5, 0, 0, 0.5], "texture": "#1"},
				"south": {"uv": [0.5, 0, 0, 0.5], "texture": "#1"},
				"up": {"uv": [0.5, 0, 0, 0.5], "rotation": 270, "texture": "#1"}
			}
		},
		{
			"name": "hexadecagon",
			"from": [7.82098, 5.05, 8.92],
			"to": [8.17902, 5.125, 8.95],
			"rotation": {"angle": -22.5, "axis": "y", "origin": [8, 4.975, 8.05]},
			"faces": {
				"north": {"uv": [0.5, 0, 0, 0.5], "texture": "#1"},
				"south": {"uv": [0.5, 0, 0, 0.5], "texture": "#1"},
				"up": {"uv": [0.5, 0, 0, 0.5], "rotation": 270, "texture": "#1"},
				"down": {"uv": [0.5, 0, 0, 0.5], "rotation": 90, "texture": "#1"}
			}
		},
		{
			"name": "hexadecagon",
			"from": [7.1, 5.05, 7.87098],
			"to": [7.13, 5.125, 8.22902],
			"rotation": {"angle": 45, "axis": "y", "origin": [8, 4.975, 8.05]},
			"faces": {
				"east": {"uv": [0.5, 0, 0, 0.5], "texture": "#1"},
				"west": {"uv": [0.5, 0, 0, 0.5], "texture": "#1"},
				"up": {"uv": [0.5, 0, 0, 0.5], "texture": "#1"},
				"down": {"uv": [0.5, 0, 0, 0.5], "texture": "#1"}
			}
		},
		{
			"name": "hexadecagon",
			"from": [7.1, 5.05, 7.87098],
			"to": [7.13, 5.125, 8.22902],
			"rotation": {"angle": 22.5, "axis": "y", "origin": [8, 4.975, 8.05]},
			"faces": {
				"north": {"uv": [0.5, 0, 0, 0.5], "texture": "#1"},
				"east": {"uv": [0.5, 0, 0, 0.5], "texture": "#1"},
				"west": {"uv": [0.5, 0, 0, 0.5], "texture": "#1"},
				"up": {"uv": [0.5, 0, 0, 0.5], "rotation": 270, "texture": "#1"},
				"down": {"uv": [0.5, 0, 0, 0.5], "rotation": 90, "texture": "#1"}
			}
		},
		{
			"name": "hexadecagon",
			"from": [7.1, 5.05, 7.87098],
			"to": [7.13, 5.125, 8.22902],
			"rotation": {"angle": -22.5, "axis": "y", "origin": [8, 4.975, 8.05]},
			"faces": {
				"east": {"uv": [0.5, 0, 0, 0.5], "texture": "#1"},
				"south": {"uv": [0.5, 0, 0, 0.5], "texture": "#1"},
				"west": {"uv": [0.5, 0, 0, 0.5], "texture": "#1"},
				"up": {"uv": [0.5, 0, 0, 0.5], "rotation": 270, "texture": "#1"},
				"down": {"uv": [0.5, 0, 0, 0.5], "rotation": 90, "texture": "#1"}
			}
		},
		{
			"name": "hexadecagon",
			"from": [7.82098, 5.05, 7.15],
			"to": [8.17902, 5.125, 7.18],
			"rotation": {"angle": 45, "axis": "y", "origin": [8, 4.975, 8.05]},
			"faces": {
				"north": {"uv": [0.5, 0, 0, 0.5], "texture": "#1"},
				"south": {"uv": [0.5, 0, 0, 0.5], "texture": "#1"},
				"up": {"uv": [0.5, 0, 0, 0.5], "texture": "#1"},
				"down": {"uv": [0.5, 0, 0, 0.5], "texture": "#1"}
			}
		},
		{
			"name": "hexadecagon",
			"from": [7.82098, 5.05, 7.15],
			"to": [8.17902, 5.125, 7.18],
			"rotation": {"angle": 0, "axis": "y", "origin": [8, 4.975, 8.05]},
			"faces": {
				"north": {"uv": [0, 0, 0.5, 0.5], "texture": "#1"},
				"south": {"uv": [0, 0, 0.5, 0.5], "texture": "#1"},
				"up": {"uv": [0, 0, 0.5, 0.5], "texture": "#1"}
			}
		},
		{
			"name": "hexadecagon",
			"from": [7.82098, 5.05, 7.15],
			"to": [8.17902, 5.125, 7.18],
			"rotation": {"angle": 22.5, "axis": "y", "origin": [8, 4.975, 8.05]},
			"faces": {
				"north": {"uv": [0, 0, 0.5, 0.5], "texture": "#1"},
				"south": {"uv": [0, 0, 0.5, 0.5], "texture": "#1"},
				"up": {"uv": [0, 0, 0.5, 0.5], "texture": "#1"},
				"down": {"uv": [0, 0, 0.5, 0.5], "texture": "#1"}
			}
		},
		{
			"name": "hexadecagon",
			"from": [7.82098, 5.05, 7.15],
			"to": [8.17902, 5.125, 7.18],
			"rotation": {"angle": -22.5, "axis": "y", "origin": [8, 4.975, 8.05]},
			"faces": {
				"north": {"uv": [0, 0, 0.5, 0.5], "texture": "#1"},
				"south": {"uv": [0, 0, 0.5, 0.5], "texture": "#1"},
				"up": {"uv": [0, 0, 0.5, 0.5], "texture": "#1"},
				"down": {"uv": [0, 0, 0.5, 0.5], "texture": "#1"}
			}
		},
		{
			"name": "hexadecagon",
			"from": [7.82098, 5.05, 7.15],
			"to": [8.17902, 5.125, 7.18],
			"rotation": {"angle": -45, "axis": "y", "origin": [8, 4.975, 8.05]},
			"faces": {
				"north": {"uv": [0, 0, 0.5, 0.5], "texture": "#1"},
				"south": {"uv": [0, 0, 0.5, 0.5], "texture": "#1"},
				"up": {"uv": [0, 0, 0.5, 0.5], "texture": "#1"},
				"down": {"uv": [0, 0, 0.5, 0.5], "texture": "#1"}
			}
		},
		{
			"name": "hexadecagon",
			"from": [7.82098, 4.8, 8.37],
			"to": [8.17902, 5.1, 8.925],
			"rotation": {"angle": 45, "axis": "y", "origin": [8, 4.95, 8.05]},
			"faces": {
				"up": {"uv": [0, 0, 15, 15.5], "texture": "#2"},
				"down": {"uv": [0, 0, 0.5, 0.5], "texture": "#2"}
			}
		},
		{
			"name": "hexadecagon",
			"from": [7.82098, 4.8, 8.345],
			"to": [8.17902, 5.1, 8.925],
			"rotation": {"angle": 22.5, "axis": "y", "origin": [8, 4.95, 8.05]},
			"faces": {
				"north": {"uv": [0.5, 0, 0, 0.5], "texture": "#2"},
				"up": {"uv": [15, 0, 0, 15.5], "texture": "#2"},
				"down": {"uv": [0.5, 0, 0, 0.5], "texture": "#2"}
			}
		},
		{
			"name": "hexadecagon",
			"from": [7.82098, 4.8, 8.345],
			"to": [8.17902, 5.1, 8.925],
			"rotation": {"angle": 0, "axis": "y", "origin": [8, 4.95, 8.05]},
			"faces": {
				"up": {"uv": [15, 0, 0, 15.5], "rotation": 270, "texture": "#2"}
			}
		},
		{
			"name": "hexadecagon",
			"from": [7.82098, 4.8, 8.345],
			"to": [8.17902, 5.1, 8.925],
			"rotation": {"angle": -22.5, "axis": "y", "origin": [8, 4.95, 8.05]},
			"faces": {
				"up": {"uv": [15, 0, 0, 15.5], "rotation": 270, "texture": "#2"},
				"down": {"uv": [0.5, 0, 0, 0.5], "rotation": 90, "texture": "#2"}
			}
		},
		{
			"name": "hexadecagon",
			"from": [7.125, 4.8, 7.87098],
			"to": [7.705, 5.1, 8.22902],
			"rotation": {"angle": 45, "axis": "y", "origin": [8, 4.95, 8.05]},
			"faces": {
				"up": {"uv": [15, 0, 0, 15.5], "texture": "#2"},
				"down": {"uv": [0.5, 0, 0, 0.5], "texture": "#2"}
			}
		},
		{
			"name": "hexadecagon",
			"from": [7.125, 4.8, 7.87098],
			"to": [7.73, 5.1, 8.22902],
			"rotation": {"angle": 22.5, "axis": "y", "origin": [8, 4.95, 8.05]},
			"faces": {
				"north": {"uv": [0.5, 0, 0, 0.5], "texture": "#2"},
				"east": {"uv": [0.5, 0, 0, 0.5], "texture": "#2"},
				"up": {"uv": [15, 0, 0, 15.5], "rotation": 270, "texture": "#2"},
				"down": {"uv": [0.5, 0, 0, 0.5], "rotation": 90, "texture": "#2"}
			}
		},
		{
			"from": [7.225, 5, 5.65],
			"to": [8.825, 5.05, 6.375],
			"rotation": {"angle": 0, "axis": "y", "origin": [0, 4, -0.9]},
			"faces": {
				"north": {"uv": [0, 0, 1, 0.3625], "texture": "#0"},
				"south": {"uv": [0, 0, 1, 0.3625], "texture": "#0"},
				"up": {"uv": [0, 0, 16, 16], "texture": "#2"}
			}
		},
		{
			"from": [6.3375, 5, 7.3875],
			"to": [6.8375, 5.05, 8.6875],
			"rotation": {"angle": 0, "axis": "y", "origin": [9.625, 5.025, 8.0125]},
			"faces": {
				"up": {"uv": [0, 0, 16, 16], "rotation": 270, "texture": "#2"}
			}
		},
		{
			"from": [7.225, 5, 9.65],
			"to": [8.825, 5.05, 10.375],
			"rotation": {"angle": 0, "axis": "y", "origin": [0, 4, -0.9]},
			"faces": {
				"north": {"uv": [0, 0, 1, 0.3625], "texture": "#0"},
				"south": {"uv": [0, 0, 1, 0.3625], "texture": "#0"},
				"up": {"uv": [0, 0, 16, 16], "texture": "#2"}
			}
		},
		{
			"from": [9.1625, 5, 7.3875],
			"to": [9.6625, 5.05, 8.6875],
			"rotation": {"angle": 0, "axis": "y", "origin": [9.625, 5.025, 8.0125]},
			"faces": {
				"up": {"uv": [0, 0, 16, 16], "rotation": 270, "texture": "#2"}
			}
		}
	],
	"display": {
		"thirdperson_righthand": {
			"rotation": [-34.75, 0, 0],
			"translation": [0, 3.25, -2],
			"scale": [1, 1.17383, 1]
		},
		"thirdperson_lefthand": {
			"rotation": [-34.75, 0, 0],
			"translation": [0, 3.25, -2],
			"scale": [1, 1.17383, 1]
		},
		"firstperson_righthand": {
			"rotation": [-20.75, 16.52, 12.22],
			"translation": [-2.75, 7.25, -1],
			"scale": [2.0918, 2.0918, 2.0918]
		},
		"firstperson_lefthand": {
			"rotation": [-20.75, 16.52, 12.22],
			"translation": [-2.75, 7.25, -1],
			"scale": [2.0918, 2.0918, 2.0918]
		},
		"ground": {
			"translation": [0, 4, 0],
			"scale": [1.80078, 1.80078, 1.80078]
		},
		"gui": {
			"rotation": [-180, 53, -144.5],
			"translation": [3.75, 7.75, 0],
			"scale": [3.11133, 3.11133, 3.11133]
		},
		"head": {
			"rotation": [0, 90, 0],
			"translation": [0, 14, -0.25],
			"scale": [2.05664, 2.05664, 2.05664]
		},
		"fixed": {
			"rotation": [-90, -43.5, 0],
			"translation": [0, 0.5, -11.75],
			"scale": [3.13281, 3.13281, 3.13281]
		}
	},
	"groups": [
		{
			"name": "Marcos",
			"origin": [0, 0, 16],
			"color": 0,
			"children": [0, 1, 2, 3, 4, 5, 6, 7, 8, 9, 10, 11, 12, 13, 14, 15, 16, 17, 18, 19]
		},
		{
			"name": "hexadecagon",
			"origin": [8, 8, 8],
			"color": 0,
			"children": [20, 21]
		},
		{
			"name": "circulo exterior",
			"origin": [8, 1.0506, 8.94192],
			"color": 0,
			"children": [22, 23, 24, 25, 26, 27, 28, 29, 30, 31, 32, 33, 34]
		},
		{
			"name": "Cuerpo interno",
			"origin": [0, 0, 0],
			"color": 0,
			"children": [35, 36, 37, 38, 39, 40, 41, 42]
		},
		{
			"name": "Lineas afuera",
			"origin": [10.1, 0.6625, 6.075],
			"color": 0,
			"children": [43, 44, 45, 46, 47, 48, 49, 50, 51, 52, 53, 54, 55, 56, 57, 58, 59, 60]
		},
		{
			"name": "Cuerpo externo",
			"origin": [0, 0, 0],
			"color": 0,
			"children": []
		},
		{
			"name": "holograma",
			"origin": [8, 2.43859, 8.44066],
			"color": 0,
			"children": [61, 62, 63, 64, 65, 66, 67, 68, 69, 70, 71, 72, 73, 74, 75, 76, 77, 78, 79, 80, 81, 82, 83, 84, 85]
		},
		{
			"name": "hexadecagon",
			"origin": [8, 8, 8],
			"color": 0,
			"children": []
		},
		{
			"name": "Brillo",
			"origin": [9.625, 1.025, 8.0125],
			"color": 0,
			"children": [86, 87, 88, 89, 90, 91, 92, 93, 94, 95, 96, 97, 98, 99, 100, 101, 102, 103, 104, 105, 106, 107, 108, 109, 110, 111, 112, 113, 114, 115, 116, 117]
		}
	]
}