{
	"credit": "Made with Blockbench",
	"texture_size": [64, 64],
	"textures": {
		"1": "Desktop:block/color/lightergray",
		"2": "Desktop:block/color/wood_nine",
		"3": "graymetal_lighter",
		"4": "Desktop:block/color/cuerpomagnum",
		"particle": "Desktop:block/color/wood_nine"
	},
	"elements": [
		{
			"from": [7, -7, 7],
			"to": [10, 10, 16],
			"rotation": {"angle": -22.5, "axis": "x", "origin": [8, 4, 9]},
			"faces": {
				"north": {"uv": [0, 0, 1.5, 8.5], "texture": "#2"},
				"east": {"uv": [0, 0, 4.5, 8.5], "texture": "#2"},
				"south": {"uv": [0, 0, 1.5, 8.5], "texture": "#2"},
				"west": {"uv": [0, 0, 4.5, 8.5], "texture": "#2"},
				"up": {"uv": [0, 0, 1.5, 4.5], "texture": "#2"},
				"down": {"uv": [0, 0, 1.5, 4.5], "texture": "#2"}
			}
		},
		{
			"from": [6, -7, 7],
			"to": [11, 13, 8],
			"rotation": {"angle": -22.5, "axis": "x", "origin": [8, 4, 9]},
			"faces": {
				"north": {"uv": [0, 0, 2.5, 10], "texture": "#2"},
				"east": {"uv": [0, 0, 0.5, 10], "texture": "#2"},
				"south": {"uv": [0, 0, 2.5, 10], "texture": "#2"},
				"west": {"uv": [0, 0, 0.5, 10], "texture": "#2"},
				"up": {"uv": [0, 0, 2.5, 0.5], "texture": "#2"},
				"down": {"uv": [0, 0, 2.5, 0.5], "texture": "#2"}
			}
		},
		{
			"from": [6, -7, 15],
			"to": [11, 10, 16],
			"rotation": {"angle": -22.5, "axis": "x", "origin": [8, 4, 9]},
			"faces": {
				"north": {"uv": [0, 0, 2.5, 8.5], "texture": "#2"},
				"east": {"uv": [0, 0, 0.5, 8.5], "texture": "#2"},
				"south": {"uv": [0, 0, 2.5, 8.5], "texture": "#2"},
				"west": {"uv": [0, 0, 0.5, 8.5], "texture": "#2"},
				"up": {"uv": [0, 0, 2.5, 0.5], "texture": "#2"},
				"down": {"uv": [0, 0, 2.5, 0.5], "texture": "#2"}
			}
		},
		{
			"from": [6, -7, 8],
			"to": [11, -6, 15],
			"rotation": {"angle": -22.5, "axis": "x", "origin": [8, 4, 9]},
			"faces": {
				"north": {"uv": [0, 0, 2.5, 0.5], "texture": "#2"},
				"east": {"uv": [0, 0, 3.5, 0.5], "texture": "#2"},
				"south": {"uv": [0, 0, 2.5, 0.5], "texture": "#2"},
				"west": {"uv": [0, 0, 3.5, 0.5], "texture": "#2"},
				"up": {"uv": [0, 0, 2.5, 3.5], "texture": "#2"},
				"down": {"uv": [0, 0, 2.5, 3.5], "texture": "#2"}
			}
		},
		{
			"from": [7, 10, 7],
			"to": [10, 13, 9],
			"rotation": {"angle": -22.5, "axis": "x", "origin": [8, 4, 9]},
			"faces": {
				"north": {"uv": [0, 0, 1.5, 1.5], "texture": "#2"},
				"east": {"uv": [0, 0, 1, 1.5], "texture": "#2"},
				"south": {"uv": [0, 0, 1.5, 1.5], "texture": "#2"},
				"west": {"uv": [0, 0, 1, 1.5], "texture": "#2"},
				"up": {"uv": [0, 0, 1.5, 1], "texture": "#2"},
				"down": {"uv": [0, 0, 1.5, 1], "texture": "#2"}
			}
		},
		{
			"from": [7, 11, 9],
			"to": [10, 13, 16],
			"rotation": {"angle": 0, "axis": "y", "origin": [8, 4, 9]},
			"faces": {
				"north": {"uv": [0, 0, 1.5, 1], "texture": "#2"},
				"east": {"uv": [0, 0, 3.5, 1], "texture": "#2"},
				"south": {"uv": [0, 0, 1.5, 1], "texture": "#2"},
				"west": {"uv": [0, 0, 3.5, 1], "texture": "#2"},
				"up": {"uv": [0, 0, 1.5, 3.5], "texture": "#2"},
				"down": {"uv": [0, 0, 1.5, 3.5], "texture": "#2"}
			}
		},
		{
			"from": [7, 10, 7],
			"to": [10, 12, 13],
			"rotation": {"angle": -22.5, "axis": "x", "origin": [8, 4, 9]},
			"faces": {
				"north": {"uv": [0, 0, 1.5, 1], "texture": "#2"},
				"east": {"uv": [0, 0, 3, 1], "texture": "#2"},
				"south": {"uv": [0, 0, 1.5, 1], "texture": "#2"},
				"west": {"uv": [0, 0, 3, 1], "texture": "#2"},
				"up": {"uv": [0, 0, 1.5, 3], "texture": "#2"},
				"down": {"uv": [0, 0, 1.5, 3], "texture": "#2"}
			}
		},
		{
			"from": [8, 11, 13],
			"to": [9, 13, 17],
			"rotation": {"angle": -45, "axis": "x", "origin": [8.5, 10.5, 17]},
			"faces": {
				"north": {"uv": [0, 0, 0.5, 1], "rotation": 180, "texture": "#2"},
				"east": {"uv": [0, 0, 1, 2], "rotation": 270, "texture": "#2"},
				"south": {"uv": [0, 0, 0.5, 1], "texture": "#2"},
				"west": {"uv": [0, 0, 1, 2], "rotation": 90, "texture": "#2"},
				"up": {"uv": [0, 0, 0.5, 2], "rotation": 180, "texture": "#2"},
				"down": {"uv": [0, 0, 0.5, 2], "texture": "#2"}
			}
		},
		{
			"name": "cargador",
			"from": [8, -11, 7],
			"to": [9, -7, 16],
			"rotation": {"angle": -22.5, "axis": "x", "origin": [8, 4, 9]},
			"faces": {
				"north": {"uv": [0, 0, 0.5, 2], "texture": "#3"},
				"east": {"uv": [0, 0, 4.5, 2], "texture": "#3"},
				"south": {"uv": [0, 0, 0.5, 2], "texture": "#3"},
				"west": {"uv": [0, 0, 4.5, 2], "texture": "#3"},
				"up": {"uv": [0, 0, 0.5, 4.5], "texture": "#3"},
				"down": {"uv": [0, 0, 0.5, 4.5], "texture": "#3"}
			}
		},
		{
			"from": [8, -2, 0],
			"to": [9, -1, 5],
			"rotation": {"angle": 0, "axis": "y", "origin": [8, 4, 9]},
			"faces": {
				"north": {"uv": [0, 0, 0.5, 0.5], "rotation": 180, "texture": "#3"},
				"east": {"uv": [0, 0, 0.5, 2.5], "rotation": 270, "texture": "#3"},
				"south": {"uv": [0, 0, 0.5, 0.5], "texture": "#3"},
				"west": {"uv": [0, 0, 0.5, 2.5], "rotation": 90, "texture": "#3"},
				"up": {"uv": [0, 0, 0.5, 2.5], "rotation": 180, "texture": "#3"},
				"down": {"uv": [0, 0, 0.5, 2.5], "texture": "#3"}
			}
		},
		{
			"from": [8, -2.5, -0.5],
			"to": [9, 5.5, 0.5],
			"rotation": {"angle": -22.5, "axis": "x", "origin": [8, -2, -3.5]},
			"faces": {
				"north": {"uv": [0, 0, 0.5, 4], "rotation": 180, "texture": "#3"},
				"east": {"uv": [0, 0, 0.5, 4], "rotation": 180, "texture": "#3"},
				"south": {"uv": [0, 0, 0.5, 4], "rotation": 180, "texture": "#3"},
				"west": {"uv": [0, 0, 0.5, 4], "rotation": 180, "texture": "#3"},
				"up": {"uv": [0, 0, 0.5, 0.5], "texture": "#3"},
				"down": {"uv": [0, 0, 0.5, 0.5], "texture": "#3"}
			}
		},
		{
			"from": [8, 5.5, -3.5],
			"to": [9, 9.5, -2.5],
			"rotation": {"angle": 0, "axis": "y", "origin": [8, -2, -3.5]},
			"faces": {
				"north": {"uv": [0, 0, 0.5, 2], "rotation": 180, "texture": "#3"},
				"east": {"uv": [0, 0, 0.5, 2], "rotation": 180, "texture": "#3"},
				"south": {"uv": [0, 0, 0.5, 2], "rotation": 180, "texture": "#3"},
				"west": {"uv": [0, 0, 0.5, 2], "rotation": 180, "texture": "#3"},
				"up": {"uv": [0, 0, 0.5, 0.5], "texture": "#3"},
				"down": {"uv": [0, 0, 0.5, 0.5], "texture": "#3"}
			}
		},
		{
			"from": [8, 8.5, 2.5],
			"to": [9, 12.5, 3.5],
			"rotation": {"angle": 0, "axis": "y", "origin": [8, -2, -3.5]},
			"faces": {
				"north": {"uv": [0, 0, 0.5, 2], "rotation": 180, "texture": "#3"},
				"east": {"uv": [0, 0, 0.5, 2], "rotation": 180, "texture": "#3"},
				"south": {"uv": [0, 0, 0.5, 2], "rotation": 180, "texture": "#3"},
				"west": {"uv": [0, 0, 0.5, 2], "rotation": 180, "texture": "#3"},
				"up": {"uv": [0, 0, 0.5, 0.5], "texture": "#3"},
				"down": {"uv": [0, 0, 0.5, 0.5], "texture": "#3"}
			}
		},
		{
			"from": [8, 6.2, 1.3],
			"to": [9, 9.3, 2.3],
			"rotation": {"angle": 45, "axis": "x", "origin": [8.5, 7.5, 2]},
			"faces": {
				"north": {"uv": [0, 0, 0.5, 1.55], "rotation": 180, "texture": "#3"},
				"east": {"uv": [0, 0, 0.5, 1.55], "rotation": 180, "texture": "#3"},
				"south": {"uv": [0, 0, 0.5, 1.55], "rotation": 180, "texture": "#3"},
				"west": {"uv": [0, 0, 0.5, 1.55], "rotation": 180, "texture": "#3"},
				"up": {"uv": [0, 0, 0.5, 0.5], "texture": "#3"},
				"down": {"uv": [0, 0, 0.5, 0.5], "texture": "#3"}
			}
		},
		{
			"from": [8, -2, 5],
			"to": [9, -1, 10],
			"rotation": {"angle": 0, "axis": "y", "origin": [8, 4, 9]},
			"faces": {
				"north": {"uv": [0, 0, 0.5, 0.5], "rotation": 180, "texture": "#3"},
				"east": {"uv": [0, 0, 0.5, 2.5], "rotation": 270, "texture": "#3"},
				"south": {"uv": [0, 0, 0.5, 0.5], "texture": "#3"},
				"west": {"uv": [0, 0, 0.5, 2.5], "rotation": 90, "texture": "#3"},
				"up": {"uv": [0, 0, 0.5, 2.5], "rotation": 180, "texture": "#3"},
				"down": {"uv": [0, 0, 0.5, 2.5], "texture": "#3"}
			}
		},
		{
			"from": [7, 13, -1],
			"to": [10, 18, 23],
			"faces": {
				"north": {"uv": [3.75, 9.25, 4.5, 10.5], "texture": "#4"},
				"east": {"uv": [0, 0, 6, 1.25], "texture": "#4"},
				"south": {"uv": [9.75, 5, 10.5, 6.25], "texture": "#4"},
				"west": {"uv": [0, 1.25, 6, 2.5], "texture": "#4"},
				"up": {"uv": [3.25, 8.5, 2.5, 2.5], "texture": "#4"},
				"down": {"uv": [4, 2.5, 3.25, 8.5], "texture": "#4"}
			}
		},
		{
			"from": [7, 14.5, 12],
			"to": [10, 16, 16],
			"rotation": {"angle": 45, "axis": "x", "origin": [8.5, 12, 12]},
			"faces": {
				"north": {"uv": [4.5, 11.75, 5.25, 12.125], "texture": "#4"},
				"east": {"uv": [1.25, 11.25, 2.25, 11.625], "texture": "#4"},
				"south": {"uv": [11.75, 4.5, 12.5, 4.875], "texture": "#4"},
				"west": {"uv": [10, 11.25, 11, 11.625], "texture": "#4"},
				"up": {"uv": [5.25, 11, 4.5, 10], "texture": "#4"},
				"down": {"uv": [6, 10, 5.25, 11], "texture": "#4"}
			}
		},
		{
			"from": [6, 11, -1],
			"to": [11, 13, 9],
			"faces": {
				"north": {"uv": [0, 10.5, 1.25, 11], "texture": "#4"},
				"east": {"uv": [9, 8.5, 11.5, 9], "texture": "#4"},
				"south": {"uv": [10.5, 4, 11.75, 4.5], "texture": "#4"},
				"west": {"uv": [9, 9, 11.5, 9.5], "texture": "#4"},
				"up": {"uv": [7, 5, 5.75, 2.5], "texture": "#4"},
				"down": {"uv": [7, 5, 5.75, 7.5], "texture": "#4"}
			}
		},
		{
			"from": [6, 17, 4],
			"to": [11, 19, 22],
			"faces": {
				"north": {"uv": [10.5, 5, 11.75, 5.5], "texture": "#4"},
				"east": {"uv": [7, 2.5, 11.5, 3], "texture": "#4"},
				"south": {"uv": [10.5, 5.5, 11.75, 6], "texture": "#4"},
				"west": {"uv": [7, 3, 11.5, 3.5], "texture": "#4"},
				"up": {"uv": [1.25, 7, 0, 2.5], "texture": "#4"},
				"down": {"uv": [2.5, 2.5, 1.25, 7], "texture": "#4"}
			}
		},
		{
			"from": [6, 13, 22],
			"to": [11, 17, 24],
			"faces": {
				"north": {"uv": [1.25, 9.25, 2.5, 10.25], "texture": "#4"},
				"east": {"uv": [6.5, 7.5, 7, 8.5], "texture": "#4"},
				"south": {"uv": [2.5, 9.25, 3.75, 10.25], "texture": "#4"},
				"west": {"uv": [11, 7.5, 11.5, 8.5], "texture": "#4"},
				"up": {"uv": [7.25, 11, 6, 10.5], "texture": "#4"},
				"down": {"uv": [8.5, 10.5, 7.25, 11], "texture": "#4"}
			}
		},
		{
			"from": [6, 11, 16],
			"to": [11, 15, 22],
			"faces": {
				"north": {"uv": [9.25, 3.5, 10.5, 4.5], "texture": "#4"},
				"east": {"uv": [6.5, 8.75, 8, 9.75], "texture": "#4"},
				"south": {"uv": [0, 9.5, 1.25, 10.5], "texture": "#4"},
				"west": {"uv": [4.5, 9, 6, 10], "texture": "#4"},
				"up": {"uv": [5.25, 8.5, 4, 7], "texture": "#4"},
				"down": {"uv": [8.25, 5.75, 7, 7.25], "texture": "#4"}
			}
		},
		{
			"from": [6, 17, -7],
			"to": [11, 19, 3],
			"faces": {
				"north": {"uv": [8.5, 10.5, 9.75, 11], "texture": "#4"},
				"east": {"uv": [9.25, 4.5, 11.75, 5], "texture": "#4"},
				"south": {"uv": [9.75, 10.5, 11, 11], "texture": "#4"},
				"west": {"uv": [9.5, 1.5, 12, 2], "texture": "#4"},
				"up": {"uv": [7.25, 2.5, 6, 0], "texture": "#4"},
				"down": {"uv": [1.25, 7, 0, 9.5], "texture": "#4"}
			}
		},
		{
			"from": [5, 19, -9],
			"to": [12, 20, 0],
			"faces": {
				"north": {"uv": [10, 11, 11.75, 11.25], "texture": "#4"},
				"east": {"uv": [7.25, 2.25, 9.5, 2.5], "texture": "#4"},
				"south": {"uv": [11, 10.5, 12.75, 10.75], "texture": "#4"},
				"west": {"uv": [10.75, 10.25, 13, 10.5], "texture": "#4"},
				"up": {"uv": [5.75, 4.75, 4, 2.5], "texture": "#4"},
				"down": {"uv": [5.75, 4.75, 4, 7], "texture": "#4"}
			}
		},
		{
			"from": [6, 15, -7],
			"to": [11, 17, -1],
			"faces": {
				"north": {"uv": [10.75, 0, 12, 0.5], "texture": "#4"},
				"east": {"uv": [1.25, 10.25, 2.75, 10.75], "texture": "#4"},
				"south": {"uv": [10.75, 0.5, 12, 1], "texture": "#4"},
				"west": {"uv": [10.25, 9.5, 11.75, 10], "texture": "#4"},
				"up": {"uv": [8.5, 1.5, 7.25, 0], "texture": "#4"},
				"down": {"uv": [8.25, 7.25, 7, 8.75], "texture": "#4"}
			}
		},
		{
			"from": [8, 18, -11],
			"to": [9, 19, -7],
			"faces": {
				"north": {"uv": [6.5, 8.5, 6.75, 8.75], "texture": "#4"},
				"east": {"uv": [2.75, 10.25, 3.75, 10.5], "texture": "#4"},
				"south": {"uv": [6.75, 8.5, 7, 8.75], "texture": "#4"},
				"west": {"uv": [11, 10.75, 12, 11], "texture": "#4"},
				"up": {"uv": [2.5, 8, 2.25, 7], "texture": "#4"},
				"down": {"uv": [2.5, 11.25, 2.25, 12.25], "texture": "#4"}
			}
		},
		{
			"from": [7, 15, -10],
			"to": [10, 17, -7],
			"faces": {
				"north": {"uv": [4.5, 8.5, 5.25, 9], "texture": "#4"},
				"east": {"uv": [11, 11.25, 11.75, 11.75], "texture": "#4"},
				"south": {"uv": [11.5, 2.5, 12.25, 3], "texture": "#4"},
				"west": {"uv": [11.5, 3, 12.25, 3.5], "texture": "#4"},
				"up": {"uv": [0.75, 11.75, 0, 11], "texture": "#4"},
				"down": {"uv": [3.5, 11, 2.75, 11.75], "texture": "#4"}
			}
		},
		{
			"from": [6, 11, -7],
			"to": [11, 13, -1],
			"faces": {
				"north": {"uv": [10.75, 1, 12, 1.5], "texture": "#4"},
				"east": {"uv": [2.75, 10.5, 4.25, 11], "texture": "#4"},
				"south": {"uv": [1.25, 10.75, 2.5, 11.25], "texture": "#4"},
				"west": {"uv": [10.5, 3.5, 12, 4], "texture": "#4"},
				"up": {"uv": [6.5, 9, 5.25, 7.5], "texture": "#4"},
				"down": {"uv": [9.25, 3.5, 8, 5], "texture": "#4"}
			}
		},
		{
			"from": [6, 11, -10],
			"to": [11, 14, -7],
			"faces": {
				"north": {"uv": [6, 9.75, 7.25, 10.5], "texture": "#4"},
				"east": {"uv": [3.5, 11, 4.25, 11.75], "texture": "#4"},
				"south": {"uv": [9.75, 6.25, 11, 7], "texture": "#4"},
				"west": {"uv": [4.5, 11, 5.25, 11.75], "texture": "#4"},
				"up": {"uv": [11, 7.75, 9.75, 7], "texture": "#4"},
				"down": {"uv": [11, 7.75, 9.75, 8.5], "texture": "#4"}
			}
		},
		{
			"from": [6, 15, 0.5],
			"to": [11, 17.1, 6],
			"rotation": {"angle": 22.5, "axis": "x", "origin": [8.5, 20.5, 10]},
			"faces": {
				"north": {"uv": [7.25, 9.75, 8, 10], "texture": "#4"},
				"east": {"uv": [5.25, 7, 5.75, 7.25], "texture": "#4"},
				"south": {"uv": [11.75, 5, 12.5, 5.25], "texture": "#4"},
				"west": {"uv": [5.25, 7.25, 5.75, 7.5], "texture": "#4"},
				"up": {"uv": [12.25, 8, 11.5, 7.5], "texture": "#4"},
				"down": {"uv": [8.75, 11.5, 8, 12], "texture": "#4"}
			}
		},
		{
			"from": [7, 26, 19],
			"to": [10, 28, 22],
			"rotation": {"angle": 45, "axis": "x", "origin": [8.5, 20.5, 10]},
			"faces": {
				"north": {"uv": [11.5, 8, 12.25, 8.5], "texture": "#4"},
				"east": {"uv": [11.5, 8.5, 12.25, 9], "texture": "#4"},
				"south": {"uv": [8.75, 11.5, 9.5, 12], "texture": "#4"},
				"west": {"uv": [11.5, 9, 12.25, 9.5], "texture": "#4"},
				"up": {"uv": [6, 11.75, 5.25, 11], "texture": "#4"},
				"down": {"uv": [6.75, 11, 6, 11.75], "texture": "#4"}
			}
		},
		{
			"from": [6.4, 9, -10],
			"to": [10.5, 11, -1],
			"faces": {
				"north": {"uv": [8, 11, 9, 11.5], "texture": "#4"},
				"east": {"uv": [9.5, 2, 11.75, 2.5], "texture": "#4"},
				"south": {"uv": [9, 11, 10, 11.5], "texture": "#4"},
				"west": {"uv": [8, 9.5, 10.25, 10], "texture": "#4"},
				"up": {"uv": [2.25, 9.25, 1.25, 7], "texture": "#4"},
				"down": {"uv": [8, 3.5, 7, 5.75], "texture": "#4"}
			}
		},
		{
			"from": [7, 18.20711, 17.98528],
			"to": [10, 20.00711, 20.98528],
			"rotation": {"angle": 0, "axis": "y", "origin": [8.5, 21.20711, 18.48528]},
			"faces": {
				"north": {"uv": [0, 11.75, 0.75, 12.25], "texture": "#4"},
				"east": {"uv": [1.25, 11.75, 2, 12.25], "texture": "#4"},
				"south": {"uv": [11.75, 2, 12.5, 2.5], "texture": "#4"},
				"west": {"uv": [2.75, 11.75, 3.5, 12.25], "texture": "#4"},
				"up": {"uv": [11.75, 7, 11, 6.25], "texture": "#4"},
				"down": {"uv": [7.5, 11, 6.75, 11.75], "texture": "#4"}
			}
		},
		{
			"from": [7, 20.00711, 19.98528],
			"to": [8, 20.40711, 20.98528],
			"rotation": {"angle": 0, "axis": "y", "origin": [8.5, 21.20711, 18.48528]},
			"faces": {
				"north": {"uv": [11.75, 6.75, 12, 6.875], "texture": "#4"},
				"east": {"uv": [7, 11.75, 7.25, 11.875], "texture": "#4"},
				"south": {"uv": [7.25, 11.75, 7.5, 11.875], "texture": "#4"},
				"west": {"uv": [11.75, 9.5, 12, 9.625], "texture": "#4"},
				"up": {"uv": [12, 5.75, 11.75, 5.5], "texture": "#4"},
				"down": {"uv": [12, 5.75, 11.75, 6], "texture": "#4"}
			}
		},
		{
			"from": [9, 20.00711, 19.98528],
			"to": [10, 20.40711, 20.98528],
			"rotation": {"angle": 0, "axis": "y", "origin": [8.5, 21.20711, 18.48528]},
			"faces": {
				"north": {"uv": [11.75, 9.75, 12, 9.875], "texture": "#4"},
				"east": {"uv": [10, 11.75, 10.25, 11.875], "texture": "#4"},
				"south": {"uv": [10.25, 11.75, 10.5, 11.875], "texture": "#4"},
				"west": {"uv": [10.5, 11.75, 10.75, 11.875], "texture": "#4"},
				"up": {"uv": [6.25, 12, 6, 11.75], "texture": "#4"},
				"down": {"uv": [6.5, 11.75, 6.25, 12], "texture": "#4"}
			}
		},
		{
			"from": [8, 10, 13],
			"to": [9, 11, 23],
			"faces": {
				"north": {"uv": [11.75, 6.25, 12, 6.5], "texture": "#4"},
				"east": {"uv": [10.5, 6, 13, 6.25], "texture": "#4"},
				"south": {"uv": [6.5, 11.75, 6.75, 12], "texture": "#4"},
				"west": {"uv": [10.75, 10, 13.25, 10.25], "texture": "#4"},
				"up": {"uv": [4.5, 13, 4.25, 10.5], "texture": "#4"},
				"down": {"uv": [2.75, 10.75, 2.5, 13.25], "texture": "#4"}
			}
		},
		{
			"from": [8, 11, 22],
			"to": [9, 13, 23],
			"rotation": {"angle": 0, "axis": "y", "origin": [8.5, 10.5, 25]},
			"faces": {
				"north": {"uv": [2.25, 8, 2.5, 8.5], "texture": "#4"},
				"east": {"uv": [9.5, 11.5, 9.75, 12], "texture": "#4"},
				"south": {"uv": [9.75, 11.5, 10, 12], "texture": "#4"},
				"west": {"uv": [2, 11.75, 2.25, 12.25], "texture": "#4"},
				"up": {"uv": [12, 6.75, 11.75, 6.5], "texture": "#4"},
				"down": {"uv": [7, 11.75, 6.75, 12], "texture": "#4"}
			}
		},
		{
			"from": [7, 13, -8],
			"to": [10, 15, -1],
			"faces": {
				"north": {"uv": [3.5, 11.75, 4.25, 12.25], "texture": "#4"},
				"east": {"uv": [7.25, 10, 9, 10.5], "texture": "#4"},
				"south": {"uv": [11.75, 4, 12.5, 4.5], "texture": "#4"},
				"west": {"uv": [9, 10, 10.75, 10.5], "texture": "#4"},
				"up": {"uv": [9.75, 6.75, 9, 5], "texture": "#4"},
				"down": {"uv": [9.75, 6.75, 9, 8.5], "texture": "#4"}
			}
		},
		{
			"from": [7, 20, -9],
			"to": [10, 21, 0],
			"faces": {
				"north": {"uv": [5.25, 11.75, 6, 12], "texture": "#4"},
				"east": {"uv": [11, 7, 13.25, 7.25], "texture": "#4"},
				"south": {"uv": [11.75, 5.25, 12.5, 5.5], "texture": "#4"},
				"west": {"uv": [11, 7.25, 13.25, 7.5], "texture": "#4"},
				"up": {"uv": [9, 7.25, 8.25, 5], "texture": "#4"},
				"down": {"uv": [9, 7.25, 8.25, 9.5], "texture": "#4"}
			}
		},
		{
			"from": [5, 16, -9],
			"to": [6, 19, 0],
			"rotation": {"angle": 0, "axis": "y", "origin": [3.5, 20.5, -4.5]},
			"faces": {
				"north": {"uv": [8, 5, 8.25, 5.75], "texture": "#4"},
				"east": {"uv": [7.25, 1.5, 9.5, 2.25], "texture": "#4"},
				"south": {"uv": [8, 8.75, 8.25, 9.5], "texture": "#4"},
				"west": {"uv": [8.5, 0, 10.75, 0.75], "texture": "#4"},
				"up": {"uv": [1, 13.25, 0.75, 11], "texture": "#4"},
				"down": {"uv": [1.25, 11, 1, 13.25], "texture": "#4"}
			}
		},
		{
			"from": [11, 16, -9],
			"to": [12, 19, 0],
			"rotation": {"angle": 0, "axis": "y", "origin": [3.5, 20.5, -4.5]},
			"faces": {
				"north": {"uv": [6, 9, 6.25, 9.75], "texture": "#4"},
				"east": {"uv": [8.5, 0.75, 10.75, 1.5], "texture": "#4"},
				"south": {"uv": [6.25, 9, 6.5, 9.75], "texture": "#4"},
				"west": {"uv": [2.25, 8.5, 4.5, 9.25], "texture": "#4"},
				"up": {"uv": [7.75, 13.25, 7.5, 11], "texture": "#4"},
				"down": {"uv": [8, 11, 7.75, 13.25], "texture": "#4"}
			}
		},
		{
			"from": [7, -13, 6],
			"to": [10, -10, 17],
			"rotation": {"angle": -22.5, "axis": "x", "origin": [8, 4, 9]},
			"faces": {
				"north": {"uv": [0, 0, 1.5, 1.5], "texture": "#1"},
				"east": {"uv": [0, 0, 5.5, 1.5], "texture": "#1"},
				"south": {"uv": [0, 0, 1.5, 1.5], "texture": "#1"},
				"west": {"uv": [0, 0, 5.5, 1.5], "texture": "#1"},
				"up": {"uv": [0, 0, 1.5, 5.5], "texture": "#1"},
				"down": {"uv": [0, 0, 1.5, 5.5], "texture": "#2"}
			}
		}
	],
	"display": {
		"thirdperson_righthand": {
			"translation": [0, -0.25, 1],
			"scale": [0.2168, 0.2168, 0.2168]
		},
		"thirdperson_lefthand": {
			"translation": [0, -0.25, 1],
			"scale": [0.2168, 0.2168, 0.2168]
		},
		"firstperson_righthand": {
			"rotation": [62, 0, 0],
			"translation": [5, -4.5, -8.75],
			"scale": [0.5918, 0.5918, 0.5918]
		},
		"firstperson_lefthand": {
			"translation": [-5, -4.5, -8.75],
			"scale": [0.5918, 0.5918, 0.5918]
		},
		"ground": {
			"translation": [0, 24.25, 0],
			"scale": [2.48828, 2.48828, 2.48828]
		},
		"head": {
			"translation": [0, 16.5, 0],
			"scale": [0.47852, 0.47852, 0.47852]
		}
	},
	"groups": [
		{
			"name": "Culata",
			"origin": [8.5, 10.5, 17],
			"color": 0,
			"children": [0, 1, 2, 3, 4, 5, 6, 7]
		},
		8,
		{
			"name": "arito de la desa del dese",
			"origin": [8, 4, 9],
			"color": 0,
			"children": [9, 10, 11, 12, 13, 14]
		},
		{
			"name": "Cuerpo",
			"origin": [3.5, 20.5, -4.5],
			"color": 0,
			"children": [15, 16, 17, 18, 19, 20, 21, 22, 23, 24, 25, 26, 27, 28, 29, 30, 31, 32, 33, 34, 35, 36, 37, 38, 39]
		},
		40
	]
}