{
	"credit": "Made with Blockbench",
	"textures": {
		"0": "block/color/greenmetal_one",
		"2": "block/color/graymetal_lighter",
		"3": "block/color/graymetal_dark",
		"4": "block/color/bluelines",
		"particle": "block/color/greenmetal_one"
	},
	"elements": [
		{
			"from": [6.1, -1.86542, 16.78556],
			"to": [6.3, 4.60958, 18.28556],
			"rotation": {"angle": -22.5, "axis": "x", "origin": [4.05, 1.35958, 12.88556]},
			"faces": {
				"north": {"uv": [0, 0, 1.875, 1.375], "texture": "#2"},
				"east": {"uv": [0, 0, 3, 1.375], "texture": "#2"},
				"south": {"uv": [0, 0, 1.875, 1.375], "texture": "#2"},
				"west": {"uv": [0, 0, 3, 1.375], "texture": "#2"},
				"up": {"uv": [0, 0, 3, 0], "rotation": 270, "texture": "#2"},
				"down": {"uv": [0, 0, 3, 0], "rotation": 90, "texture": "#2"}
			}
		},
		{
			"from": [6.1, -1.86542, 12.76056],
			"to": [6.3, 6.00958, 14.26056],
			"rotation": {"angle": -22.5, "axis": "x", "origin": [4.05, 1.35958, 12.88556]},
			"faces": {
				"north": {"uv": [0, 0, 1.875, 1.375], "texture": "#2"},
				"east": {"uv": [0, 0, 3, 1.375], "texture": "#2"},
				"south": {"uv": [0, 0, 1.875, 1.375], "texture": "#2"},
				"west": {"uv": [0, 0, 3, 1.375], "texture": "#2"},
				"up": {"uv": [0, 0, 3, 0], "rotation": 270, "texture": "#2"},
				"down": {"uv": [0, 0, 3, 0], "rotation": 90, "texture": "#2"}
			}
		},
		{
			"from": [6.1, -0.86476, 14.04156],
			"to": [6.3, 0.63524, 16.56656],
			"rotation": {"angle": -22.5, "axis": "x", "origin": [6.2, 2.38524, 15.32906]},
			"faces": {
				"north": {"uv": [0, 0, 3, 0], "rotation": 270, "texture": "#2"},
				"east": {"uv": [0, 0, 3, 1.375], "rotation": 270, "texture": "#2"},
				"south": {"uv": [0, 0, 3, 0], "rotation": 270, "texture": "#2"},
				"west": {"uv": [0, 0, 3, 1.375], "rotation": 90, "texture": "#2"},
				"up": {"uv": [0, 0, 1.875, 1.375], "rotation": 180, "texture": "#2"},
				"down": {"uv": [0, 0, 1.875, 1.375], "texture": "#2"}
			}
		},
		{
			"from": [6.3, -1.01404, 11.66641],
			"to": [9.8, 6.88596, 11.86641],
			"rotation": {"angle": -22.5, "axis": "x", "origin": [8, 4.61096, 14.52891]},
			"faces": {
				"north": {"uv": [0, 0, 3, 1.375], "texture": "#2"},
				"east": {"uv": [0, 0, 1.875, 1.375], "texture": "#2"},
				"south": {"uv": [0, 0, 3, 1.375], "texture": "#2"},
				"west": {"uv": [0, 0, 1.875, 1.375], "texture": "#2"},
				"up": {"uv": [0, 0, 3, 0], "texture": "#2"},
				"down": {"uv": [0, 0, 3, 0], "texture": "#2"}
			}
		},
		{
			"from": [6.1, 0.21374, 14.23481],
			"to": [6.3, 0.91374, 16.45981],
			"rotation": {"angle": 45, "axis": "x", "origin": [6.2, 1.91374, 15.49731]},
			"faces": {
				"north": {"uv": [0, 0, 3, 0], "rotation": 270, "texture": "#2"},
				"east": {"uv": [0, 0, 3, 1.375], "rotation": 270, "texture": "#2"},
				"south": {"uv": [0, 0, 3, 0], "rotation": 270, "texture": "#2"},
				"west": {"uv": [0, 0, 3, 1.375], "rotation": 90, "texture": "#2"},
				"up": {"uv": [0, 0, 1.875, 1.375], "rotation": 180, "texture": "#2"},
				"down": {"uv": [0, 0, 1.875, 1.375], "texture": "#2"}
			}
		},
		{
			"from": [6.1, 0.96454, 16.55653],
			"to": [6.3, 2.76454, 17.15653],
			"rotation": {"angle": 0, "axis": "x", "origin": [6.2, 0.25204, 16.30653]},
			"faces": {
				"north": {"uv": [0, 1.375, 1.875, 0], "texture": "#2"},
				"east": {"uv": [0, 1.375, 3, 0], "texture": "#2"},
				"south": {"uv": [0, 1.375, 1.875, 0], "texture": "#2"},
				"west": {"uv": [0, 1.375, 3, 0], "texture": "#2"},
				"up": {"uv": [0, 0, 3, 0], "rotation": 270, "texture": "#2"},
				"down": {"uv": [0, 0, 3, 0], "rotation": 90, "texture": "#2"}
			}
		},
		{
			"from": [6.3, -5.64042, 17.48944],
			"to": [9.8, 0.85958, 17.68944],
			"rotation": {"angle": -22.5, "axis": "x", "origin": [8.05, 1.35958, 3.11444]},
			"faces": {
				"north": {"uv": [3, 0, 0, 1.375], "texture": "#2"},
				"east": {"uv": [1.875, 0, 0, 1.375], "texture": "#2"},
				"south": {"uv": [3, 0, 0, 1.375], "texture": "#2"},
				"west": {"uv": [1.875, 0, 0, 1.375], "texture": "#2"},
				"up": {"uv": [0, 0, 3, 0], "texture": "#2"},
				"down": {"uv": [0, 0, 3, 0], "texture": "#2"}
			}
		},
		{
			"from": [9.7, -1.86542, 16.78556],
			"to": [9.9, 4.60958, 18.28556],
			"rotation": {"angle": -22.5, "axis": "x", "origin": [11.95, 1.35958, 12.88556]},
			"faces": {
				"north": {"uv": [1.875, 0, 0, 1.375], "texture": "#2"},
				"east": {"uv": [3, 0, 0, 1.375], "texture": "#2"},
				"south": {"uv": [1.875, 0, 0, 1.375], "texture": "#2"},
				"west": {"uv": [3, 0, 0, 1.375], "texture": "#2"},
				"up": {"uv": [0, 0, 3, 0], "rotation": 270, "texture": "#2"},
				"down": {"uv": [0, 0, 3, 0], "rotation": 90, "texture": "#2"}
			}
		},
		{
			"from": [9.7, -1.86542, 12.76056],
			"to": [9.9, 6.00958, 14.26056],
			"rotation": {"angle": -22.5, "axis": "x", "origin": [11.95, 1.35958, 12.88556]},
			"faces": {
				"north": {"uv": [1.875, 0, 0, 1.375], "texture": "#2"},
				"east": {"uv": [3, 0, 0, 1.375], "texture": "#2"},
				"south": {"uv": [1.875, 0, 0, 1.375], "texture": "#2"},
				"west": {"uv": [3, 0, 0, 1.375], "texture": "#2"},
				"up": {"uv": [0, 0, 3, 0], "rotation": 270, "texture": "#2"},
				"down": {"uv": [0, 0, 3, 0], "rotation": 90, "texture": "#2"}
			}
		},
		{
			"from": [9.7, -0.86476, 14.04156],
			"to": [9.9, 0.63524, 16.56656],
			"rotation": {"angle": -22.5, "axis": "x", "origin": [9.8, 2.38524, 15.32906]},
			"faces": {
				"north": {"uv": [0, 0, 3, 0], "rotation": 270, "texture": "#2"},
				"east": {"uv": [0, 1.375, 3, 0], "rotation": 90, "texture": "#2"},
				"south": {"uv": [0, 0, 3, 0], "rotation": 270, "texture": "#2"},
				"west": {"uv": [0, 1.375, 3, 0], "rotation": 270, "texture": "#2"},
				"up": {"uv": [1.875, 0, 0, 1.375], "rotation": 180, "texture": "#2"},
				"down": {"uv": [1.875, 0, 0, 1.375], "texture": "#2"}
			}
		},
		{
			"from": [9.7, 0.21374, 14.23481],
			"to": [9.9, 0.91374, 16.45981],
			"rotation": {"angle": 45, "axis": "x", "origin": [9.8, 1.91374, 15.49731]},
			"faces": {
				"north": {"uv": [0, 0, 3, 0], "rotation": 270, "texture": "#2"},
				"east": {"uv": [0, 1.375, 3, 0], "rotation": 90, "texture": "#2"},
				"south": {"uv": [0, 0, 3, 0], "rotation": 270, "texture": "#2"},
				"west": {"uv": [0, 1.375, 3, 0], "rotation": 270, "texture": "#2"},
				"up": {"uv": [1.875, 0, 0, 1.375], "rotation": 180, "texture": "#2"},
				"down": {"uv": [1.875, 0, 0, 1.375], "texture": "#2"}
			}
		},
		{
			"from": [9.7, 0.96454, 16.55653],
			"to": [9.9, 2.76454, 17.15653],
			"rotation": {"angle": 0, "axis": "y", "origin": [9.8, 0.25204, 16.30653]},
			"faces": {
				"north": {"uv": [1.875, 1.375, 0, 0], "texture": "#2"},
				"east": {"uv": [3, 1.375, 0, 0], "texture": "#2"},
				"south": {"uv": [1.875, 1.375, 0, 0], "texture": "#2"},
				"west": {"uv": [3, 1.375, 0, 0], "texture": "#2"},
				"up": {"uv": [0, 0, 3, 0], "rotation": 270, "texture": "#2"},
				"down": {"uv": [0, 0, 3, 0], "rotation": 90, "texture": "#2"}
			}
		},
		{
			"from": [6.7, 7.04769, -2.89583],
			"to": [9.3, 10.79769, 4.10417],
			"rotation": {"angle": 0, "axis": "y", "origin": [8, 11.97269, 12.22917]},
			"faces": {
				"north": {"uv": [0, 0, 2, 3.75], "rotation": 180, "texture": "#2"},
				"east": {"uv": [0, 0, 3.75, 7], "rotation": 90, "texture": "#2"},
				"south": {"uv": [0, 0, 2, 3.75], "texture": "#2"},
				"west": {"uv": [0, 0, 0.75, 1], "rotation": 270, "texture": "#2"},
				"up": {"uv": [0, 0, 2, 7], "texture": "#2"},
				"down": {"uv": [0, 0, 2, 7], "rotation": 180, "texture": "#2"}
			}
		},
		{
			"from": [7.96733, 6.30269, -2.89583],
			"to": [8.14233, 7.32769, 4.92917],
			"rotation": {"angle": -22.5, "axis": "z", "origin": [8.01733, 4.27769, 1.01667]},
			"faces": {
				"north": {"uv": [0, 0, 0.4, 1.225], "rotation": 180, "texture": "#2"},
				"east": {"uv": [0, 0, 1.225, 7.825], "rotation": 90, "texture": "#2"},
				"south": {"uv": [0, 0, 0.4, 1.225], "texture": "#2"},
				"west": {"uv": [0, 0, 0, 1.825], "rotation": 270, "texture": "#2"},
				"up": {"uv": [0, 0, 0.4, 7.825], "texture": "#2"},
				"down": {"uv": [0, 0, 0.4, 7.825], "rotation": 180, "texture": "#2"}
			}
		},
		{
			"from": [7.85767, 6.30269, -2.89583],
			"to": [8.05767, 7.32769, 4.92917],
			"rotation": {"angle": 22.5, "axis": "z", "origin": [7.98267, 4.27769, 1.01667]},
			"faces": {
				"north": {"uv": [0.4, 0, 0.8, 1.225], "rotation": 180, "texture": "#2"},
				"east": {"uv": [0, 7.825, 1.225, 15.65], "rotation": 270, "texture": "#2"},
				"south": {"uv": [0.4, 0, 0.8, 1.225], "texture": "#2"},
				"west": {"uv": [0, 0, 1, 2.825], "rotation": 90, "texture": "#2"},
				"up": {"uv": [0.4, 0, 0.8, 7.825], "texture": "#2"},
				"down": {"uv": [0.4, 0, 0.8, 7.825], "rotation": 180, "texture": "#2"}
			}
		},
		{
			"from": [7.10775, 6.10071, -2.89583],
			"to": [8.90775, 6.40071, 4.92917],
			"rotation": {"angle": 0, "axis": "z", "origin": [7.52025, 8.07571, 0.01667]},
			"faces": {
				"north": {"uv": [0.4, 0, 0.8, 1.05], "rotation": 270, "texture": "#2"},
				"east": {"uv": [0.4, 0, 0.8, 7.825], "rotation": 90, "texture": "#2"},
				"south": {"uv": [0.4, 0, 0.8, 1.05], "rotation": 270, "texture": "#2"},
				"west": {"uv": [0.4, 0, 0, 1.825], "rotation": 270, "texture": "#2"},
				"up": {"uv": [0, 7.825, 1.05, 15.65], "rotation": 180, "texture": "#2"},
				"down": {"uv": [0, 7.825, 1.05, 15.65], "texture": "#2"}
			}
		},
		{
			"from": [7.125, 6.32269, -2.89583],
			"to": [8.9, 7.04769, 4.92917],
			"rotation": {"angle": 0, "axis": "y", "origin": [8, 10.57269, 12.22917]},
			"faces": {
				"north": {"uv": [0, 0, 1.175, 0.975], "rotation": 180, "texture": "#2"},
				"east": {"uv": [0, 0, 0.975, 7.825], "rotation": 90, "texture": "#2"},
				"south": {"uv": [0, 0, 1.175, 0.975], "texture": "#2"},
				"west": {"uv": [0, 0, 0, 1.825], "rotation": 270, "texture": "#2"},
				"up": {"uv": [0, 0, 1.175, 7.825], "texture": "#2"},
				"down": {"uv": [0, 0, 1.175, 7.825], "rotation": 180, "texture": "#2"}
			}
		},
		{
			"from": [6.54652, 8.13232, -2.25188],
			"to": [6.70137, 9.33249, -1.013],
			"rotation": {"angle": 0, "axis": "y", "origin": [8, 9.27045, 11.27464]},
			"faces": {
				"north": {"uv": [0, 0, 2, 3.75], "rotation": 180, "texture": "#2"},
				"east": {"uv": [0, 0, 3.75, 7], "rotation": 90, "texture": "#2"},
				"south": {"uv": [0, 0, 2, 3.75], "texture": "#2"},
				"west": {"uv": [5, 0, 5.75, 1], "rotation": 270, "texture": "#2"},
				"up": {"uv": [0, 0, 2, 7], "texture": "#2"},
				"down": {"uv": [0, 0, 2, 7], "rotation": 180, "texture": "#2"}
			}
		},
		{
			"from": [6.56572, 9.47207, 2.47133],
			"to": [6.691, 10.44299, 3.47357],
			"rotation": {"angle": 0, "axis": "y", "origin": [8, 7.49969, 10.64915]},
			"faces": {
				"north": {"uv": [0, 0, 2, 3.75], "rotation": 180, "texture": "#2"},
				"east": {"uv": [0, 0, 3.75, 7], "rotation": 90, "texture": "#2"},
				"south": {"uv": [0, 0, 2, 3.75], "texture": "#2"},
				"west": {"uv": [11, 0, 11.75, 1], "rotation": 270, "texture": "#2"},
				"up": {"uv": [0, 0, 2, 7], "texture": "#2"},
				"down": {"uv": [0, 0, 2, 7], "rotation": 180, "texture": "#2"}
			}
		},
		{
			"from": [7.075, 7.07574, 3.8653],
			"to": [8.925, 7.92574, 5.1653],
			"rotation": {"angle": 45, "axis": "x", "origin": [8, 7.62574, 4.3153]},
			"faces": {
				"north": {"uv": [0, 0.8, 1.25, 1.35], "rotation": 180, "texture": "#2"},
				"east": {"uv": [0.4, 1.55, 0.95, 2.85], "rotation": 90, "texture": "#2"},
				"south": {"uv": [0, 0.8, 1.25, 1.35], "texture": "#2"},
				"west": {"uv": [0.4, 1.55, 0, 0], "rotation": 270, "texture": "#2"},
				"up": {"uv": [0, 2.85, 1.25, 4.15], "rotation": 180, "texture": "#2"},
				"down": {"uv": [0, 2.85, 1.25, 4.15], "texture": "#2"}
			}
		},
		{
			"from": [6.725, 8.89926, 4.3653],
			"to": [9.225, 9.84926, 5.6653],
			"rotation": {"angle": -45, "axis": "x", "origin": [8, 8.37426, 4.3153]},
			"faces": {
				"north": {"uv": [0, 0.4, 1.9, 1.05], "rotation": 180, "texture": "#2"},
				"east": {"uv": [0, 1.55, 0.65, 2.85], "rotation": 90, "texture": "#2"},
				"south": {"uv": [0, 0.4, 1.9, 1.05], "texture": "#2"},
				"west": {"uv": [0, 1.55, 0, 0], "rotation": 270, "texture": "#2"},
				"up": {"uv": [0, 1.55, 1.9, 2.85], "texture": "#2"},
				"down": {"uv": [0, 1.55, 1.9, 2.85], "rotation": 180, "texture": "#2"}
			}
		},
		{
			"from": [3.65025, 9.18886, -2.89583],
			"to": [4.25025, 9.68886, 4.75417],
			"rotation": {"angle": 45, "axis": "z", "origin": [4.35025, 16.28886, 8.42917]},
			"faces": {
				"north": {"uv": [1.8, 0, 2.6, 0.2], "rotation": 180, "texture": "#0"},
				"east": {"uv": [0, 0, 0.2, 7.65], "rotation": 90, "texture": "#0"},
				"south": {"uv": [1.8, 0, 2.6, 0.2], "texture": "#0"},
				"west": {"uv": [0, 0, 0.2, 7.65], "rotation": 270, "texture": "#0"},
				"up": {"uv": [1.8, 0, 2.6, 7.65], "texture": "#0"},
				"down": {"uv": [1.8, 0, 2.6, 7.65], "rotation": 180, "texture": "#0"}
			}
		},
		{
			"from": [11.74975, 9.18886, -2.89583],
			"to": [12.34975, 9.68886, 4.75417],
			"rotation": {"angle": -45, "axis": "z", "origin": [11.64975, 16.28886, 8.42917]},
			"faces": {
				"north": {"uv": [2.6, 0, 1.8, 0.2], "rotation": 180, "texture": "#0"},
				"east": {"uv": [0, 7.65, 0.2, 0], "rotation": 270, "texture": "#0"},
				"south": {"uv": [2.6, 0, 1.8, 0.2], "texture": "#0"},
				"west": {"uv": [0, 7.65, 0.2, 0], "rotation": 90, "texture": "#0"},
				"up": {"uv": [2.6, 0, 1.8, 7.65], "texture": "#0"},
				"down": {"uv": [2.6, 0, 1.8, 7.65], "rotation": 180, "texture": "#0"}
			}
		},
		{
			"from": [6.7, 11.19769, -2.89583],
			"to": [9.3, 12.27269, 17.32917],
			"rotation": {"angle": 0, "axis": "x", "origin": [8, 11.17269, 11.22917]},
			"faces": {
				"north": {"uv": [10.725, 0, 12.725, 1.625], "rotation": 180, "texture": "#0"},
				"east": {"uv": [10.725, 0, 12.35, 16], "rotation": 90, "texture": "#0"},
				"south": {"uv": [10.725, 0, 12.725, 1.625], "texture": "#0"},
				"west": {"uv": [10.725, 0, 12.35, 16], "rotation": 270, "texture": "#0"},
				"up": {"uv": [10.725, 0, 12.725, 16], "texture": "#0"},
				"down": {"uv": [10.725, 0, 12.725, 16], "rotation": 180, "texture": "#0"}
			}
		},
		{
			"from": [6.7, 9.69769, 4.10417],
			"to": [9.3, 11.22269, 17.32917],
			"rotation": {"angle": 0, "axis": "y", "origin": [8, 11.17269, 11.22917]},
			"faces": {
				"north": {"uv": [10.725, 0, 12.725, 1.625], "rotation": 180, "texture": "#0"},
				"east": {"uv": [10.725, 0, 12.35, 13.225], "rotation": 90, "texture": "#0"},
				"south": {"uv": [10.725, 0, 12.725, 1.625], "texture": "#0"},
				"west": {"uv": [10.725, 0, 12.35, 13.225], "rotation": 270, "texture": "#0"},
				"up": {"uv": [10.725, 0, 12.725, 13.225], "texture": "#0"},
				"down": {"uv": [10.725, 0, 12.725, 13.225], "rotation": 180, "texture": "#0"}
			}
		},
		{
			"from": [6.7, 8.79769, 9.95417],
			"to": [6.7, 9.72269, 12.62917],
			"rotation": {"angle": 0, "axis": "y", "origin": [8, 11.17269, 11.22917]},
			"faces": {
				"north": {"uv": [10.725, 0, 12.725, 2.525], "rotation": 180, "texture": "#0"},
				"east": {"uv": [10.725, 0, 13.25, 2.675], "rotation": 90, "texture": "#0"},
				"south": {"uv": [10.725, 0, 12.725, 2.525], "texture": "#0"},
				"west": {"uv": [10.725, 0, 13.25, 2.675], "rotation": 270, "texture": "#0"},
				"up": {"uv": [10.725, 0, 12.725, 2.675], "texture": "#0"},
				"down": {"uv": [10.725, 0, 12.725, 2.675], "rotation": 180, "texture": "#0"}
			}
		},
		{
			"from": [6.775, 7.23817, 9.44477],
			"to": [9.275, 8.83817, 10.09477],
			"rotation": {"angle": -45, "axis": "x", "origin": [8.025, 8.76317, 7.74477]},
			"faces": {
				"north": {"uv": [12.625, 1.55, 14.525, 2.85], "rotation": 180, "texture": "#0"},
				"east": {"uv": [10.725, 2.85, 11.375, 4.15], "texture": "#0"},
				"south": {"uv": [12.625, 1.55, 14.525, 2.85], "rotation": 180, "texture": "#0"},
				"west": {"uv": [10.725, 2.85, 11.375, 4.15], "texture": "#0"},
				"up": {"uv": [12.625, 0.4, 14.525, 1.05], "texture": "#0"},
				"down": {"uv": [12.625, 0.4, 14.525, 1.05], "texture": "#0"}
			}
		},
		{
			"from": [7.2, 4.88037, 15.05695],
			"to": [8.8, 8.80537, 16.98195],
			"rotation": {"angle": 22.5, "axis": "x", "origin": [8, 8.35537, 22.71945]},
			"faces": {
				"north": {"uv": [10.725, 0, 11.725, 3.625], "texture": "#0"},
				"east": {"uv": [10.725, 0, 12.65, 3.625], "texture": "#0"},
				"south": {"uv": [10.725, 0, 11.725, 3.625], "texture": "#0"},
				"west": {"uv": [10.725, 0, 12.65, 3.625], "texture": "#0"},
				"up": {"uv": [10.725, 0, 11.725, 1.925], "texture": "#0"},
				"down": {"uv": [10.725, 0, 11.725, 1.925], "texture": "#0"}
			}
		},
		{
			"from": [6.3, -1.01404, 11.89141],
			"to": [9.8, 10.53596, 17.16641],
			"rotation": {"angle": -22.5, "axis": "x", "origin": [8, 4.61096, 14.52891]},
			"faces": {
				"north": {"uv": [10.725, 0, 12.725, 11.25], "texture": "#0"},
				"east": {"uv": [10.725, 0, 16, 11.25], "texture": "#0"},
				"south": {"uv": [10.725, 0, 12.725, 11.25], "texture": "#0"},
				"west": {"uv": [10.725, 0, 16, 11.25], "texture": "#0"},
				"up": {"uv": [10.725, 0, 12.725, 5.275], "texture": "#0"},
				"down": {"uv": [10.725, 0, 12.725, 5.275], "texture": "#0"}
			}
		},
		{
			"from": [5.925, -1.68904, 11.61641],
			"to": [10.025, -0.98904, 17.46641],
			"rotation": {"angle": -22.5, "axis": "x", "origin": [8, 4.61096, 14.52891]},
			"faces": {
				"north": {"uv": [0, 0, 0, 5.25], "texture": "#2"},
				"east": {"uv": [0, 0, 3.275, 5.25], "texture": "#2"},
				"south": {"uv": [0, 0, 0, 5.25], "texture": "#2"},
				"west": {"uv": [0, 0, 3.275, 5.25], "texture": "#2"},
				"up": {"uv": [0, 0, 0, 0], "texture": "#2"},
				"down": {"uv": [0, 0, 0, 0], "texture": "#2"}
			}
		},
		{
			"from": [6.56642, 11.35593, 16.33578],
			"to": [9.39142, 13.75593, 19.43578],
			"rotation": {"angle": -22.5, "axis": "x", "origin": [7.96642, 10.29343, 19.91078]},
			"faces": {
				"north": {"uv": [10.725, 0, 12.95, 2.1], "texture": "#2"},
				"east": {"uv": [0, 0, 0.1, 1.1], "texture": "#2"},
				"south": {"uv": [10.725, 0, 12.95, 2.1], "texture": "#2"},
				"west": {"uv": [0, 0, 3.1, 2.1], "texture": "#2"},
				"up": {"uv": [10.725, 0, 12.95, 3.1], "texture": "#2"},
				"down": {"uv": [0, 0, 2.225, 2.1], "texture": "#2"}
			}
		},
		{
			"from": [7.2, 6.17269, 3.40417],
			"to": [8.8, 7.09769, 11.30417],
			"rotation": {"angle": 0, "axis": "y", "origin": [8, 11.17269, 11.22917]},
			"faces": {
				"north": {"uv": [10.725, 0, 11.725, 0.925], "rotation": 180, "texture": "#0"},
				"east": {"uv": [10.725, 0, 11.65, 7.9], "rotation": 90, "texture": "#0"},
				"south": {"uv": [10.725, 0, 11.725, 0.925], "texture": "#0"},
				"west": {"uv": [10.725, 0, 11.65, 7.9], "rotation": 270, "texture": "#0"},
				"up": {"uv": [10.725, 0, 11.725, 7.9], "texture": "#0"},
				"down": {"uv": [10.725, 0, 11.725, 7.9], "rotation": 180, "texture": "#0"}
			}
		},
		{
			"from": [6.75, 7.90074, 9.8347],
			"to": [9.275, 8.75074, 11.1347],
			"rotation": {"angle": -45, "axis": "x", "origin": [8, 7.62574, 11.6847]},
			"faces": {
				"north": {"uv": [11.975, 0.8, 13.9, 1.35], "texture": "#0"},
				"east": {"uv": [11.125, 2.85, 11.675, 4.15], "rotation": 90, "texture": "#0"},
				"south": {"uv": [11.975, 0.8, 13.9, 1.35], "rotation": 180, "texture": "#0"},
				"west": {"uv": [11.125, 2.85, 11.675, 4.15], "rotation": 270, "texture": "#0"},
				"up": {"uv": [10.725, 4.15, 12.65, 5.45], "rotation": 180, "texture": "#0"},
				"down": {"uv": [10.725, 4.15, 12.65, 5.45], "texture": "#0"}
			}
		},
		{
			"from": [7.2, 6.9289, 7.7529],
			"to": [8.8, 8.7539, 8.1529],
			"rotation": {"angle": 45, "axis": "x", "origin": [8, 7.7664, 8.3279]},
			"faces": {
				"north": {"uv": [0, 0, 1, 1.525], "texture": "#3"},
				"east": {"uv": [0, 0, 0.4, 1.525], "texture": "#3"},
				"south": {"uv": [0, 0, 1, 1.525], "texture": "#3"},
				"west": {"uv": [0, 0, 0.4, 1.525], "texture": "#3"},
				"up": {"uv": [0, 0, 1, 0.4], "texture": "#3"},
				"down": {"uv": [0, 0, 1, 0.4], "texture": "#3"}
			}
		},
		{
			"from": [7.2, 8.15564, 8.59947],
			"to": [8.8, 10.43064, 8.99947],
			"rotation": {"angle": 22.5, "axis": "x", "origin": [8, 9.04314, 9.39947]},
			"faces": {
				"north": {"uv": [0, 0, 1, 1.975], "texture": "#3"},
				"east": {"uv": [0, 0, 0.4, 1.975], "texture": "#3"},
				"south": {"uv": [0, 0, 1, 1.975], "texture": "#3"},
				"west": {"uv": [0, 0, 0.4, 1.975], "texture": "#3"},
				"up": {"uv": [0, 0, 1, 0.4], "texture": "#3"},
				"down": {"uv": [0, 0, 1, 0.4], "texture": "#3"}
			}
		},
		{
			"from": [7.26721, 15.78171, 17.0405],
			"to": [7.53121, 16.12671, 17.8645],
			"rotation": {"angle": 0, "axis": "y", "origin": [7.99921, 16.52071, 19.8305]},
			"faces": {
				"north": {"uv": [1, 0, 1.25, 0.8], "rotation": 270, "texture": "#2"},
				"east": {"uv": [1, 0, 1.25, 0.3], "rotation": 90, "texture": "#2"},
				"south": {"uv": [1, 0, 1.25, 0.8], "rotation": 270, "texture": "#2"},
				"west": {"uv": [1, 0, 1.25, 0.3], "rotation": 270, "texture": "#2"},
				"up": {"uv": [0, 0, 0.8, 0.3], "rotation": 180, "texture": "#2"},
				"down": {"uv": [0, 0, 0.8, 0.3], "texture": "#2"}
			}
		},
		{
			"from": [7.26721, 15.13171, 17.0405],
			"to": [8.73121, 15.80171, 17.8645],
			"rotation": {"angle": 0, "axis": "z", "origin": [7.99921, 16.52071, 19.8305]},
			"faces": {
				"north": {"uv": [1, 0, 1.25, 0.8], "rotation": 270, "texture": "#2"},
				"east": {"uv": [1, 0, 1.25, 0.3], "rotation": 90, "texture": "#2"},
				"south": {"uv": [1, 0, 1.25, 0.8], "rotation": 270, "texture": "#2"},
				"west": {"uv": [1, 0, 1.25, 0.3], "rotation": 270, "texture": "#2"},
				"up": {"uv": [0, 0, 0.8, 0.3], "rotation": 180, "texture": "#2"},
				"down": {"uv": [0, 0, 0.8, 0.3], "texture": "#2"}
			}
		},
		{
			"from": [8.46721, 15.78171, 17.0405],
			"to": [8.73121, 16.12671, 17.8645],
			"rotation": {"angle": 0, "axis": "y", "origin": [7.99921, 16.52071, 19.8305]},
			"faces": {
				"north": {"uv": [1, 0, 1.25, 0.8], "rotation": 270, "texture": "#2"},
				"east": {"uv": [1, 0, 1.25, 0.3], "rotation": 90, "texture": "#2"},
				"south": {"uv": [1, 0, 1.25, 0.8], "rotation": 270, "texture": "#2"},
				"west": {"uv": [1, 0, 1.25, 0.3], "rotation": 270, "texture": "#2"},
				"up": {"uv": [0, 0, 0.8, 0.3], "rotation": 180, "texture": "#2"},
				"down": {"uv": [0, 0, 0.8, 0.3], "texture": "#2"}
			}
		},
		{
			"from": [7.84926, 14.89695, -2.59583],
			"to": [8.14926, 16.12195, -1.59583],
			"rotation": {"angle": 0, "axis": "y", "origin": [7.72426, 15.12195, 8.42917]},
			"faces": {
				"north": {"uv": [1, 0, 1.3, 0.925], "rotation": 180, "texture": "#2"},
				"east": {"uv": [0, 0, 0.925, 1], "rotation": 270, "texture": "#2"},
				"south": {"uv": [1, 0, 1.3, 0.925], "texture": "#2"},
				"west": {"uv": [0, 0, 0.925, 1], "rotation": 90, "texture": "#2"},
				"up": {"uv": [1, 0, 1.3, 1], "texture": "#2"},
				"down": {"uv": [1, 0, 1.3, 1], "rotation": 180, "texture": "#2"}
			}
		},
		{
			"from": [7.3, 10.84769, -3.24583],
			"to": [8.7, 12.14769, -2.74583],
			"rotation": {"angle": 0, "axis": "y", "origin": [8, 11.17269, 11.22917]},
			"faces": {
				"north": {"uv": [15, 0, 16, 1.1], "rotation": 180, "texture": "#2"},
				"east": {"uv": [0, 0, 1.1, 0.325], "rotation": 90, "texture": "#2"},
				"south": {"uv": [0, 0, 1, 1.1], "texture": "#2"},
				"west": {"uv": [0, 0, 1.1, 0.325], "rotation": 270, "texture": "#2"},
				"up": {"uv": [0, 0, 1, 0.325], "texture": "#2"},
				"down": {"uv": [0, 0, 1, 0.325], "rotation": 180, "texture": "#2"}
			}
		},
		{
			"from": [7.125, 10.77269, -2.89583],
			"to": [8.9, 11.07269, -2.07083],
			"rotation": {"angle": 0, "axis": "y", "origin": [8, 11.77269, 12.22917]},
			"faces": {
				"north": {"uv": [14.825, 0, 16, 0.5], "rotation": 180, "texture": "#0"},
				"east": {"uv": [0, 0, 0.5, 0.825], "rotation": 90, "texture": "#0"},
				"south": {"uv": [0, 0, 1.175, 0.5], "texture": "#0"},
				"west": {"uv": [0, 0, 0.5, 0.825], "rotation": 270, "texture": "#0"},
				"up": {"uv": [0, 0, 1.175, 0.825], "texture": "#0"},
				"down": {"uv": [0, 0, 1.175, 0.825], "rotation": 180, "texture": "#0"}
			}
		},
		{
			"from": [6.975, 12.42269, -3.27083],
			"to": [9.025, 14.19769, -2.77083],
			"rotation": {"angle": 0, "axis": "y", "origin": [8, 11.17269, 11.22917]},
			"faces": {
				"north": {"uv": [9, 0, 10.45, 1.475], "rotation": 180, "texture": "#2"},
				"east": {"uv": [0, 0, 2.475, 1], "rotation": 90, "texture": "#2"},
				"south": {"uv": [0, 0, 1.45, 1.475], "texture": "#2"},
				"west": {"uv": [0, 0, 2.475, 1], "rotation": 270, "texture": "#2"},
				"up": {"uv": [0, 0, 2.45, 1], "texture": "#2"},
				"down": {"uv": [0, 0, 2.45, 1], "rotation": 180, "texture": "#2"}
			}
		},
		{
			"from": [7.12426, 14.44695, -2.89583],
			"to": [8.87426, 15.52195, 19.75417],
			"rotation": {"angle": 0, "axis": "z", "origin": [7.72426, 15.12195, 8.42917]},
			"faces": {
				"north": {"uv": [1, 0, 2.15, 0.575], "rotation": 180, "texture": "#2"},
				"east": {"uv": [0, 0, 1.575, 2], "rotation": 270, "texture": "#2"},
				"south": {"uv": [1, 0, 2.15, 0.575], "texture": "#2"},
				"west": {"uv": [0, 0, 1.575, 2], "rotation": 90, "texture": "#2"},
				"up": {"uv": [1, 0, 3.15, 2], "texture": "#2"},
				"down": {"uv": [1, 0, 3.15, 2], "rotation": 180, "texture": "#2"}
			}
		},
		{
			"from": [8.80624, 16.38139, -2.89583],
			"to": [10.20624, 16.88139, 19.75417],
			"rotation": {"angle": 45, "axis": "z", "origin": [10.30624, 12.48139, 8.42917]},
			"faces": {
				"north": {"uv": [0, 0, 0.8, 0.2], "rotation": 180, "texture": "#2"},
				"east": {"uv": [0, 0, 1.2, 2], "rotation": 90, "texture": "#2"},
				"south": {"uv": [0, 0, 0.8, 0.2], "texture": "#2"},
				"west": {"uv": [0, 0, 1.2, 2], "rotation": 270, "texture": "#2"},
				"up": {"uv": [0, 0, 2, 2], "texture": "#2"},
				"down": {"uv": [0, 0, 1.8, 2], "rotation": 180, "texture": "#2"}
			}
		},
		{
			"from": [6.49939, 16.0885, -2.89583],
			"to": [7.89939, 16.5885, 19.75417],
			"rotation": {"angle": -45, "axis": "z", "origin": [6.39939, 13.1885, 8.42917]},
			"faces": {
				"north": {"uv": [1, 0, 1.8, 0.2], "rotation": 180, "texture": "#2"},
				"east": {"uv": [0, 0, 1.2, 2], "rotation": 270, "texture": "#2"},
				"south": {"uv": [1, 0, 1.8, 0.2], "texture": "#2"},
				"west": {"uv": [0, 0, 1.2, 2], "rotation": 90, "texture": "#2"},
				"up": {"uv": [1, 0, 2.8, 2], "texture": "#2"},
				"down": {"uv": [1, 0, 2.8, 2], "rotation": 180, "texture": "#2"}
			}
		},
		{
			"from": [6.16642, 12.25627, -2.89583],
			"to": [9.84142, 14.48127, 19.75417],
			"rotation": {"angle": 0, "axis": "y", "origin": [8.01642, 11.33127, 11.22917]},
			"faces": {
				"north": {"uv": [0, 0, 2.275, 1.9], "rotation": 180, "texture": "#2"},
				"east": {"uv": [0, 0, 2.9, 2], "rotation": 90, "texture": "#2"},
				"south": {"uv": [0, 0, 2.275, 1.9], "texture": "#2"},
				"west": {"uv": [0, 0, 2.9, 2], "rotation": 270, "texture": "#2"},
				"up": {"uv": [0, 0, 3.275, 2], "texture": "#2"},
				"down": {"uv": [0, 0, 3.275, 2], "rotation": 180, "texture": "#2"}
			}
		},
		{
			"from": [6.36642, 11.55627, 0.70417],
			"to": [9.84142, 13.08127, 4.05417],
			"rotation": {"angle": 0, "axis": "y", "origin": [8.01642, 11.33127, 11.22917]},
			"faces": {
				"north": {"uv": [0, 0, 2.275, 1.9], "rotation": 180, "texture": "#2"},
				"east": {"uv": [0, 0, 2.9, 2], "rotation": 90, "texture": "#2"},
				"south": {"uv": [0, 0, 2.275, 1.9], "texture": "#2"},
				"west": {"uv": [0, 0, 2.9, 2], "rotation": 270, "texture": "#2"},
				"up": {"uv": [0, 0, 3.275, 2], "texture": "#2"},
				"down": {"uv": [0, 0, 3.275, 2], "rotation": 180, "texture": "#2"}
			}
		},
		{
			"from": [6.36642, 11.75627, 6.40417],
			"to": [9.84142, 12.08127, 9.15417],
			"rotation": {"angle": 0, "axis": "y", "origin": [8.01642, 11.33127, 11.22917]},
			"faces": {
				"north": {"uv": [0, 0, 2.275, 1.9], "rotation": 180, "texture": "#2"},
				"east": {"uv": [0, 0, 2.9, 2], "rotation": 90, "texture": "#2"},
				"south": {"uv": [0, 0, 2.275, 1.9], "texture": "#2"},
				"west": {"uv": [0, 0, 2.9, 2], "rotation": 270, "texture": "#2"},
				"up": {"uv": [0, 0, 3.275, 2], "texture": "#2"},
				"down": {"uv": [0, 0, 3.275, 2], "rotation": 180, "texture": "#2"}
			}
		},
		{
			"from": [6.36642, 11.75627, 11.20417],
			"to": [9.84142, 12.08127, 13.95417],
			"rotation": {"angle": 0, "axis": "y", "origin": [8.01642, 11.33127, 11.22917]},
			"faces": {
				"north": {"uv": [0, 0, 2.275, 1.9], "rotation": 180, "texture": "#2"},
				"east": {"uv": [0, 0, 2.9, 2], "rotation": 90, "texture": "#2"},
				"south": {"uv": [0, 0, 2.275, 1.9], "texture": "#2"},
				"west": {"uv": [0, 0, 2.9, 2], "rotation": 270, "texture": "#2"},
				"up": {"uv": [0, 0, 3.275, 2], "texture": "#2"},
				"down": {"uv": [0, 0, 3.275, 2], "rotation": 180, "texture": "#2"}
			}
		},
		{
			"from": [6.06642, 7.23127, 11.40417],
			"to": [6.34142, 7.55627, 12.55417],
			"rotation": {"angle": -45, "axis": "x", "origin": [6.20392, 6.71877, 12.57917]},
			"faces": {
				"north": {"uv": [0, 0, 2.275, 1.9], "rotation": 180, "texture": "#2"},
				"east": {"uv": [0, 0, 2.9, 2], "rotation": 90, "texture": "#2"},
				"south": {"uv": [0, 0, 2.275, 1.9], "texture": "#2"},
				"west": {"uv": [0, 0, 2.9, 2], "rotation": 270, "texture": "#2"},
				"up": {"uv": [0, 0, 3.275, 2], "texture": "#2"},
				"down": {"uv": [0, 0, 3.275, 2], "rotation": 180, "texture": "#2"}
			}
		},
		{
			"from": [6.04142, 10.96877, 15.81667],
			"to": [6.21642, 13.24377, 16.14167],
			"rotation": {"angle": -22.5, "axis": "x", "origin": [0.45392, 11.91877, 12.57917]},
			"faces": {
				"north": {"uv": [0, 0, 3.275, 2], "texture": "#2"},
				"east": {"uv": [0, 0, 2.9, 2], "texture": "#2"},
				"south": {"uv": [0, 0, 3.275, 2], "texture": "#2"},
				"west": {"uv": [0, 0, 2.9, 2], "texture": "#2"},
				"up": {"uv": [0, 0, 2.275, 1.9], "texture": "#2"},
				"down": {"uv": [0, 0, 2.275, 1.9], "texture": "#2"}
			}
		},
		{
			"from": [6.04142, 10.29377, 17.59167],
			"to": [6.21642, 12.59377, 17.91667],
			"rotation": {"angle": -22.5, "axis": "x", "origin": [0.45392, 11.91877, 12.57917]},
			"faces": {
				"north": {"uv": [0, 0, 3.275, 2], "texture": "#2"},
				"east": {"uv": [0, 0, 2.9, 2], "texture": "#2"},
				"south": {"uv": [0, 0, 3.275, 2], "texture": "#2"},
				"west": {"uv": [0, 0, 2.9, 2], "texture": "#2"},
				"up": {"uv": [0, 0, 2.275, 1.9], "texture": "#2"},
				"down": {"uv": [0, 0, 2.275, 1.9], "texture": "#2"}
			}
		},
		{
			"from": [6.04142, 10.51877, 16.99167],
			"to": [6.21642, 12.79377, 17.31667],
			"rotation": {"angle": -22.5, "axis": "x", "origin": [0.45392, 11.91877, 12.57917]},
			"faces": {
				"north": {"uv": [0, 0, 3.275, 2], "texture": "#2"},
				"east": {"uv": [0, 0, 2.9, 2], "texture": "#2"},
				"south": {"uv": [0, 0, 3.275, 2], "texture": "#2"},
				"west": {"uv": [0, 0, 2.9, 2], "texture": "#2"},
				"up": {"uv": [0, 0, 2.275, 1.9], "texture": "#2"},
				"down": {"uv": [0, 0, 2.275, 1.9], "texture": "#2"}
			}
		},
		{
			"from": [6.04142, 10.74377, 16.41667],
			"to": [6.21642, 13.04377, 16.74167],
			"rotation": {"angle": -22.5, "axis": "x", "origin": [0.45392, 11.91877, 12.57917]},
			"faces": {
				"north": {"uv": [0, 0, 3.275, 2], "texture": "#2"},
				"east": {"uv": [0, 0, 2.9, 2], "texture": "#2"},
				"south": {"uv": [0, 0, 3.275, 2], "texture": "#2"},
				"west": {"uv": [0, 0, 2.9, 2], "texture": "#2"},
				"up": {"uv": [0, 0, 2.275, 1.9], "texture": "#2"},
				"down": {"uv": [0, 0, 2.275, 1.9], "texture": "#2"}
			}
		},
		{
			"from": [6.36642, 11.23127, -1.39583],
			"to": [9.84142, 11.55627, -0.57083],
			"rotation": {"angle": 0, "axis": "y", "origin": [8.01642, 11.33127, 11.22917]},
			"faces": {
				"north": {"uv": [0, 0, 2.275, 1.9], "rotation": 180, "texture": "#2"},
				"east": {"uv": [0, 0, 2.9, 2], "rotation": 90, "texture": "#2"},
				"south": {"uv": [0, 0, 2.275, 1.9], "texture": "#2"},
				"west": {"uv": [0, 0, 2.9, 2], "rotation": 270, "texture": "#2"},
				"up": {"uv": [0, 0, 3.275, 2], "texture": "#2"},
				"down": {"uv": [0, 0, 3.275, 2], "rotation": 180, "texture": "#2"}
			}
		},
		{
			"from": [6.56642, 11.07284, 18.34309],
			"to": [9.41642, 12.72284, 19.64309],
			"rotation": {"angle": 22.5, "axis": "x", "origin": [8.00392, 12.53534, 19.40559]},
			"faces": {
				"north": {"uv": [0, 0, 2.25, 1.8], "texture": "#2"},
				"east": {"uv": [0, 0, 2.3, 1], "texture": "#2"},
				"south": {"uv": [0, 0, 2.25, 1.8], "texture": "#2"},
				"west": {"uv": [0, 0, 2.3, 1], "texture": "#2"},
				"up": {"uv": [0, 0, 3.25, 1], "texture": "#2"},
				"down": {"uv": [0, 0, 3.25, 1], "texture": "#2"}
			}
		},
		{
			"name": "hexadecagon",
			"from": [2.07103, 18.69435, 4.69195],
			"to": [2.41489, 18.71596, 4.90804],
			"rotation": {"angle": -45, "axis": "z", "origin": [2.24296, 19.55871, 4.8]},
			"faces": {
				"north": {"uv": [0, 0, 1, 1], "texture": "#4"},
				"east": {"uv": [0, 0, 1, 1], "texture": "#4"},
				"south": {"uv": [0, 0, 1, 1], "texture": "#4"},
				"west": {"uv": [0, 0, 1, 1], "texture": "#4"},
				"up": {"uv": [0, 0, 1, 1], "texture": "#4"},
				"down": {"uv": [0, 0, 1, 1], "texture": "#4"}
			}
		},
		{
			"name": "hexadecagon",
			"from": [3.08571, 19.38678, 4.69195],
			"to": [3.10732, 19.73064, 4.90804],
			"rotation": {"angle": 22.5, "axis": "z", "origin": [2.24296, 19.55871, 4.8]},
			"faces": {
				"north": {"uv": [1, 1, 0, 0], "texture": "#4"},
				"east": {"uv": [1, 1, 0, 0], "texture": "#4"},
				"south": {"uv": [1, 1, 0, 0], "texture": "#4"},
				"west": {"uv": [1, 1, 0, 0], "texture": "#4"},
				"up": {"uv": [1, 1, 0, 0], "texture": "#4"},
				"down": {"uv": [1, 1, 0, 0], "texture": "#4"}
			}
		},
		{
			"name": "hexadecagon",
			"from": [3.08571, 19.38678, 4.69195],
			"to": [3.10732, 19.73064, 4.90804],
			"rotation": {"angle": -22.5, "axis": "z", "origin": [2.24296, 19.55871, 4.8]},
			"faces": {
				"north": {"uv": [1, 1, 0, 0], "texture": "#4"},
				"east": {"uv": [1, 1, 0, 0], "texture": "#4"},
				"south": {"uv": [1, 1, 0, 0], "texture": "#4"},
				"west": {"uv": [1, 1, 0, 0], "texture": "#4"},
				"up": {"uv": [1, 1, 0, 0], "texture": "#4"},
				"down": {"uv": [1, 1, 0, 0], "texture": "#4"}
			}
		},
		{
			"name": "hexadecagon",
			"from": [2.07103, 18.69435, 4.69195],
			"to": [2.41489, 18.71596, 4.90804],
			"rotation": {"angle": 45, "axis": "z", "origin": [2.24296, 19.55871, 4.8]},
			"faces": {
				"north": {"uv": [1, 1, 0, 0], "texture": "#4"},
				"east": {"uv": [1, 1, 0, 0], "texture": "#4"},
				"south": {"uv": [1, 1, 0, 0], "texture": "#4"},
				"west": {"uv": [1, 1, 0, 0], "texture": "#4"},
				"up": {"uv": [1, 1, 0, 0], "texture": "#4"},
				"down": {"uv": [1, 1, 0, 0], "texture": "#4"}
			}
		},
		{
			"name": "hexadecagon",
			"from": [2.07103, 18.69435, 4.69195],
			"to": [2.41489, 18.71596, 4.90804],
			"rotation": {"angle": 22.5, "axis": "z", "origin": [2.24296, 19.55871, 4.8]},
			"faces": {
				"north": {"uv": [1, 1, 0, 0], "texture": "#4"},
				"east": {"uv": [1, 1, 0, 0], "texture": "#4"},
				"south": {"uv": [1, 1, 0, 0], "texture": "#4"},
				"west": {"uv": [1, 1, 0, 0], "texture": "#4"},
				"up": {"uv": [1, 1, 0, 0], "texture": "#4"},
				"down": {"uv": [1, 1, 0, 0], "texture": "#4"}
			}
		},
		{
			"name": "hexadecagon",
			"from": [2.07103, 20.40146, 4.69195],
			"to": [2.41489, 20.42307, 4.90804],
			"rotation": {"angle": -22.5, "axis": "z", "origin": [2.24296, 19.55871, 4.8]},
			"faces": {
				"north": {"uv": [1, 1, 0, 0], "texture": "#4"},
				"east": {"uv": [1, 1, 0, 0], "texture": "#4"},
				"south": {"uv": [1, 1, 0, 0], "texture": "#4"},
				"west": {"uv": [1, 1, 0, 0], "texture": "#4"},
				"up": {"uv": [1, 1, 0, 0], "texture": "#4"},
				"down": {"uv": [1, 1, 0, 0], "texture": "#4"}
			}
		},
		{
			"name": "hexadecagon",
			"from": [2.07103, 20.40146, 4.69195],
			"to": [2.41489, 20.42307, 4.90804],
			"rotation": {"angle": -45, "axis": "z", "origin": [2.24296, 19.55871, 4.8]},
			"faces": {
				"north": {"uv": [1, 1, 0, 0], "texture": "#4"},
				"east": {"uv": [1, 1, 0, 0], "texture": "#4"},
				"south": {"uv": [1, 1, 0, 0], "texture": "#4"},
				"west": {"uv": [1, 1, 0, 0], "texture": "#4"},
				"up": {"uv": [1, 1, 0, 0], "texture": "#4"},
				"down": {"uv": [1, 1, 0, 0], "texture": "#4"}
			}
		},
		{
			"name": "hexadecagon",
			"from": [2.23571, 19.88678, 4.69195],
			"to": [2.25732, 20.23064, 4.90804],
			"rotation": {"angle": 0, "axis": "y", "origin": [2.24296, 19.55871, 4.8]},
			"faces": {
				"north": {"uv": [1, 1, 0, 0], "rotation": 270, "texture": "#4"},
				"east": {"uv": [1, 1, 0, 0], "rotation": 90, "texture": "#4"},
				"south": {"uv": [1, 1, 0, 0], "rotation": 90, "texture": "#4"},
				"west": {"uv": [1, 1, 0, 0], "rotation": 90, "texture": "#4"},
				"up": {"uv": [1, 1, 0, 0], "rotation": 90, "texture": "#4"},
				"down": {"uv": [1, 1, 0, 0], "rotation": 90, "texture": "#4"}
			}
		},
		{
			"name": "hexadecagon",
			"from": [2.23571, 18.76178, 4.69195],
			"to": [2.25732, 19.10564, 4.90804],
			"rotation": {"angle": 0, "axis": "y", "origin": [2.24296, 19.55871, 4.8]},
			"faces": {
				"north": {"uv": [1, 1, 0, 0], "rotation": 270, "texture": "#4"},
				"east": {"uv": [1, 1, 0, 0], "rotation": 90, "texture": "#4"},
				"south": {"uv": [1, 1, 0, 0], "rotation": 90, "texture": "#4"},
				"west": {"uv": [1, 1, 0, 0], "rotation": 90, "texture": "#4"},
				"up": {"uv": [1, 1, 0, 0], "rotation": 90, "texture": "#4"},
				"down": {"uv": [1, 1, 0, 0], "rotation": 90, "texture": "#4"}
			}
		},
		{
			"name": "hexadecagon",
			"from": [2.57103, 19.54435, 4.69195],
			"to": [2.91489, 19.56596, 4.90804],
			"rotation": {"angle": 0, "axis": "y", "origin": [2.24296, 19.55871, 4.8]},
			"faces": {
				"north": {"uv": [1, 1, 0, 0], "rotation": 180, "texture": "#4"},
				"east": {"uv": [1, 1, 0, 0], "rotation": 180, "texture": "#4"},
				"south": {"uv": [1, 1, 0, 0], "rotation": 180, "texture": "#4"},
				"west": {"uv": [1, 1, 0, 0], "rotation": 180, "texture": "#4"},
				"up": {"uv": [1, 1, 0, 0], "rotation": 180, "texture": "#4"},
				"down": {"uv": [1, 1, 0, 0], "rotation": 180, "texture": "#4"}
			}
		},
		{
			"name": "hexadecagon",
			"from": [1.52103, 19.54435, 4.69195],
			"to": [1.86489, 19.56596, 4.90804],
			"rotation": {"angle": 0, "axis": "y", "origin": [2.24296, 19.55871, 4.8]},
			"faces": {
				"north": {"uv": [1, 1, 0, 0], "rotation": 180, "texture": "#4"},
				"east": {"uv": [1, 1, 0, 0], "rotation": 180, "texture": "#4"},
				"south": {"uv": [1, 1, 0, 0], "rotation": 180, "texture": "#4"},
				"west": {"uv": [1, 1, 0, 0], "rotation": 180, "texture": "#4"},
				"up": {"uv": [1, 1, 0, 0], "rotation": 180, "texture": "#4"},
				"down": {"uv": [1, 1, 0, 0], "rotation": 180, "texture": "#4"}
			}
		},
		{
			"name": "hexadecagon",
			"from": [2.07103, 18.69435, 4.69195],
			"to": [2.41489, 18.71596, 4.90804],
			"rotation": {"angle": -22.5, "axis": "z", "origin": [2.24296, 19.55871, 4.8]},
			"faces": {
				"north": {"uv": [0, 0, 1, 1], "texture": "#4"},
				"east": {"uv": [0, 0, 1, 1], "texture": "#4"},
				"south": {"uv": [0, 0, 1, 1], "texture": "#4"},
				"west": {"uv": [0, 0, 1, 1], "texture": "#4"},
				"up": {"uv": [0, 0, 1, 1], "texture": "#4"},
				"down": {"uv": [0, 0, 1, 1], "texture": "#4"}
			}
		},
		{
			"name": "hexadecagon",
			"from": [2.07103, 20.40146, 4.69195],
			"to": [2.41489, 20.42307, 4.90804],
			"rotation": {"angle": 22.5, "axis": "z", "origin": [2.24296, 19.55871, 4.8]},
			"faces": {
				"north": {"uv": [0, 0, 1, 1], "texture": "#4"},
				"east": {"uv": [0, 0, 1, 1], "texture": "#4"},
				"south": {"uv": [0, 0, 1, 1], "texture": "#4"},
				"west": {"uv": [0, 0, 1, 1], "texture": "#4"},
				"up": {"uv": [0, 0, 1, 1], "texture": "#4"},
				"down": {"uv": [0, 0, 1, 1], "texture": "#4"}
			}
		},
		{
			"name": "hexadecagon",
			"from": [2.07103, 20.40146, 4.69195],
			"to": [2.41489, 20.42307, 4.90804],
			"rotation": {"angle": 45, "axis": "z", "origin": [2.24296, 19.55871, 4.8]},
			"faces": {
				"north": {"uv": [0, 0, 1, 1], "texture": "#4"},
				"east": {"uv": [0, 0, 1, 1], "texture": "#4"},
				"south": {"uv": [0, 0, 1, 1], "texture": "#4"},
				"west": {"uv": [0, 0, 1, 1], "texture": "#4"},
				"up": {"uv": [0, 0, 1, 1], "texture": "#4"},
				"down": {"uv": [0, 0, 1, 1], "texture": "#4"}
			}
		},
		{
			"name": "hexadecagon",
			"from": [1.3786, 19.38678, 4.69195],
			"to": [1.40021, 19.73064, 4.90804],
			"rotation": {"angle": -22.5, "axis": "z", "origin": [2.24296, 19.55871, 4.8]},
			"faces": {
				"north": {"uv": [0, 0, 1, 1], "texture": "#4"},
				"east": {"uv": [0, 0, 1, 1], "texture": "#4"},
				"south": {"uv": [0, 0, 1, 1], "texture": "#4"},
				"west": {"uv": [0, 0, 1, 1], "texture": "#4"},
				"up": {"uv": [0, 0, 1, 1], "texture": "#4"},
				"down": {"uv": [0, 0, 1, 1], "texture": "#4"}
			}
		},
		{
			"name": "hexadecagon",
			"from": [1.3786, 19.38678, 4.69195],
			"to": [1.40021, 19.73064, 4.90804],
			"rotation": {"angle": 22.5, "axis": "z", "origin": [2.24296, 19.55871, 4.8]},
			"faces": {
				"north": {"uv": [0, 0, 1, 1], "texture": "#4"},
				"east": {"uv": [0, 0, 1, 1], "texture": "#4"},
				"south": {"uv": [0, 0, 1, 1], "texture": "#4"},
				"west": {"uv": [0, 0, 1, 1], "texture": "#4"},
				"up": {"uv": [0, 0, 1, 1], "texture": "#4"},
				"down": {"uv": [0, 0, 1, 1], "texture": "#4"}
			}
		}
	],
	"display": {
		"thirdperson_righthand": {
			"translation": [0, -0.25, 0],
			"scale": [0.26953, 0.26953, 0.26953]
		},
		"thirdperson_lefthand": {
			"translation": [0, -0.25, 0],
			"scale": [0.26953, 0.26953, 0.26953]
		},
		"firstperson_righthand": {
			"translation": [-3.75, -2.25, -3.75],
			"scale": [0.91406, 0.91406, 0.91406]
		},
		"firstperson_lefthand": {
			"translation": [-3.75, -2.25, -3.75],
			"scale": [0.91406, 0.91406, 0.91406]
		},
		"ground": {
			"scale": [0.42383, 0.42383, 0.42383]
		},
		"gui": {
			"rotation": [90, -53, 90]
		},
		"head": {
			"rotation": [-67.75, 0, 0],
			"translation": [-8, -27, 0],
			"scale": [0.40039, 0.40039, 0.40039]
		},
		"fixed": {
			"rotation": [90, 61.5, -88.77],
			"translation": [0, 0, -1],
			"scale": [0.55664, 0.55664, 0.55664]
		}
	},
	"groups": [
		{
			"name": "group",
			"origin": [9.8, 0.25204, 16.30653],
			"color": 0,
			"children": [0, 1, 2, 3, 4, 5, 6, 7, 8, 9, 10, 11]
		},
		{
			"name": "LINTERNA",
			"origin": [8, 8.37426, 4.3153],
			"color": 0,
			"children": [12, 13, 14, 15, 16, 17, 18, 19, 20]
		},
		{
			"name": "Cuerpo",
			"origin": [8, 7.62574, 11.6847],
			"color": 0,
			"children": [21, 22, 23, 24, 25, 26, 27, 28, 29, 30, 31, 32]
		},
		{
			"name": "group",
			"origin": [8, 9.04314, 9.39947],
			"color": 0,
			"children": [33, 34]
		},
		{
			"name": "group",
			"origin": [7.72426, 15.12195, 8.42917],
			"color": 0,
			"children": [35, 36, 37, 38]
		},
		39,
		40,
		{
			"name": "Cañon arriba",
			"origin": [8.00392, 12.53534, 19.40559],
			"color": 0,
			"children": [41, 42, 43, 44, 45, 46, 47, 48, 49, 50, 51, 52, 53, 54, 55]
		},
		{
			"name": "hexadecagon",
			"origin": [8, 8, 8],
			"color": 0,
			"children": [56, 57, 58, 59, 60, 61, 62, 63, 64, 65, 66, 67, 68, 69, 70, 71]
		}
	]
}