{
	"credit": "Made with Blockbench",
	"textures": {
		"0": "block/color/graymetal_dark",
		"4": "block/color/lightblack",
		"5": "block/color/silver",
		"6": "block/color/graymetal_lighter",
		"7": "block/color/yellow",
		"8": "block/color/red",
		"particle": "block/color/graymetal_dark"
	},
	"elements": [
		{
			"from": [6.35, 10, 22.875],
			"to": [8.65, 13, 30],
			"faces": {
				"north": {"uv": [0, 0, 2.3, 3], "texture": "#0"},
				"east": {"uv": [0, 0, 7.125, 3], "texture": "#0"},
				"west": {"uv": [0, 0, 7.125, 3], "texture": "#0"},
				"up": {"uv": [0, 0, 2.3, 7.125], "texture": "#0"},
				"down": {"uv": [0, 0, 2.3, 7.125], "texture": "#0"}
			}
		},
		{
			"from": [7, 12.025, 18.825],
			"to": [8, 13, 22.9],
			"faces": {
				"east": {"uv": [0, 0, 4.075, 0.975], "texture": "#5"},
				"west": {"uv": [0, 0, 4.075, 0.975], "texture": "#5"},
				"up": {"uv": [0, 0, 1, 4.075], "texture": "#5"},
				"down": {"uv": [0, 0, 1, 4.075], "texture": "#5"}
			}
		},
		{
			"from": [7.375, 11.1, 18.825],
			"to": [7.625, 12.075, 22.9],
			"faces": {
				"east": {"uv": [0, 0, 4.075, 0.975], "texture": "#6"},
				"west": {"uv": [0, 0, 4.075, 0.975], "texture": "#6"},
				"down": {"uv": [0, 0, 0.25, 4.075], "texture": "#6"}
			}
		},
		{
			"from": [7, 10.275, 18.85],
			"to": [8, 11.25, 22.9],
			"faces": {
				"north": {"uv": [0, 0, 1, 0.975], "texture": "#5"},
				"east": {"uv": [0, 0, 4.05, 0.975], "texture": "#5"},
				"west": {"uv": [0, 0, 4.05, 0.975], "texture": "#5"},
				"up": {"uv": [0, 0, 1, 4.05], "texture": "#5"},
				"down": {"uv": [0, 0, 1, 4.05], "texture": "#5"}
			}
		},
		{
			"from": [6.55, 7.2, 24],
			"to": [8.45, 10.2, 30],
			"faces": {
				"north": {"uv": [0, 0, 1.9, 3], "texture": "#0"},
				"east": {"uv": [0, 0, 6, 3], "texture": "#6"},
				"south": {"uv": [0, 0, 1.9, 3], "texture": "#0"},
				"west": {"uv": [0, 0, 6, 3], "texture": "#6"},
				"down": {"uv": [0, 0, 1.9, 6], "texture": "#0"}
			}
		},
		{
			"from": [6.55, 6.32565, 23.17936],
			"to": [8.45, 9.32565, 24.20436],
			"rotation": {"angle": -22.5, "axis": "x", "origin": [8, 8.82565, 21.39186]},
			"faces": {
				"north": {"uv": [0, 0, 1.9, 3], "texture": "#0"},
				"east": {"uv": [0, 0, 1.025, 3], "texture": "#6"},
				"south": {"uv": [0, 0, 1.9, 3], "texture": "#0"},
				"west": {"uv": [0, 0, 1.025, 3], "texture": "#6"},
				"up": {"uv": [0, 0, 1.9, 1.025], "texture": "#0"}
			}
		},
		{
			"from": [6.35, 4.67121, 22.98881],
			"to": [8.65, 7.67121, 28.98881],
			"rotation": {"angle": -22.5, "axis": "x", "origin": [8, 6.02121, 26.81381]},
			"faces": {
				"north": {"uv": [0, 0, 2.3, 3], "texture": "#0"},
				"east": {"uv": [0, 0, 6, 3], "texture": "#0"},
				"south": {"uv": [0, 0, 2.3, 3], "texture": "#0"},
				"west": {"uv": [0, 0, 6, 3], "texture": "#0"},
				"up": {"uv": [0, 0, 2.3, 6], "texture": "#0"},
				"down": {"uv": [0, 0, 2.3, 6], "texture": "#0"}
			}
		},
		{
			"from": [8.575, 5.87121, 23.28881],
			"to": [8.775, 6.34621, 23.81381],
			"rotation": {"angle": -22.5, "axis": "x", "origin": [8, 6.02121, 26.81381]},
			"faces": {
				"north": {"uv": [0, 0, 2.3, 3], "texture": "#8"},
				"east": {"uv": [3, 1, 9, 4], "texture": "#8"},
				"south": {"uv": [0, 0, 2.3, 3], "texture": "#8"},
				"up": {"uv": [0, 0, 2.3, 6], "texture": "#8"},
				"down": {"uv": [0, 0, 2.3, 6], "texture": "#8"}
			}
		},
		{
			"from": [6.275, 5.87121, 23.28881],
			"to": [6.475, 6.34621, 23.81381],
			"rotation": {"angle": -22.5, "axis": "x", "origin": [8, 6.02121, 26.81381]},
			"faces": {
				"north": {"uv": [2.3, 0, 0, 3], "texture": "#8"},
				"south": {"uv": [2.3, 0, 0, 3], "texture": "#8"},
				"west": {"uv": [9, 1, 3, 4], "texture": "#8"},
				"up": {"uv": [2.3, 0, 0, 6], "texture": "#8"},
				"down": {"uv": [2.3, 0, 0, 6], "texture": "#8"}
			}
		},
		{
			"from": [6.6, 14.27616, 3.96999],
			"to": [6.8, 14.75116, 4.49499],
			"rotation": {"angle": 0, "axis": "x", "origin": [6.7, 14.51366, 4.23249]},
			"faces": {
				"north": {"uv": [2.3, 0, 0, 3], "texture": "#8"},
				"south": {"uv": [2.3, 0, 0, 3], "texture": "#8"},
				"west": {"uv": [9, 1, 3, 4], "texture": "#8"},
				"up": {"uv": [2.3, 0, 0, 6], "texture": "#8"},
				"down": {"uv": [2.3, 0, 0, 6], "texture": "#8"}
			}
		},
		{
			"from": [8.25, 14.27616, 3.96999],
			"to": [8.45, 14.75116, 4.49499],
			"rotation": {"angle": 0, "axis": "y", "origin": [9.3, 14.51366, 4.23249]},
			"faces": {
				"north": {"uv": [0, 0, 2.3, 3], "texture": "#8"},
				"east": {"uv": [3, 1, 9, 4], "texture": "#8"},
				"south": {"uv": [0, 0, 2.3, 3], "texture": "#8"},
				"up": {"uv": [0, 0, 2.3, 6], "texture": "#8"},
				"down": {"uv": [0, 0, 2.3, 6], "texture": "#8"}
			}
		},
		{
			"from": [6.35, 7.67121, 22.98881],
			"to": [8.65, 8.02121, 25.16381],
			"rotation": {"angle": -22.5, "axis": "x", "origin": [8, 6.02121, 26.81381]},
			"faces": {
				"north": {"uv": [0, 0, 2.3, 0.35], "texture": "#0"},
				"east": {"uv": [0, 0, 2.175, 0.35], "texture": "#0"},
				"south": {"uv": [0, 0, 2.3, 0.35], "texture": "#0"},
				"west": {"uv": [0, 0, 2.175, 0.35], "texture": "#0"},
				"up": {"uv": [0, 0, 2.3, 2.175], "texture": "#0"}
			}
		},
		{
			"from": [6.35, 7.67121, 25.16381],
			"to": [8.65, 7.99621, 25.91381],
			"rotation": {"angle": -22.5, "axis": "x", "origin": [8, 6.02121, 26.81381]},
			"faces": {
				"east": {"uv": [0, 0, 0.75, 0.325], "texture": "#0"},
				"south": {"uv": [0, 0, 2.3, 0.325], "texture": "#0"},
				"west": {"uv": [0, 0, 0.75, 0.325], "texture": "#0"},
				"up": {"uv": [0, 0, 2.3, 0.75], "texture": "#0"}
			}
		},
		{
			"from": [6.35, 6.58575, 28.26589],
			"to": [8.65, 8.31075, 29.31589],
			"rotation": {"angle": 22.5, "axis": "x", "origin": [8, 6.03575, 26.86589]},
			"faces": {
				"north": {"uv": [0, 0, 2.3, 1.725], "texture": "#0"},
				"east": {"uv": [0, 0, 1.05, 1.725], "texture": "#0"},
				"south": {"uv": [0, 0, 2.3, 1.725], "texture": "#0"},
				"west": {"uv": [0, 0, 1.05, 1.725], "texture": "#0"},
				"up": {"uv": [0, 0, 2.3, 1.05], "texture": "#0"}
			}
		},
		{
			"from": [8.35, 4.325, 3.6],
			"to": [8.5, 8.925, 5.925],
			"rotation": {"angle": -22.5, "axis": "x", "origin": [8.425, 6.5875, 5.9625]},
			"faces": {
				"east": {"uv": [0, 0, 4.6, 2.325], "rotation": 270, "texture": "#0"},
				"west": {"uv": [0, 0, 4.6, 2.325], "rotation": 90, "texture": "#0"},
				"up": {"uv": [0, 0, 0.15, 2.325], "rotation": 180, "texture": "#0"},
				"down": {"uv": [0, 0, 0.15, 2.325], "texture": "#0"}
			}
		},
		{
			"from": [6.5, 4.325, 3.6],
			"to": [6.65, 8.925, 5.925],
			"rotation": {"angle": -22.5, "axis": "x", "origin": [7.575, 6.5875, 5.9625]},
			"faces": {
				"east": {"uv": [0, 2.325, 4.6, 4.65], "rotation": 90, "texture": "#0"},
				"west": {"uv": [0, 2.325, 4.6, 4.65], "rotation": 270, "texture": "#0"},
				"up": {"uv": [0.15, 0, 0.3, 2.325], "rotation": 180, "texture": "#0"},
				"down": {"uv": [0.15, 0, 0.3, 2.325], "texture": "#0"}
			}
		},
		{
			"from": [6.5, 4.3365, 5.90779],
			"to": [8.5, 8.9365, 6.05779],
			"rotation": {"angle": -22.5, "axis": "x", "origin": [7.6625, 6.6365, 5.98279]},
			"faces": {
				"east": {"uv": [0.15, 0, 0.3, 4.6], "texture": "#0"},
				"south": {"uv": [0, 2.325, 4.6, 4.325], "rotation": 270, "texture": "#0"},
				"west": {"uv": [0.15, 0, 0.3, 4.6], "rotation": 180, "texture": "#0"},
				"up": {"uv": [0.15, 0, 0.3, 2], "rotation": 90, "texture": "#0"},
				"down": {"uv": [0.15, 0, 0.3, 2], "rotation": 90, "texture": "#0"}
			}
		},
		{
			"from": [6.5, 3.38935, 3.62119],
			"to": [8.5, 7.98935, 3.77119],
			"rotation": {"angle": -22.5, "axis": "x", "origin": [7.6625, 5.68935, 3.69619]},
			"faces": {
				"north": {"uv": [0, 4.65, 4.6, 6.65], "rotation": 270, "texture": "#0"},
				"east": {"uv": [0.3, 0, 0.45, 4.6], "texture": "#0"},
				"south": {"uv": [0, 4.65, 4.6, 6.65], "rotation": 90, "texture": "#0"},
				"west": {"uv": [0.3, 0, 0.45, 4.6], "rotation": 180, "texture": "#0"},
				"up": {"uv": [0.3, 0, 0.45, 2], "rotation": 90, "texture": "#0"},
				"down": {"uv": [0.3, 0, 0.45, 2], "rotation": 90, "texture": "#0"}
			}
		},
		{
			"from": [6.5, 9.13665, -5.7805],
			"to": [8.5, 9.23665, 1.3445],
			"rotation": {"angle": 0, "axis": "y", "origin": [7.5, 5.94915, 3.982]},
			"faces": {
				"north": {"uv": [0, 0, 2, 0.1], "texture": "#0"},
				"east": {"uv": [0, 0, 7.125, 0.1], "texture": "#0"},
				"south": {"uv": [0, 0, 2, 0.1], "texture": "#0"},
				"west": {"uv": [0, 0, 7.125, 0.1], "texture": "#0"},
				"up": {"uv": [0, 0, 2, 7.125], "texture": "#0"},
				"down": {"uv": [0, 0, 2, 7.125], "texture": "#0"}
			}
		},
		{
			"from": [8.35, 10.02484, -5.78452],
			"to": [8.5, 10.84984, 1.36548],
			"rotation": {"angle": 0, "axis": "y", "origin": [8.425, 7.56234, -2.23452]},
			"faces": {
				"north": {"uv": [0, 0, 0.15, 0.825], "texture": "#0"},
				"east": {"uv": [0, 0, 7.15, 0.825], "texture": "#0"},
				"south": {"uv": [0, 0, 0.15, 0.825], "texture": "#0"},
				"west": {"uv": [0, 0, 7.15, 0.825], "texture": "#0"},
				"down": {"uv": [0, 0, 0.15, 7.15], "texture": "#0"}
			}
		},
		{
			"from": [8.35, 9.22484, -3.00952],
			"to": [8.5, 10.04984, 1.36548],
			"rotation": {"angle": 0, "axis": "y", "origin": [8.425, 7.56234, -2.23452]},
			"faces": {
				"north": {"uv": [0, 0, 0.15, 0.825], "texture": "#0"},
				"east": {"uv": [0, 0, 4.375, 0.825], "texture": "#0"},
				"south": {"uv": [0, 0, 0.15, 0.825], "texture": "#0"},
				"west": {"uv": [0, 0, 4.375, 0.825], "texture": "#0"},
				"down": {"uv": [0, 0, 0.15, 4.375], "texture": "#0"}
			}
		},
		{
			"from": [8.35, 9.19984, -5.78452],
			"to": [8.5, 10.02484, -5.60952],
			"rotation": {"angle": 0, "axis": "y", "origin": [8.425, 7.53734, -2.20952]},
			"faces": {
				"north": {"uv": [0, 0, 0.15, 0.825], "texture": "#0"},
				"east": {"uv": [0, 0, 0.175, 0.825], "texture": "#0"},
				"south": {"uv": [0, 0, 0.15, 0.825], "texture": "#0"},
				"west": {"uv": [0, 0, 0.175, 0.825], "texture": "#0"},
				"down": {"uv": [0, 0, 0.15, 0.175], "texture": "#0"}
			}
		},
		{
			"from": [8.35, 9.19984, -5.38452],
			"to": [8.5, 10.02484, -5.20952],
			"rotation": {"angle": 0, "axis": "y", "origin": [8.425, 7.53734, -2.20952]},
			"faces": {
				"north": {"uv": [0, 0, 0.15, 0.825], "texture": "#0"},
				"east": {"uv": [0, 0, 0.175, 0.825], "texture": "#0"},
				"south": {"uv": [0, 0, 0.15, 0.825], "texture": "#0"}
			}
		},
		{
			"from": [6.5, 9.22484, -3.00952],
			"to": [6.65, 10.04984, 1.36548],
			"rotation": {"angle": 0, "axis": "y", "origin": [7.575, 7.56234, -2.23452]},
			"faces": {
				"north": {"uv": [0.15, 0, 0.3, 0.825], "texture": "#0"},
				"east": {"uv": [4.375, 0, 8.75, 0.825], "texture": "#0"},
				"south": {"uv": [0.15, 0, 0.3, 0.825], "texture": "#0"},
				"west": {"uv": [4.375, 0, 8.75, 0.825], "texture": "#0"},
				"down": {"uv": [0.15, 0, 0.3, 4.375], "texture": "#0"}
			}
		},
		{
			"from": [6.5, 10.02484, -5.78452],
			"to": [6.65, 10.84984, 1.36548],
			"rotation": {"angle": 0, "axis": "y", "origin": [7.575, 7.56234, -2.23452]},
			"faces": {
				"north": {"uv": [0.15, 0, 0.3, 0.825], "texture": "#0"},
				"east": {"uv": [7.15, 0, 14.3, 0.825], "texture": "#0"},
				"south": {"uv": [0.15, 0, 0.3, 0.825], "texture": "#0"},
				"west": {"uv": [7.15, 0, 14.3, 0.825], "texture": "#0"},
				"down": {"uv": [0.15, 0, 0.3, 7.15], "texture": "#0"}
			}
		},
		{
			"from": [6.5, 9.19984, -4.38452],
			"to": [6.65, 10.02484, -4.20952],
			"rotation": {"angle": 0, "axis": "y", "origin": [7.575, 7.53734, -2.20952]},
			"faces": {
				"north": {"uv": [0.15, 0, 0.3, 0.825], "texture": "#0"},
				"south": {"uv": [0.15, 0, 0.3, 0.825], "texture": "#0"},
				"west": {"uv": [0.175, 0, 0.35, 0.825], "texture": "#0"}
			}
		},
		{
			"from": [6.5, 9.19984, -4.88452],
			"to": [6.65, 10.02484, -4.70952],
			"rotation": {"angle": 0, "axis": "y", "origin": [7.575, 7.53734, -2.20952]},
			"faces": {
				"north": {"uv": [0.15, 0, 0.3, 0.825], "texture": "#0"},
				"south": {"uv": [0.15, 0, 0.3, 0.825], "texture": "#0"},
				"west": {"uv": [0.175, 0, 0.35, 0.825], "texture": "#0"}
			}
		},
		{
			"from": [8.35, 9.19984, -4.88452],
			"to": [8.5, 10.02484, -4.70952],
			"rotation": {"angle": 0, "axis": "y", "origin": [8.425, 7.53734, -2.20952]},
			"faces": {
				"north": {"uv": [0, 0, 0.15, 0.825], "texture": "#0"},
				"east": {"uv": [0, 0, 0.175, 0.825], "texture": "#0"},
				"south": {"uv": [0, 0, 0.15, 0.825], "texture": "#0"}
			}
		},
		{
			"from": [8.35, 9.19984, -4.38452],
			"to": [8.5, 10.02484, -4.20952],
			"rotation": {"angle": 0, "axis": "y", "origin": [8.425, 7.53734, -2.20952]},
			"faces": {
				"north": {"uv": [0, 0, 0.15, 0.825], "texture": "#0"},
				"east": {"uv": [0, 0, 0.175, 0.825], "texture": "#0"},
				"south": {"uv": [0, 0, 0.15, 0.825], "texture": "#0"}
			}
		},
		{
			"from": [8.35, 1.875, 14.275],
			"to": [8.5, 5.725, 15.95],
			"rotation": {"angle": -22.5, "axis": "x", "origin": [11.425, 3.125, 11.075]},
			"faces": {
				"north": {"uv": [0, 0, 0.15, 3.85], "rotation": 180, "texture": "#0"},
				"east": {"uv": [0, 0, 3.85, 1.675], "rotation": 270, "texture": "#0"},
				"west": {"uv": [0, 0, 3.85, 1.675], "rotation": 90, "texture": "#0"},
				"up": {"uv": [0, 0, 0.15, 1.675], "rotation": 180, "texture": "#0"},
				"down": {"uv": [0, 0, 0.15, 1.675], "texture": "#0"}
			}
		},
		{
			"from": [6.5, 1.875, 14.275],
			"to": [6.65, 5.725, 15.95],
			"rotation": {"angle": -22.5, "axis": "x", "origin": [4.575, 3.125, 11.075]},
			"faces": {
				"north": {"uv": [0.15, 0, 0.3, 3.85], "rotation": 180, "texture": "#0"},
				"east": {"uv": [0, 1.675, 3.85, 3.35], "rotation": 90, "texture": "#0"},
				"west": {"uv": [0, 1.675, 3.85, 3.35], "rotation": 270, "texture": "#0"},
				"up": {"uv": [0.15, 0, 0.3, 1.675], "rotation": 180, "texture": "#0"},
				"down": {"uv": [0.15, 0, 0.3, 1.675], "texture": "#0"}
			}
		},
		{
			"from": [6.5, -0.05957, 17.6769],
			"to": [6.65, 2.86543, 19.0269],
			"rotation": {"angle": -22.5, "axis": "x", "origin": [3.575, 3.11543, 11.0519]},
			"faces": {
				"east": {"uv": [0, 1.35, 2.875, 2.7], "rotation": 90, "texture": "#0"},
				"west": {"uv": [0, 1.35, 2.875, 2.7], "rotation": 270, "texture": "#0"},
				"up": {"uv": [0.15, 0, 0.3, 1.35], "rotation": 180, "texture": "#0"},
				"down": {"uv": [0.15, 0, 0.3, 1.35], "texture": "#0"}
			}
		},
		{
			"from": [6.5, 4.81611, 14.63324],
			"to": [6.65, 5.56611, 17.70824],
			"rotation": {"angle": 45, "axis": "x", "origin": [4.575, 5.21611, 18.08324]},
			"faces": {
				"east": {"uv": [0, 3.075, 0.7, 6.15], "rotation": 90, "texture": "#0"},
				"west": {"uv": [0, 3.075, 0.7, 6.15], "rotation": 270, "texture": "#0"},
				"up": {"uv": [0.15, 0, 0.3, 3.075], "rotation": 180, "texture": "#0"},
				"down": {"uv": [0.15, 0, 0.3, 3.075], "texture": "#0"}
			}
		},
		{
			"from": [6.5, -0.05, 15.925],
			"to": [6.65, 5.725, 17.675],
			"rotation": {"angle": -22.5, "axis": "x", "origin": [3.575, 3.125, 11.075]},
			"faces": {
				"north": {"uv": [0.15, 0, 0.3, 5.775], "rotation": 180, "texture": "#0"},
				"east": {"uv": [0, 1.75, 5.775, 3.5], "rotation": 90, "texture": "#0"},
				"south": {"uv": [0.15, 0, 0.3, 5.775], "texture": "#0"},
				"west": {"uv": [0, 1.75, 5.775, 3.5], "rotation": 270, "texture": "#0"},
				"up": {"uv": [0.15, 0, 0.3, 1.75], "rotation": 180, "texture": "#0"},
				"down": {"uv": [0.15, 0, 0.3, 1.75], "texture": "#0"}
			}
		},
		{
			"from": [8.35, -0.075, 15.925],
			"to": [8.5, 5.725, 17.675],
			"rotation": {"angle": -22.5, "axis": "x", "origin": [11.425, 3.125, 11.075]},
			"faces": {
				"north": {"uv": [0, 0, 0.15, 5.75], "rotation": 180, "texture": "#0"},
				"east": {"uv": [0, 0, 5.75, 1.75], "rotation": 270, "texture": "#0"},
				"south": {"uv": [0, 0, 0.15, 5.75], "texture": "#0"},
				"west": {"uv": [0, 0, 5.75, 1.75], "rotation": 90, "texture": "#0"},
				"up": {"uv": [0, 0, 0.15, 1.75], "rotation": 180, "texture": "#0"},
				"down": {"uv": [0, 0, 0.15, 1.75], "texture": "#0"}
			}
		},
		{
			"from": [8.35, -0.08457, 17.6769],
			"to": [8.5, 2.86543, 19.0269],
			"rotation": {"angle": -22.5, "axis": "x", "origin": [11.425, 3.11543, 11.0519]},
			"faces": {
				"east": {"uv": [0, 0, 2.9, 1.35], "rotation": 270, "texture": "#0"},
				"south": {"uv": [0, 0, 0.15, 2.9], "texture": "#0"},
				"west": {"uv": [0, 0, 2.9, 1.35], "rotation": 90, "texture": "#0"},
				"up": {"uv": [0, 0, 0.15, 1.35], "rotation": 180, "texture": "#0"},
				"down": {"uv": [0, 0, 0.15, 1.35], "texture": "#0"}
			}
		},
		{
			"from": [8.35, 4.79111, 14.63324],
			"to": [8.5, 5.56611, 17.70824],
			"rotation": {"angle": 45, "axis": "x", "origin": [10.425, 5.21611, 18.08324]},
			"faces": {
				"east": {"uv": [0, 0, 0.7, 3.075], "rotation": 270, "texture": "#0"},
				"west": {"uv": [0, 0, 0.7, 3.075], "rotation": 90, "texture": "#0"},
				"up": {"uv": [0, 0, 0.15, 3.075], "rotation": 180, "texture": "#0"},
				"down": {"uv": [0, 0, 0.15, 3.075], "texture": "#0"}
			}
		},
		{
			"from": [8.35, 3.88232, 15.72954],
			"to": [8.5, 4.28232, 16.57954],
			"rotation": {"angle": 22.5, "axis": "x", "origin": [8.425, 4.36982, 14.92954]},
			"faces": {
				"east": {"uv": [0, 0, 0.85, 0.4], "texture": "#0"},
				"west": {"uv": [0, 0, 0.85, 0.4], "texture": "#0"},
				"up": {"uv": [0, 0, 0.15, 0.85], "texture": "#0"},
				"down": {"uv": [0, 0, 0.15, 0.85], "texture": "#0"}
			}
		},
		{
			"from": [6.5, 2.99572, 18.56256],
			"to": [8.375, 5.94572, 18.71256],
			"rotation": {"angle": -22.5, "axis": "x", "origin": [7.175, 5.44572, 18.63756]},
			"faces": {
				"north": {"uv": [0, 1.35, 2.95, 3.225], "rotation": 270, "texture": "#0"},
				"south": {"uv": [0, 1.35, 2.95, 3.225], "rotation": 90, "texture": "#0"},
				"west": {"uv": [0.15, 0, 0.3, 2.95], "texture": "#0"},
				"up": {"uv": [0.15, 0, 0.3, 1.875], "rotation": 270, "texture": "#0"},
				"down": {"uv": [0.15, 0, 0.3, 1.875], "rotation": 270, "texture": "#0"}
			}
		},
		{
			"from": [6.55, 1.82362, 14.01669],
			"to": [8.35, 5.67362, 14.16669],
			"rotation": {"angle": -22.5, "axis": "x", "origin": [8.425, 3.74862, 10.81669]},
			"faces": {
				"north": {"uv": [0, 0, 3.85, 1.8], "rotation": 270, "texture": "#0"},
				"south": {"uv": [0, 0, 3.85, 1.8], "rotation": 90, "texture": "#0"},
				"up": {"uv": [0, 0, 0.15, 1.8], "rotation": 90, "texture": "#0"},
				"down": {"uv": [0, 0, 0.15, 1.8], "rotation": 90, "texture": "#0"}
			}
		},
		{
			"from": [6.5, 3.88232, 15.72954],
			"to": [6.65, 4.28232, 16.57954],
			"rotation": {"angle": 22.5, "axis": "x", "origin": [7.575, 4.36982, 14.92954]},
			"faces": {
				"east": {"uv": [0.85, 0, 1.7, 0.4], "texture": "#0"},
				"west": {"uv": [0.85, 0, 1.7, 0.4], "texture": "#0"},
				"up": {"uv": [0.15, 0, 0.3, 0.85], "texture": "#0"},
				"down": {"uv": [0.15, 0, 0.3, 0.85], "texture": "#0"}
			}
		},
		{
			"from": [8.65, 10.025, 22.925],
			"to": [8.8, 13, 26.55],
			"faces": {
				"north": {"uv": [0, 0, 0.15, 2.975], "texture": "#0"},
				"east": {"uv": [0, 0, 3.625, 2.975], "texture": "#0"},
				"south": {"uv": [0, 0, 0.15, 2.975], "texture": "#0"},
				"up": {"uv": [0, 0, 0.15, 3.625], "texture": "#0"},
				"down": {"uv": [0, 0, 0.15, 3.625], "texture": "#0"}
			}
		},
		{
			"from": [8.65, 12.025, 26.575],
			"to": [8.8, 13, 30.1],
			"faces": {
				"north": {"uv": [0, 0, 0.15, 0.975], "texture": "#0"},
				"east": {"uv": [0, 0, 3.525, 0.975], "texture": "#0"},
				"up": {"uv": [0, 0, 0.15, 3.525], "texture": "#0"},
				"down": {"uv": [0, 0, 0.15, 3.525], "texture": "#0"}
			}
		},
		{
			"from": [6.175, 10, 29.075],
			"to": [6.325, 12.025, 30.1],
			"rotation": {"angle": 0, "axis": "y", "origin": [16, 0, 0]},
			"faces": {
				"north": {"uv": [0.15, 0, 0.3, 2.025], "texture": "#0"},
				"east": {"uv": [1.025, 0, 2.05, 2.025], "texture": "#0"},
				"south": {"uv": [0.15, 0, 0.3, 2.025], "texture": "#0"},
				"west": {"uv": [1.025, 0, 2.05, 2.025], "texture": "#0"},
				"up": {"uv": [0.15, 0, 0.3, 1.025], "texture": "#0"},
				"down": {"uv": [0.15, 0, 0.3, 1.025], "texture": "#0"}
			}
		},
		{
			"from": [6.2, 12.025, 26.575],
			"to": [6.35, 13, 30.1],
			"rotation": {"angle": 0, "axis": "y", "origin": [16, 0, 0]},
			"faces": {
				"north": {"uv": [0.15, 0, 0.3, 0.975], "texture": "#0"},
				"south": {"uv": [0.15, 0, 0.3, 0.975], "texture": "#0"},
				"west": {"uv": [3.525, 0, 7.05, 0.975], "texture": "#0"},
				"up": {"uv": [0.15, 0, 0.3, 3.525], "texture": "#0"},
				"down": {"uv": [0.15, 0, 0.3, 3.525], "texture": "#0"}
			}
		},
		{
			"from": [6.2, 10.025, 22.925],
			"to": [6.35, 13, 26.55],
			"rotation": {"angle": 0, "axis": "y", "origin": [16, 0, 0]},
			"faces": {
				"north": {"uv": [0.15, 0, 0.3, 2.975], "texture": "#0"},
				"south": {"uv": [0.15, 0, 0.3, 2.975], "texture": "#0"},
				"west": {"uv": [3.625, 0, 7.25, 2.975], "texture": "#0"},
				"up": {"uv": [0.15, 0, 0.3, 3.625], "texture": "#0"},
				"down": {"uv": [0.15, 0, 0.3, 3.625], "texture": "#0"}
			}
		},
		{
			"from": [6.2125, 13.0125, 22.925],
			"to": [8.8125, 13.1625, 30.025],
			"rotation": {"angle": 0, "axis": "y", "origin": [8.725, 15.0875, 24.7375]},
			"faces": {
				"north": {"uv": [0, 0, 0.15, 2.6], "rotation": 90, "texture": "#0"},
				"east": {"uv": [0, 0, 0.15, 7.1], "rotation": 270, "texture": "#0"},
				"south": {"uv": [0, 0, 0.15, 2.6], "rotation": 270, "texture": "#0"},
				"west": {"uv": [0, 0, 0.15, 7.1], "rotation": 270, "texture": "#0"},
				"up": {"uv": [0, 0, 7.1, 2.6], "rotation": 270, "texture": "#0"},
				"down": {"uv": [0, 0, 7.1, 2.6], "rotation": 270, "texture": "#0"}
			}
		},
		{
			"from": [6.2125, 7.225, 29.9625],
			"to": [8.8125, 13.15, 30.1125],
			"rotation": {"angle": 0, "axis": "y", "origin": [8.725, 15.0875, 24.7375]},
			"faces": {
				"north": {"uv": [0, 0, 5.925, 2.6], "rotation": 90, "texture": "#0"},
				"east": {"uv": [0, 0, 0.15, 5.925], "rotation": 180, "texture": "#0"},
				"south": {"uv": [0, 0, 5.925, 2.6], "rotation": 270, "texture": "#0"},
				"west": {"uv": [0, 0, 0.15, 5.925], "texture": "#0"},
				"up": {"uv": [0, 0, 0.15, 2.6], "rotation": 270, "texture": "#0"},
				"down": {"uv": [0, 0, 0.15, 2.6], "rotation": 270, "texture": "#0"}
			}
		},
		{
			"from": [8.65, 10, 29.075],
			"to": [8.8, 12.025, 30.1],
			"faces": {
				"north": {"uv": [0, 0, 0.15, 2.025], "texture": "#0"},
				"east": {"uv": [0, 0, 1.025, 2.025], "texture": "#0"},
				"down": {"uv": [0, 0, 0.15, 1.025], "texture": "#0"}
			}
		},
		{
			"from": [8.65, 10.975, 28.05],
			"to": [8.8, 12.025, 29.075],
			"faces": {
				"north": {"uv": [0, 0, 0.15, 1.05], "texture": "#0"},
				"east": {"uv": [0, 0, 1.025, 1.05], "texture": "#0"},
				"down": {"uv": [0, 0, 0.15, 1.025], "texture": "#0"}
			}
		},
		{
			"from": [6.2, 10.975, 28.05],
			"to": [6.35, 12.025, 29.075],
			"rotation": {"angle": 0, "axis": "y", "origin": [16, 0, 0]},
			"faces": {
				"north": {"uv": [0.15, 0, 0.3, 1.05], "texture": "#0"},
				"south": {"uv": [0.15, 0, 0.3, 1.05], "texture": "#0"},
				"west": {"uv": [1.025, 0, 2.05, 1.05], "texture": "#0"},
				"down": {"uv": [0.15, 0, 0.3, 1.025], "texture": "#0"}
			}
		},
		{
			"from": [8.475, 7.2, 29.075],
			"to": [8.625, 10.025, 30.1],
			"faces": {
				"north": {"uv": [0, 0, 0.15, 2.825], "texture": "#0"},
				"east": {"uv": [0, 0, 1.025, 2.825], "texture": "#0"},
				"south": {"uv": [0, 0, 0.15, 2.825], "texture": "#0"},
				"west": {"uv": [0, 0, 1.025, 2.825], "texture": "#0"},
				"down": {"uv": [0, 0, 0.15, 1.025], "texture": "#0"}
			}
		},
		{
			"from": [6.65, 9.875, 5.8],
			"to": [8.35, 10.325, 12.45],
			"faces": {
				"east": {"uv": [0, 0, 6.65, 0.45], "texture": "#6"},
				"south": {"uv": [0, 0, 1.7, 0.45], "texture": "#6"},
				"west": {"uv": [0, 0, 6.65, 0.45], "texture": "#6"},
				"down": {"uv": [0, 0, 1.7, 6.65], "texture": "#6"}
			}
		},
		{
			"from": [6.65, 7.4, 9.45],
			"to": [8.35, 7.85, 13],
			"faces": {
				"north": {"uv": [0, 0, 1.7, 0.45], "texture": "#6"},
				"east": {"uv": [0, 0, 3.55, 0.45], "texture": "#6"},
				"west": {"uv": [0, 0, 3.55, 0.45], "texture": "#6"},
				"up": {"uv": [0, 0, 1.7, 3.55], "texture": "#6"},
				"down": {"uv": [0, 0, 1.7, 3.55], "texture": "#6"}
			}
		},
		{
			"from": [6.65, 7.4125, 8.5125],
			"to": [8.35, 9.8875, 9.4625],
			"rotation": {"angle": 0, "axis": "y", "origin": [7.5, 7.625, 5.9125]},
			"faces": {
				"north": {"uv": [0, 0, 1.7, 2.475], "rotation": 180, "texture": "#6"},
				"east": {"uv": [0, 0, 2.475, 0.95], "rotation": 270, "texture": "#6"},
				"south": {"uv": [0, 0, 1.7, 2.475], "texture": "#6"},
				"west": {"uv": [0, 0, 2.475, 0.95], "rotation": 90, "texture": "#6"},
				"down": {"uv": [0, 0, 1.7, 0.95], "texture": "#6"}
			}
		},
		{
			"from": [7.05, 8.96736, 10.51844],
			"to": [8.125, 10.14236, 10.99344],
			"rotation": {"angle": 22.5, "axis": "x", "origin": [7.5, 6.62986, 10.99344]},
			"faces": {
				"north": {"uv": [0, 0, 1.075, 1.175], "rotation": 180, "texture": "#6"},
				"east": {"uv": [0, 0, 1.175, 0.475], "rotation": 270, "texture": "#6"},
				"south": {"uv": [0, 0, 1.075, 1.175], "texture": "#6"},
				"west": {"uv": [0, 0, 1.175, 0.475], "rotation": 90, "texture": "#6"},
				"down": {"uv": [0, 0, 1.075, 0.475], "texture": "#6"}
			}
		},
		{
			"from": [7.05, 7.6298, 9.75618],
			"to": [8.125, 8.6048, 10.23118],
			"rotation": {"angle": 45, "axis": "x", "origin": [7.5, 6.7173, 11.28118]},
			"faces": {
				"north": {"uv": [0, 0, 1.075, 0.975], "rotation": 180, "texture": "#6"},
				"east": {"uv": [0, 0, 0.975, 0.475], "rotation": 270, "texture": "#6"},
				"south": {"uv": [0, 0, 1.075, 0.975], "texture": "#6"},
				"west": {"uv": [0, 0, 0.975, 0.475], "rotation": 90, "texture": "#6"},
				"up": {"uv": [0, 0, 1.075, 0.475], "rotation": 180, "texture": "#6"},
				"down": {"uv": [0, 0, 1.075, 0.475], "texture": "#6"}
			}
		},
		{
			"from": [6.65, 12.225, 3.3],
			"to": [8.35, 13.55, 17.575],
			"faces": {
				"north": {"uv": [0, 0, 1.7, 1.325], "texture": "#6"},
				"east": {"uv": [0, 0, 14.275, 1.325], "texture": "#6"},
				"south": {"uv": [0, 0, 1.7, 1.325], "texture": "#6"},
				"west": {"uv": [0, 0, 14.275, 1.325], "texture": "#6"},
				"up": {"uv": [0, 0, 1.7, 14.275], "texture": "#6"}
			}
		},
		{
			"from": [6.65, 12.44317, 17.35484],
			"to": [8.35, 12.79317, 18.70484],
			"rotation": {"angle": 22.5, "axis": "x", "origin": [7.5, 12.61817, 19.36734]},
			"faces": {
				"east": {"uv": [0, 0, 1.35, 0.35], "texture": "#6"},
				"south": {"uv": [0, 0, 1.7, 0.35], "texture": "#6"},
				"west": {"uv": [0, 0, 1.35, 0.35], "texture": "#6"},
				"up": {"uv": [0, 0, 1.7, 1.35], "texture": "#6"},
				"down": {"uv": [0, 0, 1.7, 1.35], "texture": "#6"}
			}
		},
		{
			"from": [6.65, 10.0564, 2.79418],
			"to": [8.35, 12.9564, 3.04418],
			"rotation": {"angle": 22.5, "axis": "x", "origin": [7.5, 11.6439, 3.16918]},
			"faces": {
				"north": {"uv": [0, 0, 1.7, 2.9], "rotation": 180, "texture": "#6"},
				"east": {"uv": [0, 0, 0.25, 2.9], "rotation": 180, "texture": "#6"},
				"south": {"uv": [0, 0, 1.7, 2.9], "rotation": 180, "texture": "#6"},
				"west": {"uv": [0, 0, 0.25, 2.9], "rotation": 180, "texture": "#6"},
				"down": {"uv": [0, 0, 1.7, 0.25], "texture": "#6"}
			}
		},
		{
			"from": [6.65, 10.225, 2.8],
			"to": [8.35, 11.575, 3.325],
			"faces": {
				"east": {"uv": [0, 0, 0.525, 1.35], "texture": "#6"},
				"west": {"uv": [0, 0, 0.525, 1.35], "texture": "#6"}
			}
		},
		{
			"from": [6.65, 11.575, 3.15],
			"to": [8.35, 12.35, 3.325],
			"faces": {
				"east": {"uv": [0, 0, 0.175, 0.775], "texture": "#6"},
				"west": {"uv": [0, 0, 0.175, 0.775], "texture": "#6"}
			}
		},
		{
			"from": [6.65, 11.575, 2.975],
			"to": [8.35, 11.95, 3.15],
			"faces": {
				"east": {"uv": [0, 0, 0.175, 0.375], "texture": "#6"},
				"west": {"uv": [0, 0, 0.175, 0.375], "texture": "#6"}
			}
		},
		{
			"from": [6.65, 10.225, 2.625],
			"to": [8.35, 10.725, 2.8],
			"faces": {
				"east": {"uv": [0, 0, 0.175, 0.5], "texture": "#6"},
				"west": {"uv": [0, 0, 0.175, 0.5], "texture": "#6"}
			}
		},
		{
			"from": [6.65, 10.225, 2.45],
			"to": [8.35, 10.725, 2.625],
			"faces": {
				"north": {"uv": [0, 0, 1.7, 0.5], "texture": "#6"},
				"east": {"uv": [0, 0, 0.175, 0.5], "texture": "#6"},
				"west": {"uv": [0, 0, 0.175, 0.5], "texture": "#6"}
			}
		},
		{
			"from": [6.65, 10.6, 2.625],
			"to": [8.35, 11.1, 2.8],
			"faces": {
				"east": {"uv": [0, 0, 0.175, 0.5], "texture": "#6"},
				"west": {"uv": [0, 0, 0.175, 0.5], "texture": "#6"}
			}
		},
		{
			"from": [6.65, 9.5, 2.2],
			"to": [8.35, 10.225, 5.525],
			"faces": {
				"north": {"uv": [0, 0, 1.7, 0.725], "texture": "#6"},
				"east": {"uv": [0, 0, 3.325, 0.725], "texture": "#6"},
				"south": {"uv": [0, 0, 1.7, 0.725], "texture": "#6"},
				"west": {"uv": [0, 0, 3.325, 0.725], "texture": "#6"},
				"up": {"uv": [0, 0, 1.7, 3.325], "texture": "#6"},
				"down": {"uv": [0, 0, 1.7, 3.325], "texture": "#6"}
			}
		},
		{
			"from": [6.65, 3.18665, 3.6945],
			"to": [8.35, 9.91165, 6.0195],
			"rotation": {"angle": -22.5, "axis": "x", "origin": [7.5, 5.94915, 3.982]},
			"faces": {
				"north": {"uv": [0, 0, 1.7, 6.725], "rotation": 180, "texture": "#6"},
				"east": {"uv": [0, 0, 6.725, 2.325], "rotation": 270, "texture": "#6"},
				"south": {"uv": [0, 0, 1.7, 6.725], "texture": "#6"},
				"west": {"uv": [0, 0, 6.725, 2.325], "rotation": 90, "texture": "#6"},
				"down": {"uv": [0, 0, 1.7, 2.325], "texture": "#6"}
			}
		},
		{
			"from": [6.65, 9.23665, -5.7805],
			"to": [8.35, 11.03665, 1.3445],
			"rotation": {"angle": 0, "axis": "y", "origin": [7.5, 5.94915, 3.982]},
			"faces": {
				"north": {"uv": [0, 0, 1.7, 1.8], "texture": "#0"},
				"east": {"uv": [0, 0, 7.125, 1.8], "texture": "#0"},
				"south": {"uv": [0, 0, 1.7, 1.8], "texture": "#0"},
				"west": {"uv": [0, 0, 7.125, 1.8], "texture": "#0"}
			}
		},
		{
			"from": [6.4, 10.81165, -14.9805],
			"to": [8.6, 13.11165, 1.3445],
			"rotation": {"angle": 0, "axis": "y", "origin": [7.5, 5.94915, 3.982]},
			"faces": {
				"north": {"uv": [0, 0, 2.2, 2.3], "texture": "#4"},
				"east": {"uv": [0, 0, 16, 2.3], "texture": "#4"},
				"south": {"uv": [0, 0, 2.2, 2.3], "texture": "#4"},
				"west": {"uv": [0, 0, 16, 2.3], "texture": "#4"},
				"up": {"uv": [0, 0, 2.2, 16], "texture": "#4"},
				"down": {"uv": [0, 0, 2.2, 16], "texture": "#4"}
			}
		},
		{
			"from": [6.4, 11.18665, 1.3445],
			"to": [8.6, 12.61165, 2.0195],
			"rotation": {"angle": 0, "axis": "y", "origin": [7.5, 5.94915, 3.982]},
			"faces": {
				"east": {"uv": [0, 0, 0.675, 1.425], "texture": "#6"},
				"south": {"uv": [0, 0, 2.2, 1.425], "texture": "#6"},
				"west": {"uv": [0, 0, 0.675, 1.425], "texture": "#6"},
				"up": {"uv": [0, 0, 2.2, 0.675], "texture": "#6"}
			}
		},
		{
			"from": [6.4, 11.25143, 1.03415],
			"to": [8.6, 11.70143, 1.95915],
			"rotation": {"angle": 22.5, "axis": "x", "origin": [7.5, 11.62643, 4.73415]},
			"faces": {
				"east": {"uv": [0, 0, 0.925, 0.45], "texture": "#6"},
				"south": {"uv": [0, 0, 2.2, 0.45], "texture": "#6"},
				"west": {"uv": [0, 0, 0.925, 0.45], "texture": "#6"},
				"up": {"uv": [0, 0, 2.2, 0.925], "texture": "#6"},
				"down": {"uv": [0, 0, 2.2, 0.925], "texture": "#6"}
			}
		},
		{
			"from": [6.4, 10.94246, 0.65212],
			"to": [8.6, 11.39246, 1.67712],
			"rotation": {"angle": -22.5, "axis": "x", "origin": [7.5, 12.61746, 1.32712]},
			"faces": {
				"east": {"uv": [0, 0.45, 1.025, 0.9], "texture": "#6"},
				"south": {"uv": [0, 0.45, 2.2, 0.9], "texture": "#6"},
				"west": {"uv": [0, 0.45, 1.025, 0.9], "texture": "#6"},
				"up": {"uv": [0, 1.35, 2.2, 2.375], "texture": "#6"},
				"down": {"uv": [0, 1.35, 2.2, 2.375], "texture": "#6"}
			}
		},
		{
			"from": [6.65, 9.51165, -6.6555],
			"to": [8.35, 10.51165, -5.8055],
			"rotation": {"angle": 0, "axis": "y", "origin": [7.5, 5.94915, 3.982]},
			"faces": {
				"north": {"uv": [0, 0, 1.7, 1], "texture": "#6"},
				"east": {"uv": [0, 0, 0.85, 1], "texture": "#6"},
				"south": {"uv": [0, 0, 1.7, 1], "texture": "#6"},
				"west": {"uv": [0, 0, 0.85, 1], "texture": "#6"},
				"up": {"uv": [0, 0, 1.7, 0.85], "texture": "#6"},
				"down": {"uv": [0, 0, 1.7, 0.85], "texture": "#6"}
			}
		},
		{
			"from": [6.65, 9.58839, 5.31161],
			"to": [8.35, 10.58839, 5.56161],
			"rotation": {"angle": 45, "axis": "x", "origin": [8.475, 9.58839, 5.43661]},
			"faces": {
				"north": {"uv": [1, 0, 2.7, 1], "rotation": 180, "texture": "#6"},
				"east": {"uv": [0.25, 0, 0.5, 1], "rotation": 180, "texture": "#6"},
				"south": {"uv": [1, 0, 2.7, 1], "rotation": 180, "texture": "#6"},
				"west": {"uv": [0.25, 0, 0.5, 1], "rotation": 180, "texture": "#6"}
			}
		},
		{
			"from": [7.84202, 12.025, 8.12137],
			"to": [8.11702, 13, 8.97137],
			"rotation": {"angle": -22.5, "axis": "y", "origin": [7.97952, 12.625, 4.78387]},
			"faces": {
				"east": {"uv": [0.5, 0, 1.35, 0.975], "texture": "#6"},
				"west": {"uv": [0.5, 0, 1.35, 0.975], "texture": "#6"},
				"up": {"uv": [0.15, 0, 0.425, 0.85], "texture": "#6"},
				"down": {"uv": [0.15, 0, 0.425, 0.85], "texture": "#6"}
			}
		},
		{
			"from": [6.65, 9.75052, 18.01737],
			"to": [8.35, 11.02552, 18.74237],
			"rotation": {"angle": 45, "axis": "x", "origin": [7.5, 10.52552, 17.81737]},
			"faces": {
				"east": {"uv": [0.5, 0, 1.225, 1.275], "rotation": 180, "texture": "#6"},
				"south": {"uv": [2, 0, 3.7, 1.275], "rotation": 180, "texture": "#6"},
				"west": {"uv": [0.5, 0, 1.225, 1.275], "rotation": 180, "texture": "#6"},
				"down": {"uv": [2, 0, 3.7, 0.725], "texture": "#6"}
			}
		},
		{
			"from": [6.65, 9.66805, 15.38039],
			"to": [8.35, 10.39305, 17.80539],
			"rotation": {"angle": 0, "axis": "y", "origin": [7.5, 10.03055, 18.11789]},
			"faces": {
				"east": {"uv": [0.5, 0, 1.225, 2.425], "rotation": 90, "texture": "#6"},
				"west": {"uv": [0.5, 0, 1.225, 2.425], "rotation": 270, "texture": "#6"},
				"down": {"uv": [2, 0, 3.7, 2.425], "rotation": 180, "texture": "#6"}
			}
		},
		{
			"from": [6.65, 1.14305, 13.03039],
			"to": [8.35, 10.39305, 14.55539],
			"rotation": {"angle": -22.5, "axis": "x", "origin": [7.5, 7.26805, 13.49289]},
			"faces": {
				"north": {"uv": [2, 0, 3.7, 9.25], "rotation": 180, "texture": "#6"},
				"east": {"uv": [0.5, 0, 9.75, 1.525], "rotation": 90, "texture": "#6"},
				"west": {"uv": [0.5, 0, 9.75, 1.525], "rotation": 270, "texture": "#6"},
				"up": {"uv": [2, 0, 3.7, 1.525], "texture": "#6"},
				"down": {"uv": [2, 0, 3.7, 1.525], "rotation": 180, "texture": "#6"}
			}
		},
		{
			"from": [6.65, 1.14305, 14.55539],
			"to": [8.35, 6.39305, 16.08039],
			"rotation": {"angle": -22.5, "axis": "x", "origin": [7.5, 7.26805, 13.49289]},
			"faces": {
				"east": {"uv": [0.5, 0, 5.75, 1.525], "rotation": 90, "texture": "#6"},
				"west": {"uv": [0.5, 0, 5.75, 1.525], "rotation": 270, "texture": "#6"},
				"down": {"uv": [2, 0, 3.7, 1.525], "rotation": 180, "texture": "#6"}
			}
		},
		{
			"from": [6.65, 5.14305, 14.55539],
			"to": [8.35, 10.09305, 16.08039],
			"rotation": {"angle": -22.5, "axis": "x", "origin": [7.5, 7.26805, 13.49289]},
			"faces": {
				"east": {"uv": [0.5, 0, 5.45, 1.525], "rotation": 90, "texture": "#6"},
				"west": {"uv": [0.5, 0, 5.45, 1.525], "rotation": 270, "texture": "#6"}
			}
		},
		{
			"from": [6.65, 1.14305, 16.08039],
			"to": [8.35, 3.99305, 17.60539],
			"rotation": {"angle": -22.5, "axis": "x", "origin": [7.5, 7.26805, 13.49289]},
			"faces": {
				"east": {"uv": [0.5, 0, 3.35, 1.525], "rotation": 90, "texture": "#6"},
				"south": {"uv": [2, 0, 3.7, 2.85], "texture": "#6"},
				"west": {"uv": [0.5, 0, 3.35, 1.525], "rotation": 270, "texture": "#6"},
				"down": {"uv": [2, 0, 3.7, 1.525], "rotation": 180, "texture": "#6"}
			}
		},
		{
			"from": [6.65, 4.85958, 16.23634],
			"to": [8.35, 7.70958, 17.76134],
			"rotation": {"angle": -45, "axis": "x", "origin": [7.5, 6.28458, 16.99884]},
			"faces": {
				"east": {"uv": [0.5, 0, 3.35, 1.525], "rotation": 90, "texture": "#6"},
				"south": {"uv": [2, 0, 3.7, 2.85], "texture": "#6"},
				"west": {"uv": [0.5, 0, 3.35, 1.525], "rotation": 270, "texture": "#6"}
			}
		},
		{
			"from": [6.65, 7.24529, 15.69221],
			"to": [8.35, 10.37029, 16.34221],
			"rotation": {"angle": -22.5, "axis": "x", "origin": [7.5, 8.22029, 15.71721]},
			"faces": {
				"east": {"uv": [0.5, 0, 3.625, 0.65], "rotation": 90, "texture": "#6"},
				"south": {"uv": [2, 0, 3.7, 3.125], "texture": "#6"},
				"west": {"uv": [0.5, 0, 3.625, 0.65], "rotation": 270, "texture": "#6"}
			}
		},
		{
			"from": [6.65, 9.9, 5.4],
			"to": [8.35, 10.25, 5.925],
			"faces": {
				"east": {"uv": [0, 0, 0.525, 0.35], "texture": "#6"},
				"west": {"uv": [0, 0, 0.525, 0.35], "texture": "#6"},
				"down": {"uv": [0, 0, 1.7, 0.525], "texture": "#6"}
			}
		},
		{
			"from": [7, 11.05, -15],
			"to": [8, 12.575, 3.35],
			"faces": {
				"north": {"uv": [0, 0, 1, 1.525], "texture": "#6"},
				"east": {"uv": [0, 0, 16, 1.525], "texture": "#6"},
				"west": {"uv": [0, 0, 16, 1.525], "texture": "#6"},
				"up": {"uv": [0, 0, 1, 16], "texture": "#6"},
				"down": {"uv": [0, 0, 1, 16], "texture": "#6"}
			}
		},
		{
			"from": [6.25, 12, 8.6],
			"to": [6.525, 13, 16.975],
			"rotation": {"angle": 0, "axis": "y", "origin": [15.05, 0, 0]},
			"faces": {
				"north": {"uv": [0.15, 0, 0.425, 1], "texture": "#6"},
				"east": {"uv": [0.5, 0, 8.875, 1], "texture": "#6"},
				"south": {"uv": [0.15, 0, 0.425, 1], "texture": "#6"},
				"west": {"uv": [0.5, 0, 8.875, 1], "texture": "#6"}
			}
		},
		{
			"from": [6.2, 13, 8.6],
			"to": [6.525, 13.025, 16.975],
			"rotation": {"angle": 0, "axis": "y", "origin": [15.05, 0, 0]},
			"faces": {
				"north": {"uv": [0.15, 0, 0.475, 0.025], "texture": "#0"},
				"south": {"uv": [0.15, 0, 0.475, 0.025], "texture": "#0"},
				"west": {"uv": [0.5, 0, 8.875, 0.025], "texture": "#0"},
				"up": {"uv": [0.15, 0, 0.475, 8.375], "texture": "#0"},
				"down": {"uv": [0.15, 0, 0.475, 8.375], "texture": "#0"}
			}
		},
		{
			"from": [6.2, 12, 8.6],
			"to": [6.25, 13, 15.375],
			"rotation": {"angle": 0, "axis": "y", "origin": [15.05, 0, 0]},
			"faces": {
				"south": {"uv": [0.15, 0, 0.2, 1], "texture": "#0"},
				"west": {"uv": [0.5, 0, 7.275, 1], "texture": "#0"}
			}
		},
		{
			"from": [6.2, 12.5, 15.375],
			"to": [6.25, 13, 16.15],
			"rotation": {"angle": 0, "axis": "y", "origin": [15.05, 0, 0]},
			"faces": {
				"south": {"uv": [0.15, 0, 0.2, 0.5], "texture": "#0"},
				"west": {"uv": [0.5, 0, 1, 0.5], "texture": "#0"},
				"down": {"uv": [0.15, 0, 0.2, 0.5], "texture": "#0"}
			}
		},
		{
			"from": [6.2, 11.975, 8.6],
			"to": [6.525, 12, 16.975],
			"rotation": {"angle": 0, "axis": "y", "origin": [15.05, 16, 0]},
			"faces": {
				"north": {"uv": [0.15, 0.025, 0.475, 0.05], "texture": "#0"},
				"east": {"uv": [0.5, 0.025, 8.875, 0.05], "texture": "#0"},
				"south": {"uv": [0.15, 0.025, 0.475, 0.05], "texture": "#0"},
				"west": {"uv": [0.5, 0.025, 8.875, 0.05], "texture": "#0"},
				"up": {"uv": [0.15, 7.625, 0.475, 16], "texture": "#0"},
				"down": {"uv": [0.15, 7.625, 0.475, 16], "texture": "#0"}
			}
		},
		{
			"from": [6.80561, 12, 7.93041],
			"to": [6.85561, 13, 8.73041],
			"rotation": {"angle": -22.5, "axis": "y", "origin": [6.83061, 12.5, 7.14291]},
			"faces": {
				"north": {"uv": [0.15, 0, 0.2, 1], "texture": "#0"},
				"east": {"uv": [0.5, 0, 1.3, 1], "texture": "#0"},
				"west": {"uv": [0.5, 0, 1.3, 1], "texture": "#0"},
				"up": {"uv": [0.15, 0, 0.2, 0.8], "texture": "#0"},
				"down": {"uv": [0.15, 0, 0.2, 0.8], "texture": "#0"}
			}
		},
		{
			"from": [6.55, 11.25, 3.325],
			"to": [6.7, 13, 18.825],
			"rotation": {"angle": 0, "axis": "y", "origin": [15.05, 0, 0]},
			"faces": {
				"north": {"uv": [0.15, 0, 0.3, 1.75], "texture": "#6"},
				"south": {"uv": [0.15, 0, 0.3, 1.75], "texture": "#6"},
				"west": {"uv": [0.5, 0, 16, 1.75], "texture": "#6"},
				"up": {"uv": [0.15, 0, 0.3, 15.5], "texture": "#6"},
				"down": {"uv": [0.15, 0, 0.3, 15.5], "texture": "#6"}
			}
		},
		{
			"from": [6.9, 13.55, 17.15],
			"to": [8.15, 13.7, 17.4],
			"rotation": {"angle": 0, "axis": "y", "origin": [6.625, 14.125, 11.075]},
			"faces": {
				"north": {"uv": [4.15, 2, 15, 10], "rotation": 270, "texture": "#0"},
				"east": {"uv": [4.15, 2, 15, 10], "rotation": 90, "texture": "#0"},
				"south": {"uv": [4.15, 2, 15, 10], "rotation": 90, "texture": "#0"},
				"west": {"uv": [4.15, 2, 15, 10], "rotation": 90, "texture": "#0"},
				"up": {"uv": [4.5, 2, 15, 10], "rotation": 90, "texture": "#0"}
			}
		},
		{
			"from": [6.9, 13.55, 16.625],
			"to": [8.15, 13.7, 16.875],
			"rotation": {"angle": 0, "axis": "y", "origin": [6.625, 14.125, 11.075]},
			"faces": {
				"north": {"uv": [4.15, 2, 15, 10], "rotation": 270, "texture": "#0"},
				"east": {"uv": [4.15, 2, 15, 10], "rotation": 90, "texture": "#0"},
				"south": {"uv": [4.15, 2, 15, 10], "rotation": 90, "texture": "#0"},
				"west": {"uv": [4.15, 2, 15, 10], "rotation": 90, "texture": "#0"},
				"up": {"uv": [4.5, 2, 15, 10], "rotation": 90, "texture": "#0"}
			}
		},
		{
			"from": [6.9, 13.55, 14.9],
			"to": [8.15, 13.8, 16.2],
			"rotation": {"angle": 0, "axis": "y", "origin": [6.625, 14.125, 11.075]},
			"faces": {
				"north": {"uv": [4.15, 2, 15, 10], "rotation": 270, "texture": "#0"},
				"east": {"uv": [4.15, 2, 15, 10], "rotation": 90, "texture": "#0"},
				"south": {"uv": [4.15, 2, 15, 10], "rotation": 90, "texture": "#0"},
				"west": {"uv": [4.15, 2, 15, 10], "rotation": 90, "texture": "#0"},
				"up": {"uv": [4.5, 2, 15, 10], "rotation": 90, "texture": "#0"}
			}
		},
		{
			"from": [6.9, 14.17123, 15.87699],
			"to": [8.15, 14.29623, 16.30199],
			"rotation": {"angle": 45, "axis": "x", "origin": [7.525, 14.17123, 15.65199]},
			"faces": {
				"north": {"uv": [4.15, 2, 15, 10], "rotation": 270, "texture": "#0"},
				"east": {"uv": [4.15, 2, 15, 10], "rotation": 90, "texture": "#0"},
				"west": {"uv": [4.15, 2, 15, 10], "rotation": 90, "texture": "#0"},
				"up": {"uv": [4.5, 2, 15, 10], "rotation": 90, "texture": "#0"},
				"down": {"uv": [4.5, 2, 15, 10], "rotation": 90, "texture": "#0"}
			}
		},
		{
			"from": [6.9, 14, 15.2],
			"to": [8.15, 14.1, 15.9],
			"rotation": {"angle": 0, "axis": "y", "origin": [6.625, 14.125, 11.075]},
			"faces": {
				"east": {"uv": [4.15, 2, 15, 10], "rotation": 90, "texture": "#0"},
				"west": {"uv": [4.15, 2, 15, 10], "rotation": 90, "texture": "#0"},
				"up": {"uv": [4.5, 2, 15, 10], "rotation": 90, "texture": "#0"},
				"down": {"uv": [4.5, 2, 15, 10], "rotation": 90, "texture": "#0"}
			}
		},
		{
			"from": [6.9, 14.55251, 15.4685],
			"to": [8.15, 14.67751, 15.8935],
			"rotation": {"angle": -45, "axis": "x", "origin": [7.525, 13.55251, 16.2435]},
			"faces": {
				"east": {"uv": [4.15, 2, 15, 10], "rotation": 90, "texture": "#0"},
				"south": {"uv": [4.15, 2, 15, 10], "rotation": 90, "texture": "#0"},
				"west": {"uv": [4.15, 2, 15, 10], "rotation": 90, "texture": "#0"},
				"up": {"uv": [4.5, 2, 15, 10], "rotation": 90, "texture": "#0"},
				"down": {"uv": [4.5, 2, 15, 10], "rotation": 90, "texture": "#0"}
			}
		},
		{
			"from": [6.9, 13.55, 14.35],
			"to": [8.15, 13.7, 14.6],
			"rotation": {"angle": 0, "axis": "y", "origin": [6.625, 14.125, 11.075]},
			"faces": {
				"north": {"uv": [4.15, 2, 15, 10], "rotation": 270, "texture": "#0"},
				"east": {"uv": [4.15, 2, 15, 10], "rotation": 90, "texture": "#0"},
				"south": {"uv": [4.15, 2, 15, 10], "rotation": 90, "texture": "#0"},
				"west": {"uv": [4.15, 2, 15, 10], "rotation": 90, "texture": "#0"},
				"up": {"uv": [4.5, 2, 15, 10], "rotation": 90, "texture": "#0"}
			}
		},
		{
			"from": [6.9, 13.55, 13.825],
			"to": [8.15, 13.7, 14.075],
			"rotation": {"angle": 0, "axis": "y", "origin": [6.625, 14.125, 11.075]},
			"faces": {
				"north": {"uv": [4.15, 2, 15, 10], "rotation": 270, "texture": "#0"},
				"east": {"uv": [4.15, 2, 15, 10], "rotation": 90, "texture": "#0"},
				"south": {"uv": [4.15, 2, 15, 10], "rotation": 90, "texture": "#0"},
				"west": {"uv": [4.15, 2, 15, 10], "rotation": 90, "texture": "#0"},
				"up": {"uv": [4.5, 2, 15, 10], "rotation": 90, "texture": "#0"}
			}
		},
		{
			"from": [6.9, 13.55, 13.25],
			"to": [8.15, 13.7, 13.5],
			"rotation": {"angle": 0, "axis": "y", "origin": [6.625, 14.125, 11.075]},
			"faces": {
				"north": {"uv": [4.15, 2, 15, 10], "rotation": 270, "texture": "#0"},
				"east": {"uv": [4.15, 2, 15, 10], "rotation": 90, "texture": "#0"},
				"south": {"uv": [4.15, 2, 15, 10], "rotation": 90, "texture": "#0"},
				"west": {"uv": [4.15, 2, 15, 10], "rotation": 90, "texture": "#0"},
				"up": {"uv": [4.5, 2, 15, 10], "rotation": 90, "texture": "#0"}
			}
		},
		{
			"from": [6.9, 13.55, 12.725],
			"to": [8.15, 13.7, 12.975],
			"rotation": {"angle": 0, "axis": "y", "origin": [6.625, 14.125, 11.075]},
			"faces": {
				"north": {"uv": [4.15, 2, 15, 10], "rotation": 270, "texture": "#0"},
				"east": {"uv": [4.15, 2, 15, 10], "rotation": 90, "texture": "#0"},
				"south": {"uv": [4.15, 2, 15, 10], "rotation": 90, "texture": "#0"},
				"west": {"uv": [4.15, 2, 15, 10], "rotation": 90, "texture": "#0"},
				"up": {"uv": [4.5, 2, 15, 10], "rotation": 90, "texture": "#0"}
			}
		},
		{
			"from": [6.9, 13.55, 12.15],
			"to": [8.15, 13.7, 12.4],
			"rotation": {"angle": 0, "axis": "y", "origin": [6.625, 14.125, 11.075]},
			"faces": {
				"north": {"uv": [4.15, 2, 15, 10], "rotation": 270, "texture": "#0"},
				"east": {"uv": [4.15, 2, 15, 10], "rotation": 90, "texture": "#0"},
				"south": {"uv": [4.15, 2, 15, 10], "rotation": 90, "texture": "#0"},
				"west": {"uv": [4.15, 2, 15, 10], "rotation": 90, "texture": "#0"},
				"up": {"uv": [4.5, 2, 15, 10], "rotation": 90, "texture": "#0"}
			}
		},
		{
			"from": [6.9, 13.55, 11.625],
			"to": [8.15, 13.7, 11.875],
			"rotation": {"angle": 0, "axis": "y", "origin": [6.625, 14.125, 11.075]},
			"faces": {
				"north": {"uv": [4.15, 2, 15, 10], "rotation": 270, "texture": "#0"},
				"east": {"uv": [4.15, 2, 15, 10], "rotation": 90, "texture": "#0"},
				"south": {"uv": [4.15, 2, 15, 10], "rotation": 90, "texture": "#0"},
				"west": {"uv": [4.15, 2, 15, 10], "rotation": 90, "texture": "#0"},
				"up": {"uv": [4.5, 2, 15, 10], "rotation": 90, "texture": "#0"}
			}
		},
		{
			"from": [6.9, 13.55, 11.05],
			"to": [8.15, 13.7, 11.3],
			"rotation": {"angle": 0, "axis": "y", "origin": [6.625, 14.125, 11.075]},
			"faces": {
				"north": {"uv": [4.15, 2, 15, 10], "rotation": 270, "texture": "#0"},
				"east": {"uv": [4.15, 2, 15, 10], "rotation": 90, "texture": "#0"},
				"south": {"uv": [4.15, 2, 15, 10], "rotation": 90, "texture": "#0"},
				"west": {"uv": [4.15, 2, 15, 10], "rotation": 90, "texture": "#0"},
				"up": {"uv": [4.5, 2, 15, 10], "rotation": 90, "texture": "#0"}
			}
		},
		{
			"from": [6.9, 13.55, 10.525],
			"to": [8.15, 13.7, 10.775],
			"rotation": {"angle": 0, "axis": "y", "origin": [6.625, 14.125, 11.075]},
			"faces": {
				"north": {"uv": [4.15, 2, 15, 10], "rotation": 270, "texture": "#0"},
				"east": {"uv": [4.15, 2, 15, 10], "rotation": 90, "texture": "#0"},
				"south": {"uv": [4.15, 2, 15, 10], "rotation": 90, "texture": "#0"},
				"west": {"uv": [4.15, 2, 15, 10], "rotation": 90, "texture": "#0"},
				"up": {"uv": [4.5, 2, 15, 10], "rotation": 90, "texture": "#0"}
			}
		},
		{
			"from": [6.9, 13.55, 9.95],
			"to": [8.15, 13.7, 10.2],
			"rotation": {"angle": 0, "axis": "y", "origin": [6.625, 14.125, 11.075]},
			"faces": {
				"north": {"uv": [4.15, 2, 15, 10], "rotation": 270, "texture": "#0"},
				"east": {"uv": [4.15, 2, 15, 10], "rotation": 90, "texture": "#0"},
				"south": {"uv": [4.15, 2, 15, 10], "rotation": 90, "texture": "#0"},
				"west": {"uv": [4.15, 2, 15, 10], "rotation": 90, "texture": "#0"},
				"up": {"uv": [4.5, 2, 15, 10], "rotation": 90, "texture": "#0"}
			}
		},
		{
			"from": [6.9, 13.55, 9.425],
			"to": [8.15, 13.7, 9.675],
			"rotation": {"angle": 0, "axis": "y", "origin": [6.625, 14.125, 11.075]},
			"faces": {
				"north": {"uv": [4.15, 2, 15, 10], "rotation": 270, "texture": "#0"},
				"east": {"uv": [4.15, 2, 15, 10], "rotation": 90, "texture": "#0"},
				"south": {"uv": [4.15, 2, 15, 10], "rotation": 90, "texture": "#0"},
				"west": {"uv": [4.15, 2, 15, 10], "rotation": 90, "texture": "#0"},
				"up": {"uv": [4.5, 2, 15, 10], "rotation": 90, "texture": "#0"}
			}
		},
		{
			"from": [6.9, 13.55, 8.85],
			"to": [8.15, 13.7, 9.1],
			"rotation": {"angle": 0, "axis": "y", "origin": [6.625, 14.125, 11.075]},
			"faces": {
				"north": {"uv": [4.15, 2, 15, 10], "rotation": 270, "texture": "#0"},
				"east": {"uv": [4.15, 2, 15, 10], "rotation": 90, "texture": "#0"},
				"south": {"uv": [4.15, 2, 15, 10], "rotation": 90, "texture": "#0"},
				"west": {"uv": [4.15, 2, 15, 10], "rotation": 90, "texture": "#0"},
				"up": {"uv": [4.5, 2, 15, 10], "rotation": 90, "texture": "#0"}
			}
		},
		{
			"from": [8, 12.65, 8.75],
			"to": [9.25, 13, 9.1],
			"rotation": {"angle": 0, "axis": "y", "origin": [6.625, 14.125, 11.075]},
			"faces": {
				"north": {"uv": [0.15, 0, 0.5, 1.25], "rotation": 270, "texture": "#5"},
				"east": {"uv": [0.15, 0, 0.5, 0.35], "rotation": 90, "texture": "#5"},
				"south": {"uv": [0.15, 0, 0.5, 1.25], "rotation": 90, "texture": "#5"},
				"up": {"uv": [0.5, 0, 0.85, 1.25], "rotation": 90, "texture": "#5"},
				"down": {"uv": [0.5, 0, 0.85, 1.25], "rotation": 90, "texture": "#5"}
			}
		},
		{
			"from": [6.65, 13.55, 4.1],
			"to": [8.4, 14.1, 8.5],
			"rotation": {"angle": 0, "axis": "y", "origin": [6.625, 14.125, 11.075]},
			"faces": {
				"east": {"uv": [0.15, 0, 0.7, 4.4], "rotation": 90, "texture": "#6"},
				"south": {"uv": [0.15, 0, 0.7, 1.75], "rotation": 90, "texture": "#6"},
				"west": {"uv": [0.15, 0, 0.7, 4.4], "rotation": 90, "texture": "#6"},
				"up": {"uv": [0.5, 0, 4.9, 1.75], "rotation": 90, "texture": "#6"}
			}
		},
		{
			"from": [6.65, 14.05, 5.2],
			"to": [8.4, 14.6, 7.825],
			"rotation": {"angle": 0, "axis": "y", "origin": [6.625, 14.125, 11.075]},
			"faces": {
				"east": {"uv": [0.15, 0, 0.7, 2.625], "rotation": 90, "texture": "#6"},
				"west": {"uv": [0.15, 0, 0.7, 2.625], "rotation": 90, "texture": "#6"},
				"up": {"uv": [0.5, 0, 3.125, 1.75], "rotation": 90, "texture": "#6"}
			}
		},
		{
			"from": [6.65, 14.05832, 7.64205],
			"to": [8.4, 14.45832, 8.44205],
			"rotation": {"angle": 45, "axis": "x", "origin": [7.525, 14.30832, 7.90455]},
			"faces": {
				"east": {"uv": [0.15, 0, 0.55, 0.8], "rotation": 90, "texture": "#6"},
				"west": {"uv": [0.15, 0, 0.55, 0.8], "rotation": 90, "texture": "#6"},
				"up": {"uv": [0.5, 0, 1.3, 1.75], "rotation": 90, "texture": "#6"}
			}
		},
		{
			"from": [6.55, 9.925, 3.325],
			"to": [6.7, 11.25, 8.6],
			"rotation": {"angle": 0, "axis": "y", "origin": [15.05, 0.025, 0]},
			"faces": {
				"north": {"uv": [0.15, 0, 0.3, 1.325], "texture": "#6"},
				"south": {"uv": [0.15, 0, 0.3, 1.325], "texture": "#6"},
				"west": {"uv": [5.275, 0, 10.55, 1.325], "texture": "#6"},
				"down": {"uv": [0.15, 0, 0.3, 5.275], "texture": "#6"}
			}
		},
		{
			"from": [6.55, 10.60065, 8.35123],
			"to": [6.7, 11.00065, 10.02623],
			"rotation": {"angle": -22.5, "axis": "x", "origin": [6.625, 10.51315, 8.28873]},
			"faces": {
				"east": {"uv": [1.675, 0, 3.35, 0.4], "texture": "#6"},
				"west": {"uv": [1.675, 0, 3.35, 0.4], "texture": "#6"},
				"up": {"uv": [0.15, 0, 0.3, 1.675], "texture": "#6"}
			}
		},
		{
			"from": [6.55, 10.25065, 8.35123],
			"to": [6.7, 10.65065, 10.92623],
			"rotation": {"angle": -22.5, "axis": "x", "origin": [6.625, 10.51315, 8.28873]},
			"faces": {
				"east": {"uv": [2.575, 0, 5.15, 0.4], "texture": "#6"},
				"west": {"uv": [2.575, 0, 5.15, 0.4], "texture": "#6"}
			}
		},
		{
			"from": [6.55, 9.85065, 8.35123],
			"to": [6.7, 10.25065, 10.92623],
			"rotation": {"angle": -22.5, "axis": "x", "origin": [6.625, 10.51315, 8.28873]},
			"faces": {
				"east": {"uv": [2.575, 0, 5.15, 0.4], "texture": "#6"},
				"south": {"uv": [0.15, 0, 0.3, 0.4], "texture": "#6"},
				"west": {"uv": [2.575, 0, 5.15, 0.4], "texture": "#6"},
				"down": {"uv": [0.15, 0, 0.3, 2.575], "texture": "#6"}
			}
		},
		{
			"from": [8.35, 11.25, 3.325],
			"to": [8.5, 12.6, 18.825],
			"faces": {
				"north": {"uv": [0, 0, 0.15, 1.35], "texture": "#6"},
				"east": {"uv": [0, 0, 15.5, 1.35], "texture": "#6"},
				"south": {"uv": [0, 0, 0.15, 1.35], "texture": "#6"},
				"up": {"uv": [0, 0, 0.15, 15.5], "texture": "#6"},
				"down": {"uv": [0, 0, 0.15, 15.5], "texture": "#6"}
			}
		},
		{
			"from": [8.35, 13, 3.325],
			"to": [8.5, 13.55, 17.55],
			"rotation": {"angle": 0, "axis": "y", "origin": [-0.975, 0.425, 0]},
			"faces": {
				"north": {"uv": [0, 0, 0.15, 0.55], "texture": "#6"},
				"east": {"uv": [0, 0, 14.225, 0.55], "texture": "#6"},
				"south": {"uv": [0, 0, 0.15, 0.55], "texture": "#6"},
				"up": {"uv": [0, 0, 0.15, 14.225], "texture": "#6"},
				"down": {"uv": [0, 0, 0.15, 14.225], "texture": "#6"}
			}
		},
		{
			"from": [8.35, 12.575, 3.325],
			"to": [8.5, 13, 8.75],
			"rotation": {"angle": 0, "axis": "y", "origin": [-0.975, 0.425, 0]},
			"faces": {
				"north": {"uv": [0, 0, 0.15, 0.425], "texture": "#6"},
				"east": {"uv": [1, 5, 6.425, 5.425], "texture": "#6"},
				"south": {"uv": [0, 0, 0.15, 0.425], "texture": "#6"}
			}
		},
		{
			"from": [8.35, 12.575, 8.95],
			"to": [8.425, 13, 12.125],
			"rotation": {"angle": 0, "axis": "y", "origin": [-0.975, 0.425, 0]},
			"faces": {
				"north": {"uv": [0, 0, 0.15, 0.425], "texture": "#6"},
				"east": {"uv": [9, 9, 14.425, 9.425], "texture": "#4"}
			}
		},
		{
			"from": [8.35, 12.575, 12.125],
			"to": [8.5, 13, 17.55],
			"rotation": {"angle": 0, "axis": "y", "origin": [-0.975, 0.425, 0]},
			"faces": {
				"north": {"uv": [0, 0, 0.15, 0.425], "texture": "#6"},
				"east": {"uv": [0, 0, 5.425, 0.425], "texture": "#6"},
				"south": {"uv": [0, 0, 0.15, 0.425], "texture": "#6"}
			}
		},
		{
			"from": [8.35, 12.775, 10.325],
			"to": [8.5, 13, 12.125],
			"rotation": {"angle": 0, "axis": "y", "origin": [-0.975, 0.425, 0]},
			"faces": {
				"north": {"uv": [0, 0, 0.15, 0.225], "texture": "#6"},
				"east": {"uv": [0, 0, 1.8, 0.225], "texture": "#6"},
				"down": {"uv": [0, 0, 0.15, 1.8], "texture": "#6"}
			}
		},
		{
			"from": [6.5, 13, 3.325],
			"to": [6.65, 13.55, 17.55],
			"rotation": {"angle": 0, "axis": "y", "origin": [16.975, 0.425, 0]},
			"faces": {
				"north": {"uv": [0.15, 0, 0.3, 0.55], "texture": "#6"},
				"south": {"uv": [0.15, 0, 0.3, 0.55], "texture": "#6"},
				"west": {"uv": [1.775, 0, 16, 0.55], "texture": "#6"},
				"up": {"uv": [0.15, 0, 0.3, 14.225], "texture": "#6"},
				"down": {"uv": [0.15, 0, 0.3, 14.225], "texture": "#6"}
			}
		},
		{
			"from": [6.475, 9.9125, 5.1625],
			"to": [6.625, 13.6125, 5.7125],
			"rotation": {"angle": 0, "axis": "x", "origin": [4.575, 13.275, 10.4375]},
			"faces": {
				"north": {"uv": [0.15, 0, 0.3, 14.225], "rotation": 180, "texture": "#6"},
				"east": {"uv": [1.775, 0, 16, 0.55], "rotation": 90, "texture": "#6"},
				"south": {"uv": [0.15, 0, 0.3, 14.225], "texture": "#6"},
				"west": {"uv": [1.775, 0, 16, 0.55], "rotation": 270, "texture": "#7"},
				"up": {"uv": [0.15, 0, 0.3, 0.55], "texture": "#7"},
				"down": {"uv": [0.15, 0, 0.3, 0.55], "rotation": 180, "texture": "#7"}
			}
		},
		{
			"from": [8.45, 9.8875, 6.4625],
			"to": [8.6, 13.5875, 7.0125],
			"rotation": {"angle": 0, "axis": "y", "origin": [11.425, 13.275, 10.4375]},
			"faces": {
				"north": {"uv": [0.3, 0, 0.15, 14.225], "rotation": 180, "texture": "#6"},
				"east": {"uv": [1.775, 0.55, 16, 0], "rotation": 270, "texture": "#7"},
				"south": {"uv": [0.3, 0, 0.15, 14.225], "texture": "#6"},
				"west": {"uv": [1.775, 0.55, 16, 0], "rotation": 90, "texture": "#6"},
				"up": {"uv": [0.3, 0, 0.15, 0.55], "texture": "#7"},
				"down": {"uv": [0.3, 0, 0.15, 0.55], "rotation": 180, "texture": "#7"}
			}
		},
		{
			"from": [8.45, 9.9125, 5.1625],
			"to": [8.6, 13.6125, 5.7125],
			"rotation": {"angle": 0, "axis": "y", "origin": [11.425, 13.275, 10.4375]},
			"faces": {
				"north": {"uv": [0.3, 0, 0.15, 14.225], "rotation": 180, "texture": "#6"},
				"east": {"uv": [1.775, 0.55, 16, 0], "rotation": 270, "texture": "#7"},
				"south": {"uv": [0.3, 0, 0.15, 14.225], "texture": "#6"},
				"west": {"uv": [1.775, 0.55, 16, 0], "rotation": 90, "texture": "#6"},
				"up": {"uv": [0.3, 0, 0.15, 0.55], "texture": "#7"},
				"down": {"uv": [0.3, 0, 0.15, 0.55], "rotation": 180, "texture": "#7"}
			}
		},
		{
			"from": [6.475, 9.8875, 6.4625],
			"to": [6.625, 13.5875, 7.0125],
			"rotation": {"angle": 0, "axis": "y", "origin": [4.575, 13.275, 10.4375]},
			"faces": {
				"north": {"uv": [0.15, 0, 0.3, 14.225], "rotation": 180, "texture": "#6"},
				"east": {"uv": [1.775, 0, 16, 0.55], "rotation": 90, "texture": "#6"},
				"south": {"uv": [0.15, 0, 0.3, 14.225], "texture": "#6"},
				"west": {"uv": [1.775, 0, 16, 0.55], "rotation": 270, "texture": "#7"},
				"up": {"uv": [0.15, 0, 0.3, 0.55], "texture": "#7"},
				"down": {"uv": [0.15, 0, 0.3, 0.55], "rotation": 180, "texture": "#7"}
			}
		},
		{
			"from": [8.35, 9.925, 3.325],
			"to": [8.5, 11.25, 8.6],
			"rotation": {"angle": 0, "axis": "y", "origin": [0, 0.025, 0]},
			"faces": {
				"north": {"uv": [0, 0, 0.15, 1.325], "texture": "#6"},
				"east": {"uv": [0, 0, 5.275, 1.325], "texture": "#6"},
				"south": {"uv": [0, 0, 0.15, 1.325], "texture": "#6"},
				"down": {"uv": [0, 0, 0.15, 5.275], "texture": "#6"}
			}
		},
		{
			"from": [6.5, 9.19984, -5.78452],
			"to": [6.65, 10.02484, -5.60952],
			"rotation": {"angle": 0, "axis": "y", "origin": [7.575, 7.53734, -2.20952]},
			"faces": {
				"north": {"uv": [0.15, 0, 0.3, 0.825], "texture": "#6"},
				"east": {"uv": [0.175, 0, 0.35, 0.825], "texture": "#6"},
				"south": {"uv": [0.15, 0, 0.3, 0.825], "texture": "#6"},
				"west": {"uv": [0.175, 0, 0.35, 0.825], "texture": "#6"},
				"down": {"uv": [0.15, 0, 0.3, 0.175], "texture": "#6"}
			}
		},
		{
			"from": [6.5, 9.19984, -5.38452],
			"to": [6.65, 10.02484, -5.20952],
			"rotation": {"angle": 0, "axis": "y", "origin": [7.575, 7.53734, -2.20952]},
			"faces": {
				"north": {"uv": [0.15, 0, 0.3, 0.825], "texture": "#6"},
				"south": {"uv": [0.15, 0, 0.3, 0.825], "texture": "#6"},
				"west": {"uv": [0.175, 0, 0.35, 0.825], "texture": "#6"}
			}
		},
		{
			"from": [8.35, 10.60065, 8.35123],
			"to": [8.5, 11.00065, 10.02623],
			"rotation": {"angle": -22.5, "axis": "x", "origin": [8.425, 10.51315, 8.28873]},
			"faces": {
				"east": {"uv": [0, 0, 1.675, 0.4], "texture": "#6"},
				"west": {"uv": [0, 0, 1.675, 0.4], "texture": "#6"},
				"up": {"uv": [0, 0, 0.15, 1.675], "texture": "#6"}
			}
		},
		{
			"from": [8.35, 10.25065, 8.35123],
			"to": [8.5, 10.65065, 10.92623],
			"rotation": {"angle": -22.5, "axis": "x", "origin": [8.425, 10.51315, 8.28873]},
			"faces": {
				"east": {"uv": [0, 0, 2.575, 0.4], "texture": "#6"},
				"west": {"uv": [0, 0, 2.575, 0.4], "texture": "#6"}
			}
		},
		{
			"from": [8.35, 9.85065, 8.35123],
			"to": [8.5, 10.25065, 10.92623],
			"rotation": {"angle": -22.5, "axis": "x", "origin": [8.425, 10.51315, 8.28873]},
			"faces": {
				"east": {"uv": [0, 0, 2.575, 0.4], "texture": "#6"},
				"south": {"uv": [0, 0, 0.15, 0.4], "texture": "#6"},
				"west": {"uv": [0, 0, 2.575, 0.4], "texture": "#6"},
				"down": {"uv": [0, 0, 0.15, 2.575], "texture": "#6"}
			}
		},
		{
			"from": [6.65, 14.1, 4.1],
			"to": [8.4, 15.7, 5.2],
			"rotation": {"angle": 0, "axis": "y", "origin": [6.625, 14.125, 11.075]},
			"faces": {
				"east": {"uv": [0.15, 0, 2, 2], "rotation": 90, "texture": "#0"},
				"south": {"uv": [0.15, 0, 2, 2], "rotation": 90, "texture": "#0"},
				"west": {"uv": [0.15, 0, 2, 2], "rotation": 90, "texture": "#0"},
				"up": {"uv": [0.5, 0, 2, 2], "rotation": 90, "texture": "#0"}
			}
		},
		{
			"from": [6.65, 13.55, 2.975],
			"to": [8.4, 15.7, 4.1],
			"rotation": {"angle": 0, "axis": "y", "origin": [6.625, 14.125, 11.075]},
			"faces": {
				"north": {"uv": [0.15, 0, 2, 2], "rotation": 270, "texture": "#0"},
				"east": {"uv": [0.15, 0, 2, 2], "rotation": 90, "texture": "#0"},
				"west": {"uv": [0.15, 0, 2, 2], "rotation": 90, "texture": "#0"},
				"up": {"uv": [0.5, 0, 2, 2], "rotation": 90, "texture": "#0"},
				"down": {"uv": [0.5, 0, 2, 2], "rotation": 90, "texture": "#0"}
			}
		},
		{
			"from": [8.3, 15.7, 2.975],
			"to": [8.4, 17.15, 3.975],
			"rotation": {"angle": 0, "axis": "y", "origin": [6.625, 14, 11.075]},
			"faces": {
				"north": {"uv": [0.15, 0, 2, 2], "rotation": 270, "texture": "#0"},
				"east": {"uv": [0.15, 0, 2, 2], "rotation": 90, "texture": "#0"},
				"south": {"uv": [0.15, 0, 2, 2], "rotation": 90, "texture": "#0"},
				"west": {"uv": [0.15, 0, 2, 2], "rotation": 90, "texture": "#0"}
			}
		},
		{
			"from": [6.65, 15.7, 2.975],
			"to": [6.75, 17.15, 3.975],
			"rotation": {"angle": 0, "axis": "y", "origin": [9.425, 14, 11.075]},
			"faces": {
				"north": {"uv": [0.15, 0.1, 2, 2], "rotation": 270, "texture": "#0"},
				"east": {"uv": [0.15, 1.3, 2, 2], "rotation": 90, "texture": "#0"},
				"south": {"uv": [0.15, 0.1, 2, 2], "rotation": 90, "texture": "#0"},
				"west": {"uv": [0.15, 1.3, 2, 2], "rotation": 90, "texture": "#0"}
			}
		},
		{
			"from": [6.975, 17.375, 2.975],
			"to": [8.075, 17.475, 3.975],
			"rotation": {"angle": 0, "axis": "y", "origin": [6.7, 17.425, 3.475]},
			"faces": {
				"north": {"uv": [0.15, 0.1, 2, 2], "rotation": 180, "texture": "#0"},
				"east": {"uv": [0.5, 0.1, 2, 2], "rotation": 180, "texture": "#0"},
				"south": {"uv": [0.15, 0.1, 2, 2], "rotation": 180, "texture": "#0"},
				"west": {"uv": [0.5, 0.1, 2, 2], "rotation": 180, "texture": "#0"},
				"up": {"uv": [0.15, 1.3, 2, 2], "rotation": 180, "texture": "#0"},
				"down": {"uv": [0.15, 1.3, 2, 2], "rotation": 180, "texture": "#0"}
			}
		},
		{
			"from": [6.18011, 18.2844, 2.975],
			"to": [6.63011, 18.3844, 3.975],
			"rotation": {"angle": 45, "axis": "z", "origin": [7.90511, 18.3344, 3.475]},
			"faces": {
				"north": {"uv": [0.15, 0.1, 2, 2], "rotation": 180, "texture": "#0"},
				"east": {"uv": [0.5, 0.1, 2, 2], "rotation": 180, "texture": "#0"},
				"south": {"uv": [0.15, 0.1, 2, 2], "rotation": 180, "texture": "#0"},
				"up": {"uv": [0.15, 1.3, 2, 2], "rotation": 180, "texture": "#0"},
				"down": {"uv": [0.15, 1.3, 2, 2], "rotation": 180, "texture": "#0"}
			}
		},
		{
			"from": [8.41989, 18.2844, 2.975],
			"to": [8.86989, 18.3844, 3.975],
			"rotation": {"angle": -45, "axis": "z", "origin": [7.14489, 18.3344, 3.475]},
			"faces": {
				"north": {"uv": [0.6, 0.1, 2, 2], "rotation": 180, "texture": "#0"},
				"south": {"uv": [0.6, 0.1, 2, 2], "rotation": 180, "texture": "#0"},
				"west": {"uv": [1.5, 0.1, 2, 2], "rotation": 180, "texture": "#0"},
				"up": {"uv": [0.6, 1.3, 2, 2], "rotation": 180, "texture": "#0"},
				"down": {"uv": [0.6, 1.3, 2, 2], "rotation": 180, "texture": "#0"}
			}
		},
		{
			"name": "hexadecagon",
			"from": [7.44785, 16.9826, 3.608],
			"to": [7.61335, 16.9852, 3.632],
			"rotation": {"angle": -45, "axis": "z", "origin": [7.5306, 16.5692, 3.58]},
			"faces": {
				"north": {"uv": [0, 0, 1, 1], "texture": "#8"},
				"south": {"uv": [0, 0, 1, 1], "texture": "#8"},
				"up": {"uv": [0, 0, 1, 1], "texture": "#8"},
				"down": {"uv": [0, 0, 1, 1], "texture": "#8"}
			}
		},
		{
			"name": "hexadecagon",
			"from": [7.44785, 16.9826, 3.608],
			"to": [7.61335, 16.9852, 3.632],
			"rotation": {"angle": -22.5, "axis": "z", "origin": [7.5306, 16.5692, 3.58]},
			"faces": {
				"north": {"uv": [0, 0, 1, 1], "texture": "#8"},
				"south": {"uv": [0, 0, 1, 1], "texture": "#8"},
				"up": {"uv": [0, 0, 1, 1], "texture": "#8"},
				"down": {"uv": [0, 0, 1, 1], "texture": "#8"}
			}
		},
		{
			"name": "hexadecagon",
			"from": [7.519, 16.13645, 3.608],
			"to": [7.5216, 16.30195, 3.632],
			"rotation": {"angle": 0, "axis": "z", "origin": [7.5306, 16.5692, 3.58]},
			"faces": {
				"north": {"uv": [0, 0, 1, 1], "rotation": 90, "texture": "#8"},
				"east": {"uv": [0, 0, 1, 1], "rotation": 270, "texture": "#8"},
				"south": {"uv": [0, 0, 1, 1], "rotation": 270, "texture": "#8"},
				"west": {"uv": [0, 0, 1, 1], "rotation": 270, "texture": "#8"},
				"up": {"uv": [0, 0, 1, 1], "rotation": 270, "texture": "#8"},
				"down": {"uv": [0, 0, 1, 1], "rotation": 270, "texture": "#8"}
			}
		},
		{
			"name": "hexadecagon",
			"from": [7.519, 16.83645, 3.608],
			"to": [7.5216, 17.00195, 3.632],
			"rotation": {"angle": 0, "axis": "y", "origin": [7.5306, 16.5692, 3.58]},
			"faces": {
				"north": {"uv": [0, 0, 1, 1], "rotation": 90, "texture": "#8"},
				"east": {"uv": [0, 0, 1, 1], "rotation": 270, "texture": "#8"},
				"south": {"uv": [0, 0, 1, 1], "rotation": 270, "texture": "#8"},
				"west": {"uv": [0, 0, 1, 1], "rotation": 270, "texture": "#8"},
				"up": {"uv": [0, 0, 1, 1], "rotation": 270, "texture": "#8"},
				"down": {"uv": [0, 0, 1, 1], "rotation": 270, "texture": "#8"}
			}
		},
		{
			"name": "hexadecagon",
			"from": [7.83755, 16.5679, 3.608],
			"to": [8.00305, 16.5705, 3.632],
			"rotation": {"angle": 0, "axis": "z", "origin": [7.9203, 16.9192, 3.62]},
			"faces": {
				"north": {"uv": [0, 0, 1, 1], "texture": "#8"},
				"east": {"uv": [0, 0, 1, 1], "texture": "#8"},
				"south": {"uv": [0, 0, 1, 1], "texture": "#8"},
				"west": {"uv": [0, 0, 1, 1], "texture": "#8"},
				"up": {"uv": [0, 0, 1, 1], "texture": "#8"},
				"down": {"uv": [0, 0, 1, 1], "texture": "#8"}
			}
		},
		{
			"name": "hexadecagon",
			"from": [7.03755, 16.5679, 3.608],
			"to": [7.20305, 16.5705, 3.632],
			"rotation": {"angle": 0, "axis": "y", "origin": [7.9203, 16.9192, 3.62]},
			"faces": {
				"north": {"uv": [0, 0, 1, 1], "texture": "#8"},
				"east": {"uv": [0, 0, 1, 1], "texture": "#8"},
				"south": {"uv": [0, 0, 1, 1], "texture": "#8"},
				"west": {"uv": [0, 0, 1, 1], "texture": "#8"},
				"up": {"uv": [0, 0, 1, 1], "texture": "#8"},
				"down": {"uv": [0, 0, 1, 1], "texture": "#8"}
			}
		},
		{
			"name": "hexadecagon",
			"from": [7.44785, 16.9826, 3.608],
			"to": [7.61335, 16.9852, 3.632],
			"rotation": {"angle": 22.5, "axis": "z", "origin": [7.5306, 16.5692, 3.58]},
			"faces": {
				"north": {"uv": [1, 0, 0, 1], "texture": "#8"},
				"south": {"uv": [1, 0, 0, 1], "texture": "#8"},
				"up": {"uv": [1, 0, 0, 1], "texture": "#8"},
				"down": {"uv": [1, 0, 0, 1], "texture": "#8"}
			}
		},
		{
			"name": "hexadecagon",
			"from": [7.44785, 16.9826, 3.608],
			"to": [7.61335, 16.9852, 3.632],
			"rotation": {"angle": 0, "axis": "y", "origin": [7.5306, 16.9839, 3.58]},
			"faces": {
				"north": {"uv": [1, 0, 0, 1], "texture": "#8"},
				"south": {"uv": [1, 0, 0, 1], "texture": "#8"},
				"up": {"uv": [1, 0, 0, 1], "texture": "#8"},
				"down": {"uv": [1, 0, 0, 1], "texture": "#8"}
			}
		},
		{
			"name": "hexadecagon",
			"from": [7.44785, 16.9826, 3.608],
			"to": [7.61335, 16.9852, 3.632],
			"rotation": {"angle": 45, "axis": "z", "origin": [7.5306, 16.5692, 3.58]},
			"faces": {
				"north": {"uv": [1, 0, 0, 1], "texture": "#8"},
				"south": {"uv": [1, 0, 0, 1], "texture": "#8"},
				"up": {"uv": [1, 0, 0, 1], "texture": "#8"},
				"down": {"uv": [1, 0, 0, 1], "texture": "#8"}
			}
		},
		{
			"name": "hexadecagon",
			"from": [7.1146, 16.48645, 3.608],
			"to": [7.1172, 16.65195, 3.632],
			"rotation": {"angle": -22.5, "axis": "z", "origin": [7.5306, 16.5692, 3.58]},
			"faces": {
				"north": {"uv": [1, 0, 0, 1], "texture": "#8"},
				"east": {"uv": [1, 0, 0, 1], "texture": "#8"},
				"south": {"uv": [1, 0, 0, 1], "texture": "#8"},
				"west": {"uv": [1, 0, 0, 1], "texture": "#8"}
			}
		},
		{
			"name": "hexadecagon",
			"from": [7.1146, 16.48645, 3.608],
			"to": [7.1172, 16.65195, 3.632],
			"rotation": {"angle": 0, "axis": "y", "origin": [7.5306, 16.5692, 3.58]},
			"faces": {
				"north": {"uv": [1, 0, 0, 1], "texture": "#8"},
				"east": {"uv": [1, 0, 0, 1], "texture": "#8"},
				"south": {"uv": [1, 0, 0, 1], "texture": "#8"},
				"west": {"uv": [1, 0, 0, 1], "texture": "#8"}
			}
		},
		{
			"name": "hexadecagon",
			"from": [7.1146, 16.48645, 3.608],
			"to": [7.1172, 16.65195, 3.632],
			"rotation": {"angle": 22.5, "axis": "z", "origin": [7.5306, 16.5692, 3.58]},
			"faces": {
				"north": {"uv": [1, 0, 0, 1], "texture": "#8"},
				"east": {"uv": [1, 0, 0, 1], "texture": "#8"},
				"south": {"uv": [1, 0, 0, 1], "texture": "#8"},
				"west": {"uv": [1, 0, 0, 1], "texture": "#8"}
			}
		},
		{
			"name": "hexadecagon",
			"from": [7.44785, 16.1532, 3.608],
			"to": [7.61335, 16.1558, 3.632],
			"rotation": {"angle": -45, "axis": "z", "origin": [7.5306, 16.5692, 3.58]},
			"faces": {
				"north": {"uv": [1, 0, 0, 1], "texture": "#8"},
				"south": {"uv": [1, 0, 0, 1], "texture": "#8"},
				"up": {"uv": [1, 0, 0, 1], "texture": "#8"},
				"down": {"uv": [1, 0, 0, 1], "texture": "#8"}
			}
		},
		{
			"name": "hexadecagon",
			"from": [7.44785, 16.1532, 3.608],
			"to": [7.61335, 16.1558, 3.632],
			"rotation": {"angle": -22.5, "axis": "z", "origin": [7.5306, 16.5692, 3.58]},
			"faces": {
				"north": {"uv": [1, 0, 0, 1], "texture": "#8"},
				"south": {"uv": [1, 0, 0, 1], "texture": "#8"},
				"up": {"uv": [1, 0, 0, 1], "texture": "#8"},
				"down": {"uv": [1, 0, 0, 1], "texture": "#8"}
			}
		},
		{
			"name": "hexadecagon",
			"from": [7.44785, 16.1532, 3.608],
			"to": [7.61335, 16.1558, 3.632],
			"rotation": {"angle": 22.5, "axis": "z", "origin": [7.5306, 16.5692, 3.58]},
			"faces": {
				"north": {"uv": [0, 0, 1, 1], "texture": "#8"},
				"south": {"uv": [0, 0, 1, 1], "texture": "#8"},
				"up": {"uv": [0, 0, 1, 1], "texture": "#8"},
				"down": {"uv": [0, 0, 1, 1], "texture": "#8"}
			}
		},
		{
			"name": "hexadecagon",
			"from": [7.44785, 16.1532, 3.608],
			"to": [7.61335, 16.1558, 3.632],
			"rotation": {"angle": 45, "axis": "z", "origin": [7.5306, 16.5692, 3.58]},
			"faces": {
				"north": {"uv": [0, 0, 1, 1], "texture": "#8"},
				"south": {"uv": [0, 0, 1, 1], "texture": "#8"},
				"up": {"uv": [0, 0, 1, 1], "texture": "#8"},
				"down": {"uv": [0, 0, 1, 1], "texture": "#8"}
			}
		},
		{
			"name": "hexadecagon",
			"from": [7.944, 16.48645, 3.608],
			"to": [7.9466, 16.65195, 3.632],
			"rotation": {"angle": -22.5, "axis": "z", "origin": [7.5306, 16.5692, 3.58]},
			"faces": {
				"north": {"uv": [0, 0, 1, 1], "texture": "#8"},
				"east": {"uv": [0, 0, 1, 1], "texture": "#8"},
				"south": {"uv": [0, 0, 1, 1], "texture": "#8"},
				"west": {"uv": [0, 0, 1, 1], "texture": "#8"}
			}
		},
		{
			"name": "hexadecagon",
			"from": [7.944, 16.48645, 3.608],
			"to": [7.9466, 16.65195, 3.632],
			"rotation": {"angle": 0, "axis": "y", "origin": [7.5306, 16.5692, 3.58]},
			"faces": {
				"north": {"uv": [0, 0, 1, 1], "texture": "#8"},
				"east": {"uv": [0, 0, 1, 1], "texture": "#8"},
				"south": {"uv": [0, 0, 1, 1], "texture": "#8"},
				"west": {"uv": [0, 0, 1, 1], "texture": "#8"}
			}
		},
		{
			"name": "hexadecagon",
			"from": [7.944, 16.48645, 3.608],
			"to": [7.9466, 16.65195, 3.632],
			"rotation": {"angle": 22.5, "axis": "z", "origin": [7.5306, 16.5692, 3.58]},
			"faces": {
				"north": {"uv": [0, 0, 1, 1], "texture": "#8"},
				"east": {"uv": [0, 0, 1, 1], "texture": "#8"},
				"south": {"uv": [0, 0, 1, 1], "texture": "#8"},
				"west": {"uv": [0, 0, 1, 1], "texture": "#8"}
			}
		},
		{
			"from": [6.65, 10.225, 3.325],
			"to": [8.35, 13, 18.825],
			"faces": {
				"east": {"uv": [0, 0, 15.5, 2.775], "texture": "#6"},
				"south": {"uv": [0, 0, 1.7, 2.775], "texture": "#6"},
				"west": {"uv": [0, 0, 15.5, 2.775], "texture": "#6"},
				"up": {"uv": [0, 0, 1.7, 15.5], "texture": "#6"},
				"down": {"uv": [0, 0, 1.7, 15.5], "texture": "#6"}
			}
		},
		{
			"name": "hexadecagon",
			"from": [7.44785, 16.1532, 3.608],
			"to": [7.61335, 16.1558, 3.632],
			"rotation": {"angle": 0, "axis": "y", "origin": [7.5306, 16.5692, 3.58]},
			"faces": {
				"north": {"uv": [0, 0, 1, 1], "texture": "#8"},
				"south": {"uv": [0, 0, 1, 1], "texture": "#8"},
				"up": {"uv": [0, 0, 1, 1], "texture": "#8"},
				"down": {"uv": [0, 0, 1, 1], "texture": "#8"}
			}
		}
	],
	"display": {
		"thirdperson_righthand": {
			"translation": [0.25, 0, -1],
			"scale": [0.375, 0.375, 0.375]
		},
		"thirdperson_lefthand": {
			"translation": [0.25, 0, -1],
			"scale": [0.375, 0.375, 0.375]
		},
		"firstperson_righthand": {
			"translation": [0, -0.25, 1]
		},
		"firstperson_lefthand": {
			"translation": [0, -0.25, 1]
		},
		"ground": {
			"scale": [0.44531, 0.44531, 0.44531]
		},
		"gui": {
			"rotation": [90, -43, 90],
			"scale": [0.46484, 0.46484, 0.46484]
		},
		"head": {
			"rotation": [-80.75, 0, 0],
			"translation": [-7, -25.25, 1.75],
			"scale": [0.62891, 0.62891, 0.62891]
		},
		"fixed": {
			"rotation": [90, 52.5, -90],
			"translation": [0, 0, -1.75]
		}
	},
	"groups": [
		{
			"name": "Culata",
			"origin": [8, 6.03575, 26.86589],
			"color": 0,
			"children": [
				0,
				1,
				2,
				3,
				4,
				5,
				6,
				7,
				8,
				9,
				10,
				11,
				12,
				13,
				14,
				15,
				16,
				17,
				18,
				19,
				20,
				21,
				22,
				23,
				24,
				25,
				26,
				27,
				28,
				29,
				30,
				31,
				32,
				33,
				34,
				35,
				36,
				37,
				38,
				39,
				40,
				41,
				42,
				43,
				44,
				45,
				46,
				47,
				48,
				49,
				50,
				51
			]
		},
		{
			"name": "Cuerpo",
			"origin": [0, 0, 0],
			"color": 3,
			"children": [52, 53, 54, 55, 56, 57, 58, 59, 60, 61, 62, 63, 64, 65, 66, 67, 68, 69, 70, 71, 72, 73, 74, 75, 76, 77, 78, 79, 80, 81, 82, 83, 84]
		},
		{
			"name": "Cañon",
			"origin": [0, 0, 0],
			"color": 9,
			"children": [85]
		},
		{
			"name": "Cuerpo Exterior",
			"origin": [8.425, 10.51315, 8.28873],
			"color": 5,
			"children": [
				86,
				{
					"name": "cargador",
					"origin": [6.83061, 12.5, 7.14291],
					"color": 0,
					"children": [87, 88, 89, 90, 91]
				},
				92,
				{
					"name": "Riel picatini",
					"origin": [6.625, 14.125, 11.075],
					"color": 0,
					"children": [93, 94, 95, 96, 97, 98, 99, 100, 101, 102, 103, 104, 105, 106, 107, 108, 109]
				},
				110,
				111,
				112,
				113,
				114,
				115,
				116,
				117,
				118,
				119,
				120,
				121,
				122,
				123,
				124,
				125,
				126,
				127,
				128,
				129,
				130,
				131,
				132,
				133,
				134
			]
		},
		{
			"name": "Mira",
			"origin": [6.625, 14.125, 11.075],
			"color": 0,
			"children": [135, 136, 137, 138, 139, 140, 141]
		},
		{
			"name": "Reticula",
			"origin": [8, 8, 8],
			"color": 3,
			"children": [142, 143, 144, 145, 146, 147, 148, 149, 150, 151, 152, 153, 154, 155, 156, 157, 158, 159, 160]
		},
		161,
		162
	]
}