{
	"credit": "Made with Blockbench",
	"texture_size": [32, 32],
	"textures": {
		"0": "block/color/graymetal_dark",
		"4": "block/color/lightcauldron",
		"5": "block/color/silver",
		"6": "block/color/graymetal_lighter",
		"7": "block/color/lightgray_three",
		"8": "block/color/yellow",
		"9": "block/color/brightgreen",
		"particle": "block/color/graymetal_dark"
	},
	"elements": [
		{
			"from": [5, 7, 25],
			"to": [10, 8, 30],
			"rotation": {"angle": 0, "axis": "y", "origin": [0, 0, 1]},
			"faces": {
				"north": {"uv": [0, 0, 2.5, 0.5], "texture": "#0"},
				"east": {"uv": [0, 0, 2.5, 0.5], "texture": "#0"},
				"south": {"uv": [0, 0, 2.5, 0.5], "texture": "#0"},
				"west": {"uv": [0, 0, 2.5, 0.5], "texture": "#0"},
				"up": {"uv": [0, 0, 2.5, 2.5], "texture": "#0"},
				"down": {"uv": [0, 0, 2.5, 2.5], "texture": "#0"}
			}
		},
		{
			"from": [5, 5, 29],
			"to": [10, 7, 30],
			"rotation": {"angle": 0, "axis": "y", "origin": [0, 0, 1]},
			"faces": {
				"north": {"uv": [0, 0, 2.5, 1], "texture": "#0"},
				"east": {"uv": [0, 0, 0.5, 1], "texture": "#0"},
				"south": {"uv": [0, 0, 2.5, 1], "texture": "#0"},
				"west": {"uv": [0, 0, 0.5, 1], "texture": "#0"},
				"up": {"uv": [0, 0, 2.5, 0.5], "texture": "#0"},
				"down": {"uv": [0, 0, 2.5, 0.5], "texture": "#0"}
			}
		},
		{
			"from": [6, 9, 23],
			"to": [9, 10, 25],
			"rotation": {"angle": 0, "axis": "y", "origin": [0, 0, 1]},
			"faces": {
				"north": {"uv": [0, 0, 1.5, 0.5], "texture": "#0"},
				"east": {"uv": [0, 0, 1, 0.5], "texture": "#0"},
				"south": {"uv": [0, 0, 1.5, 0.5], "texture": "#0"},
				"west": {"uv": [0, 0, 1, 0.5], "texture": "#0"},
				"up": {"uv": [0, 0, 1.5, 1], "texture": "#0"},
				"down": {"uv": [0, 0, 1.5, 1], "texture": "#0"}
			}
		},
		{
			"from": [5, 9, 25],
			"to": [10, 10, 31],
			"rotation": {"angle": 0, "axis": "y", "origin": [0, 0, 1]},
			"faces": {
				"north": {"uv": [0, 0, 2.5, 0.5], "texture": "#0"},
				"east": {"uv": [0, 0, 3, 0.5], "texture": "#0"},
				"south": {"uv": [0, 0, 2.5, 0.5], "texture": "#0"},
				"west": {"uv": [0, 0, 3, 0.5], "texture": "#0"},
				"up": {"uv": [0, 0, 2.5, 3], "texture": "#0"},
				"down": {"uv": [0, 0, 2.5, 3], "texture": "#0"}
			}
		},
		{
			"from": [6, 5, 27],
			"to": [9, 6, 29],
			"rotation": {"angle": 22.5, "axis": "x", "origin": [7, 4.5, 27]},
			"faces": {
				"north": {"uv": [0, 0, 1.5, 0.5], "texture": "#0"},
				"east": {"uv": [0, 0, 1, 0.5], "texture": "#0"},
				"south": {"uv": [0, 0, 1.5, 0.5], "texture": "#0"},
				"west": {"uv": [0, 0, 1, 0.5], "texture": "#0"},
				"up": {"uv": [0, 0, 1.5, 1], "texture": "#0"},
				"down": {"uv": [0, 0, 1.5, 1], "texture": "#0"}
			}
		},
		{
			"from": [6, 4, 29],
			"to": [9, 5, 31],
			"rotation": {"angle": 0, "axis": "y", "origin": [0, 0, 1]},
			"faces": {
				"north": {"uv": [0, 0, 1.5, 0.5], "texture": "#0"},
				"east": {"uv": [0, 0, 1, 0.5], "texture": "#0"},
				"south": {"uv": [0, 0, 1.5, 0.5], "texture": "#0"},
				"west": {"uv": [0, 0, 1, 0.5], "texture": "#0"},
				"up": {"uv": [0, 0, 1.5, 1], "texture": "#0"},
				"down": {"uv": [0, 0, 1.5, 1], "texture": "#0"}
			}
		},
		{
			"from": [5, 9, 30],
			"to": [10, 10, 32],
			"rotation": {"angle": 45, "axis": "x", "origin": [7, 9.5, 30.5]},
			"faces": {
				"north": {"uv": [0, 0, 2.5, 0.5], "texture": "#0"},
				"east": {"uv": [0, 0, 1, 0.5], "texture": "#0"},
				"south": {"uv": [0, 0, 2.5, 0.5], "texture": "#0"},
				"west": {"uv": [0, 0, 1, 0.5], "texture": "#0"},
				"up": {"uv": [0, 0, 2.5, 1], "texture": "#0"},
				"down": {"uv": [0, 0, 2.5, 1], "texture": "#0"}
			}
		},
		{
			"from": [6, 9, 22],
			"to": [9, 10, 23],
			"rotation": {"angle": -22.5, "axis": "x", "origin": [7, 9.5, 23.5]},
			"faces": {
				"north": {"uv": [0, 0, 1.5, 0.5], "texture": "#0"},
				"east": {"uv": [0, 0, 0.5, 0.5], "texture": "#0"},
				"south": {"uv": [0, 0, 1.5, 0.5], "texture": "#0"},
				"west": {"uv": [0, 0, 0.5, 0.5], "texture": "#0"},
				"up": {"uv": [0, 0, 1.5, 0.5], "texture": "#0"},
				"down": {"uv": [0, 0, 1.5, 0.5], "texture": "#0"}
			}
		},
		{
			"from": [6, 5, 23],
			"to": [9, 8, 24],
			"rotation": {"angle": -22.5, "axis": "x", "origin": [6.5, 4.5, 23.5]},
			"faces": {
				"north": {"uv": [0, 0, 1.5, 1.5], "rotation": 180, "texture": "#0"},
				"east": {"uv": [0, 0, 1.5, 0.5], "rotation": 270, "texture": "#0"},
				"south": {"uv": [0, 0, 1.5, 1.5], "texture": "#0"},
				"west": {"uv": [0, 0, 1.5, 0.5], "rotation": 90, "texture": "#0"},
				"up": {"uv": [0, 0, 1.5, 0.5], "rotation": 180, "texture": "#0"},
				"down": {"uv": [0, 0, 1.5, 0.5], "texture": "#0"}
			}
		},
		{
			"from": [6, 4, 24],
			"to": [9, 5, 27],
			"rotation": {"angle": -22.5, "axis": "x", "origin": [6.5, 4.5, 23.5]},
			"faces": {
				"north": {"uv": [0, 0, 1.5, 0.5], "texture": "#0"},
				"east": {"uv": [0, 0, 1.5, 0.5], "texture": "#0"},
				"south": {"uv": [0, 0, 1.5, 0.5], "texture": "#0"},
				"west": {"uv": [0, 0, 1.5, 0.5], "texture": "#0"},
				"up": {"uv": [0, 0, 1.5, 1.5], "texture": "#0"},
				"down": {"uv": [0, 0, 1.5, 1.5], "texture": "#0"}
			}
		},
		{
			"from": [6, 4, 23],
			"to": [9, 5, 24],
			"rotation": {"angle": 0, "axis": "y", "origin": [6.5, 4.5, 23.5]},
			"faces": {
				"north": {"uv": [0, 0, 1.5, 0.5], "texture": "#0"},
				"east": {"uv": [0, 0, 0.5, 0.5], "texture": "#0"},
				"south": {"uv": [0, 0, 1.5, 0.5], "texture": "#0"},
				"west": {"uv": [0, 0, 0.5, 0.5], "texture": "#0"},
				"up": {"uv": [0, 0, 1.5, 0.5], "texture": "#0"},
				"down": {"uv": [0, 0, 1.5, 0.5], "texture": "#0"}
			}
		},
		{
			"from": [6, 7, 22],
			"to": [9, 9, 25],
			"rotation": {"angle": 0, "axis": "y", "origin": [0, 0, 1]},
			"faces": {
				"north": {"uv": [0, 0, 1.5, 1], "texture": "#0"},
				"east": {"uv": [0, 0, 1.5, 1], "texture": "#0"},
				"south": {"uv": [0, 0, 1.5, 1], "texture": "#0"},
				"west": {"uv": [0, 0, 1.5, 1], "texture": "#0"},
				"up": {"uv": [0, 0, 1.5, 1.5], "texture": "#0"},
				"down": {"uv": [0, 0, 1.5, 1.5], "texture": "#0"}
			}
		},
		{
			"from": [6, 5, 25],
			"to": [9, 9, 31],
			"rotation": {"angle": 0, "axis": "y", "origin": [0, 0, 1]},
			"faces": {
				"north": {"uv": [0, 0, 1.5, 2], "texture": "#0"},
				"east": {"uv": [0, 0, 3, 2], "texture": "#0"},
				"south": {"uv": [0, 0, 1.5, 2], "texture": "#0"},
				"west": {"uv": [0, 0, 3, 2], "texture": "#0"},
				"up": {"uv": [0, 0, 1.5, 3], "texture": "#0"},
				"down": {"uv": [0, 0, 1.5, 3], "texture": "#0"}
			}
		},
		{
			"from": [5, 9, 25],
			"to": [10, 10, 31],
			"rotation": {"angle": 0, "axis": "y", "origin": [0, 0, 1]},
			"faces": {
				"north": {"uv": [0, 0, 2.5, 0.5], "texture": "#0"},
				"east": {"uv": [0, 0, 3, 0.5], "texture": "#0"},
				"south": {"uv": [0, 0, 2.5, 0.5], "texture": "#0"},
				"west": {"uv": [0, 0, 3, 0.5], "texture": "#0"},
				"up": {"uv": [0, 0, 2.5, 3], "texture": "#0"},
				"down": {"uv": [0, 0, 2.5, 3], "texture": "#0"}
			}
		},
		{
			"from": [5, 4, 31],
			"to": [10, 9, 32],
			"rotation": {"angle": 0, "axis": "y", "origin": [0, 0, 1]},
			"faces": {
				"north": {"uv": [0, 0, 2.5, 2.5], "texture": "#0"},
				"east": {"uv": [0, 0, 0.5, 2.5], "texture": "#0"},
				"south": {"uv": [0, 0, 2.5, 2.5], "texture": "#0"},
				"west": {"uv": [0, 0, 0.5, 2.5], "texture": "#0"},
				"up": {"uv": [0, 0, 2.5, 0.5], "texture": "#0"},
				"down": {"uv": [0, 0, 2.5, 0.5], "texture": "#0"}
			}
		},
		{
			"from": [7, 5, 8],
			"to": [8, 6, 15],
			"rotation": {"angle": 0, "axis": "y", "origin": [0, 0, 1]},
			"faces": {
				"north": {"uv": [0, 0, 0.5, 0.5], "texture": "#0"},
				"east": {"uv": [0, 0, 3.5, 0.5], "texture": "#0"},
				"south": {"uv": [0, 0, 0.5, 0.5], "texture": "#0"},
				"west": {"uv": [0, 0, 3.5, 0.5], "texture": "#0"},
				"up": {"uv": [0, 0, 0.5, 3.5], "texture": "#0"},
				"down": {"uv": [0, 0, 0.5, 3.5], "texture": "#0"}
			}
		},
		{
			"from": [7, 4, 15],
			"to": [8, 6, 16],
			"rotation": {"angle": 0, "axis": "y", "origin": [0, 0, 1]},
			"faces": {
				"north": {"uv": [0, 0, 0.5, 1], "texture": "#0"},
				"east": {"uv": [0, 0, 0.5, 1], "texture": "#0"},
				"south": {"uv": [0, 0, 0.5, 1], "texture": "#0"},
				"west": {"uv": [0, 0, 0.5, 1], "texture": "#0"},
				"up": {"uv": [0, 0, 0.5, 0.5], "texture": "#0"},
				"down": {"uv": [0, 0, 0.5, 0.5], "texture": "#0"}
			}
		},
		{
			"from": [7, 5, 7],
			"to": [8, 6, 9],
			"rotation": {"angle": 0, "axis": "y", "origin": [0, 0, 1]},
			"faces": {
				"north": {"uv": [0, 0, 0.5, 0.5], "texture": "#0"},
				"east": {"uv": [0, 0, 1, 0.5], "texture": "#0"},
				"south": {"uv": [0, 0, 0.5, 0.5], "texture": "#0"},
				"west": {"uv": [0, 0, 1, 0.5], "texture": "#0"},
				"up": {"uv": [0, 0, 0.5, 1], "texture": "#0"},
				"down": {"uv": [0, 0, 0.5, 1], "texture": "#0"}
			}
		},
		{
			"from": [5.6, 3, 15],
			"to": [9.2, 4, 21],
			"rotation": {"angle": 0, "axis": "y", "origin": [0, 0, 1]},
			"faces": {
				"north": {"uv": [0, 0, 1.8, 0.5], "texture": "#0"},
				"east": {"uv": [0, 0, 3, 0.5], "texture": "#0"},
				"south": {"uv": [0, 0, 1.8, 0.5], "texture": "#0"},
				"west": {"uv": [0, 0, 3, 0.5], "texture": "#0"},
				"up": {"uv": [0, 0, 1.8, 3], "texture": "#0"},
				"down": {"uv": [0, 0, 1.8, 3], "texture": "#0"}
			}
		},
		{
			"from": [6, 7.7, 14.2],
			"to": [8.9, 8.4, 15],
			"rotation": {"angle": 0, "axis": "y", "origin": [0, 0, 1]},
			"faces": {
				"north": {"uv": [3, 9, 3.5, 9.5], "texture": "#6"},
				"east": {"uv": [6.5, 5.5, 10, 6], "texture": "#6"},
				"south": {"uv": [6, 10.5, 6.5, 11], "texture": "#6"},
				"west": {"uv": [7.5, 3, 11, 3.5], "texture": "#6"},
				"up": {"uv": [5, 13, 4.5, 9.5], "texture": "#6"},
				"down": {"uv": [5.5, 9.5, 5, 13], "texture": "#6"}
			}
		},
		{
			"from": [6.1, 6, 7],
			"to": [8.9, 7.7, 16],
			"rotation": {"angle": 0, "axis": "y", "origin": [0, 0, 1]},
			"faces": {
				"north": {"uv": [0, 5, 1.5, 6], "texture": "#6"},
				"east": {"uv": [6.5, 4.5, 11, 5.5], "texture": "#6"},
				"south": {"uv": [1.5, 5, 3, 6], "texture": "#6"},
				"west": {"uv": [5, 7, 9.5, 8], "texture": "#6"},
				"up": {"uv": [4.5, 4.5, 3, 0], "texture": "#6"},
				"down": {"uv": [6, 0, 4.5, 4.5], "texture": "#6"}
			}
		},
		{
			"from": [6, 8.4, 7],
			"to": [9, 10, 15],
			"rotation": {"angle": 0, "axis": "y", "origin": [0, 0, 1]},
			"faces": {
				"north": {"uv": [5.5, 9.5, 7, 10.5], "texture": "#6"},
				"east": {"uv": [6, 3.5, 11, 4.5], "texture": "#6"},
				"south": {"uv": [9.5, 7, 11, 8], "texture": "#6"},
				"west": {"uv": [5, 6, 10, 7], "texture": "#0"},
				"up": {"uv": [1.5, 5, 0, 0], "texture": "#6"},
				"down": {"uv": [3, 0, 1.5, 5], "texture": "#6"}
			}
		},
		{
			"from": [7.1, 10, 7],
			"to": [7.9, 10.5, 7.5],
			"rotation": {"angle": 0, "axis": "y", "origin": [0, 0, 1]},
			"faces": {
				"north": {"uv": [5.5, 9.5, 7, 10.5], "texture": "#4"},
				"east": {"uv": [6, 3.5, 11, 4.5], "texture": "#4"},
				"south": {"uv": [9.5, 7, 11, 8], "texture": "#missing"},
				"west": {"uv": [5, 6, 10, 7], "texture": "#4"},
				"up": {"uv": [1.5, 5, 0, 0], "texture": "#6"},
				"down": {"uv": [3, 0, 1.5, 5], "texture": "#6"}
			}
		},
		{
			"from": [7.4, 10, 10],
			"to": [7.6, 10.2, 10.5],
			"rotation": {"angle": 0, "axis": "y", "origin": [0, 0, 1]},
			"faces": {
				"north": {"uv": [5.5, 9.5, 7, 10.5], "texture": "#4"},
				"east": {"uv": [6, 3.5, 11, 4.5], "texture": "#7"},
				"south": {"uv": [9.5, 7, 11, 8], "texture": "#7"},
				"west": {"uv": [5, 6, 10, 7], "texture": "#7"},
				"up": {"uv": [1.5, 5, 0, 0], "texture": "#6"},
				"down": {"uv": [3, 0, 1.5, 5], "texture": "#6"}
			}
		},
		{
			"from": [7.4, 10, 12.1],
			"to": [7.6, 10.2, 12.6],
			"rotation": {"angle": 0, "axis": "y", "origin": [0, 0, 1]},
			"faces": {
				"north": {"uv": [5.5, 9.5, 7, 10.5], "texture": "#7"},
				"east": {"uv": [6, 3.5, 11, 4.5], "texture": "#7"},
				"south": {"uv": [9.5, 7, 11, 8], "texture": "#missing"},
				"west": {"uv": [5, 6, 10, 7], "texture": "#7"},
				"up": {"uv": [1.5, 5, 0, 0], "texture": "#6"},
				"down": {"uv": [3, 0, 1.5, 5], "texture": "#6"}
			}
		},
		{
			"from": [7.4, 10, 7.5],
			"to": [7.6, 10.2, 8],
			"rotation": {"angle": 0, "axis": "y", "origin": [0, 0, 1]},
			"faces": {
				"north": {"uv": [5.5, 9.5, 7, 10.5], "texture": "#missing"},
				"east": {"uv": [6, 3.5, 11, 4.5], "texture": "#4"},
				"south": {"uv": [9.5, 7, 11, 8], "texture": "#4"},
				"west": {"uv": [5, 6, 10, 7], "texture": "#4"},
				"up": {"uv": [1.5, 5, 0, 0], "texture": "#6"},
				"down": {"uv": [3, 0, 1.5, 5], "texture": "#6"}
			}
		},
		{
			"from": [7.1, 10.2, 13.1],
			"to": [7.9, 10.4, 13.3],
			"rotation": {"angle": 0, "axis": "y", "origin": [0, 0, 7]},
			"faces": {
				"north": {"uv": [5.5, 9.5, 7, 10.5], "texture": "#7"},
				"east": {"uv": [6, 3.5, 11, 4.5], "texture": "#7"},
				"south": {"uv": [9.5, 7, 11, 8], "texture": "#7"},
				"west": {"uv": [5, 6, 10, 7], "texture": "#7"},
				"up": {"uv": [1.5, 5, 0, 0], "texture": "#6"},
				"down": {"uv": [3, 0, 1.5, 5], "texture": "#6"}
			}
		},
		{
			"from": [7.2, 10, 13.7],
			"to": [7.8, 10.2, 13.8],
			"rotation": {"angle": 0, "axis": "y", "origin": [0, 0, 7]},
			"faces": {
				"north": {"uv": [5.5, 9.5, 7, 10.5], "texture": "#missing"},
				"east": {"uv": [6, 3.5, 11, 4.5], "texture": "#4"},
				"south": {"uv": [9.5, 7, 11, 8], "texture": "#missing"},
				"west": {"uv": [5, 6, 10, 7], "texture": "#4"},
				"up": {"uv": [1.5, 5, 0, 0], "texture": "#6"},
				"down": {"uv": [3, 0, 1.5, 5], "texture": "#6"}
			}
		},
		{
			"from": [7.2, 10, 13.6],
			"to": [7.8, 10.3, 13.7],
			"rotation": {"angle": 0, "axis": "y", "origin": [0, 0, 7]},
			"faces": {
				"north": {"uv": [5.5, 9.5, 7, 10.5], "texture": "#missing"},
				"east": {"uv": [6, 3.5, 11, 4.5], "texture": "#4"},
				"south": {"uv": [9.5, 7, 11, 8], "texture": "#missing"},
				"west": {"uv": [5, 6, 10, 7], "texture": "#4"},
				"up": {"uv": [1.5, 5, 0, 0], "texture": "#6"},
				"down": {"uv": [3, 0, 1.5, 5], "texture": "#6"}
			}
		},
		{
			"from": [7.2, 10, 13.5],
			"to": [7.8, 10.4, 13.6],
			"rotation": {"angle": 0, "axis": "y", "origin": [0, 0, 7]},
			"faces": {
				"north": {"uv": [5.5, 9.5, 7, 10.5], "texture": "#missing"},
				"east": {"uv": [6, 3.5, 11, 4.5], "texture": "#4"},
				"south": {"uv": [9.5, 7, 11, 8], "texture": "#missing"},
				"west": {"uv": [5, 6, 10, 7], "texture": "#4"},
				"up": {"uv": [1.5, 5, 0, 0], "texture": "#6"},
				"down": {"uv": [3, 0, 1.5, 5], "texture": "#6"}
			}
		},
		{
			"from": [7.2, 9.61464, 13.79602],
			"to": [7.8, 9.71464, 14.49602],
			"rotation": {"angle": 45, "axis": "x", "origin": [7.5, 10.46464, 14.59602]},
			"faces": {
				"north": {"uv": [5.5, 9.5, 7, 10.5], "texture": "#missing"},
				"east": {"uv": [6, 3.5, 11, 4.5], "texture": "#4"},
				"south": {"uv": [9.5, 7, 11, 8], "texture": "#missing"},
				"west": {"uv": [5, 6, 10, 7], "texture": "#4"},
				"up": {"uv": [1.5, 5, 0, 0], "texture": "#6"},
				"down": {"uv": [3, 0, 1.5, 5], "texture": "#6"}
			}
		},
		{
			"from": [7.2, 10, 12.3],
			"to": [7.8, 10.5, 13.5],
			"rotation": {"angle": 0, "axis": "y", "origin": [0, 0, 7]},
			"faces": {
				"north": {"uv": [5.5, 9.5, 7, 10.5], "texture": "#4"},
				"east": {"uv": [6, 3.5, 11, 4.5], "texture": "#4"},
				"south": {"uv": [9.5, 7, 11, 8], "texture": "#missing"},
				"west": {"uv": [5, 6, 10, 7], "texture": "#4"},
				"up": {"uv": [1.5, 5, 0, 0], "texture": "#6"},
				"down": {"uv": [3, 0, 1.5, 5], "texture": "#6"}
			}
		},
		{
			"from": [7, 10.2, 7.1],
			"to": [8, 10.4, 7.3],
			"rotation": {"angle": 0, "axis": "y", "origin": [0, 0, 1]},
			"faces": {
				"north": {"uv": [5.5, 9.5, 7, 10.5], "texture": "#6"},
				"east": {"uv": [6, 3.5, 11, 4.5], "texture": "#6"},
				"south": {"uv": [9.5, 7, 11, 8], "texture": "#6"},
				"west": {"uv": [5, 6, 10, 7], "texture": "#6"},
				"up": {"uv": [1.5, 5, 0, 0], "texture": "#6"},
				"down": {"uv": [3, 0, 1.5, 5], "texture": "#6"}
			}
		},
		{
			"from": [7.4, 10.2, 7.6],
			"to": [7.6, 10.4, 13.3],
			"rotation": {"angle": 0, "axis": "y", "origin": [7.5, 10.3, 8.2]},
			"faces": {
				"north": {"uv": [5, 6, 10, 7], "texture": "#missing"},
				"east": {"uv": [5.5, 9.5, 7, 10.5], "texture": "#4"},
				"south": {"uv": [6, 3.5, 11, 4.5], "texture": "#missing"},
				"west": {"uv": [9.5, 7, 11, 8], "texture": "#4"},
				"up": {"uv": [1.5, 5, 0, 0], "rotation": 90, "texture": "#6"},
				"down": {"uv": [3, 0, 1.5, 5], "rotation": 270, "texture": "#6"}
			}
		},
		{
			"from": [7.1, 10, 7.5],
			"to": [7.9, 10.4, 7.6],
			"rotation": {"angle": 0, "axis": "y", "origin": [0, 0, 1]},
			"faces": {
				"north": {"uv": [5.5, 9.5, 7, 10.5], "texture": "#missing"},
				"east": {"uv": [6, 3.5, 11, 4.5], "texture": "#4"},
				"south": {"uv": [9.5, 7, 11, 8], "texture": "#missing"},
				"west": {"uv": [5, 6, 10, 7], "texture": "#4"},
				"up": {"uv": [1.5, 5, 0, 0], "texture": "#6"},
				"down": {"uv": [3, 0, 1.5, 5], "texture": "#6"}
			}
		},
		{
			"from": [7.1, 10, 7.6],
			"to": [7.9, 10.3, 7.7],
			"rotation": {"angle": 0, "axis": "y", "origin": [0, 0, 1]},
			"faces": {
				"north": {"uv": [5.5, 9.5, 7, 10.5], "texture": "#missing"},
				"east": {"uv": [6, 3.5, 11, 4.5], "texture": "#4"},
				"south": {"uv": [9.5, 7, 11, 8], "texture": "#missing"},
				"west": {"uv": [5, 6, 10, 7], "texture": "#4"},
				"up": {"uv": [1.5, 5, 0, 0], "texture": "#6"},
				"down": {"uv": [3, 0, 1.5, 5], "texture": "#6"}
			}
		},
		{
			"from": [7.1, 10, 7.7],
			"to": [7.9, 10.2, 7.8],
			"rotation": {"angle": 0, "axis": "y", "origin": [0, 0, 1]},
			"faces": {
				"north": {"uv": [5.5, 9.5, 7, 10.5], "texture": "#missing"},
				"east": {"uv": [6, 3.5, 11, 4.5], "texture": "#4"},
				"south": {"uv": [9.5, 7, 11, 8], "texture": "#missing"},
				"west": {"uv": [5, 6, 10, 7], "texture": "#4"},
				"up": {"uv": [1.5, 5, 0, 0], "texture": "#6"},
				"down": {"uv": [3, 0, 1.5, 5], "texture": "#6"}
			}
		},
		{
			"from": [7.1, 9.61464, 7.79602],
			"to": [7.9, 9.71464, 8.49602],
			"rotation": {"angle": 45, "axis": "x", "origin": [7.5, 10.46464, 8.59602]},
			"faces": {
				"north": {"uv": [5.5, 9.5, 7, 10.5], "texture": "#missing"},
				"east": {"uv": [6, 3.5, 11, 4.5], "texture": "#4"},
				"south": {"uv": [9.5, 7, 11, 8], "texture": "#missing"},
				"west": {"uv": [5, 6, 10, 7], "texture": "#4"},
				"up": {"uv": [1.5, 5, 0, 0], "texture": "#6"},
				"down": {"uv": [3, 0, 1.5, 5], "texture": "#6"}
			}
		},
		{
			"from": [6, 4, 16],
			"to": [9, 7, 20],
			"rotation": {"angle": 0, "axis": "y", "origin": [0, 0, 1]},
			"faces": {
				"north": {"uv": [0, 9, 1.5, 10.5], "texture": "#6"},
				"east": {"uv": [7.5, 1.5, 9.5, 3], "texture": "#6"},
				"south": {"uv": [1.5, 9, 3, 10.5], "texture": "#6"},
				"west": {"uv": [5, 8, 7, 9.5], "texture": "#6"},
				"up": {"uv": [8.5, 10, 7, 8], "texture": "#6"},
				"down": {"uv": [10, 8, 8.5, 10], "texture": "#6"}
			}
		},
		{
			"from": [7, 6, 19],
			"to": [8, 7, 21],
			"rotation": {"angle": 45, "axis": "x", "origin": [7.5, 5.5, 20]},
			"faces": {
				"north": {"uv": [6.5, 10.5, 7, 11], "texture": "#6"},
				"east": {"uv": [2.5, 8.5, 3.5, 9], "texture": "#6"},
				"south": {"uv": [7, 10.5, 7.5, 11], "texture": "#6"},
				"west": {"uv": [10, 9, 11, 9.5], "texture": "#6"},
				"up": {"uv": [10.5, 10.5, 10, 9.5], "texture": "#6"},
				"down": {"uv": [0.5, 10.5, 0, 11.5], "texture": "#6"}
			}
		},
		{
			"from": [6, 7, 15],
			"to": [9, 10, 22],
			"rotation": {"angle": 0, "axis": "y", "origin": [0, 0, 1]},
			"faces": {
				"north": {"uv": [9.5, 1.5, 11, 3], "texture": "#6"},
				"east": {"uv": [3, 4.5, 6.5, 6], "texture": "#6"},
				"south": {"uv": [3, 9.5, 4.5, 11], "texture": "#6"},
				"west": {"uv": [0, 6, 3.5, 7.5], "texture": "#6"},
				"up": {"uv": [7.5, 3.5, 6, 0], "texture": "#6"},
				"down": {"uv": [5, 6, 3.5, 9.5], "texture": "#6"}
			}
		},
		{
			"from": [7, 5, 21],
			"to": [8, 6, 23],
			"rotation": {"angle": 0, "axis": "y", "origin": [0, 0, 1]},
			"faces": {
				"north": {"uv": [7.5, 10.5, 8, 11], "texture": "#6"},
				"east": {"uv": [0.5, 10.5, 1.5, 11], "texture": "#6"},
				"south": {"uv": [8, 10.5, 8.5, 11], "texture": "#6"},
				"west": {"uv": [1.5, 10.5, 2.5, 11], "texture": "#6"},
				"up": {"uv": [3, 11.5, 2.5, 10.5], "texture": "#6"},
				"down": {"uv": [6, 10.5, 5.5, 11.5], "texture": "#6"}
			}
		},
		{
			"from": [4, 8.4, 15.4],
			"to": [6, 8.6, 15.9],
			"rotation": {"angle": 0, "axis": "y", "origin": [0, 0, 1]},
			"faces": {
				"north": {"uv": [0, 0, 1, 0.1], "texture": "#0"},
				"east": {"uv": [0, 0, 0.25, 0.1], "texture": "#missing"},
				"south": {"uv": [0, 0, 1, 0.1], "texture": "#0"},
				"west": {"uv": [0, 0, 0.25, 0.1], "texture": "#0"},
				"up": {"uv": [0, 0, 1, 0.25], "texture": "#0"},
				"down": {"uv": [0, 0, 1, 0.25], "texture": "#0"}
			}
		},
		{
			"from": [5, 2, 8],
			"to": [10, 3, 11],
			"rotation": {"angle": -22.5, "axis": "x", "origin": [0, 0, 1]},
			"faces": {
				"north": {"uv": [10, 1, 12.5, 1.5], "texture": "#6"},
				"east": {"uv": [7, 10, 8.5, 10.5], "texture": "#6"},
				"south": {"uv": [10, 6.5, 12.5, 7], "texture": "#6"},
				"west": {"uv": [10, 8, 11.5, 8.5], "texture": "#6"},
				"up": {"uv": [2.5, 9, 0, 7.5], "texture": "#6"},
				"down": {"uv": [10, 0, 7.5, 1.5], "texture": "#6"}
			}
		},
		{
			"from": [6, 6.2, 7],
			"to": [6.1, 6.5, 16],
			"rotation": {"angle": 0, "axis": "y", "origin": [5.45, 5.95, 11.5]},
			"faces": {
				"north": {"uv": [7, 9.5, 5.5, 10.5], "rotation": 90, "texture": "#6"},
				"east": {"uv": [1.5, 0, 3, 5], "rotation": 270, "texture": "#6"},
				"south": {"uv": [11, 7, 9.5, 8], "rotation": 270, "texture": "#6"},
				"west": {"uv": [0, 5, 1.5, 0], "rotation": 270, "texture": "#6"},
				"up": {"uv": [10, 6, 5, 7], "rotation": 270, "texture": "#6"},
				"down": {"uv": [11, 3.5, 6, 4.5], "rotation": 270, "texture": "#6"}
			}
		},
		{
			"from": [6, 6.5, 14.3],
			"to": [6.1, 6.8, 16],
			"rotation": {"angle": 0, "axis": "y", "origin": [5.45, 5.95, 11.5]},
			"faces": {
				"north": {"uv": [7, 9.5, 5.5, 10.5], "rotation": 90, "texture": "#6"},
				"east": {"uv": [1.5, 0, 3, 5], "rotation": 270, "texture": "#6"},
				"south": {"uv": [11, 7, 9.5, 8], "rotation": 270, "texture": "#6"},
				"west": {"uv": [0, 5, 1.5, 0], "rotation": 270, "texture": "#6"},
				"up": {"uv": [10, 6, 5, 7], "rotation": 270, "texture": "#6"},
				"down": {"uv": [11, 3.5, 6, 4.5], "rotation": 270, "texture": "#6"}
			}
		},
		{
			"from": [6, 6.8, 7],
			"to": [6.1, 7.7, 15],
			"rotation": {"angle": 0, "axis": "y", "origin": [5.45, 5.95, 11.5]},
			"faces": {
				"north": {"uv": [7, 9.5, 5.5, 10.5], "rotation": 90, "texture": "#6"},
				"east": {"uv": [1.5, 0, 3, 5], "rotation": 270, "texture": "#6"},
				"south": {"uv": [11, 7, 9.5, 8], "rotation": 270, "texture": "#6"},
				"west": {"uv": [0, 5, 1.5, 0], "rotation": 270, "texture": "#6"},
				"up": {"uv": [10, 6, 5, 7], "rotation": 270, "texture": "#6"},
				"down": {"uv": [11, 3.5, 6, 4.5], "rotation": 270, "texture": "#6"}
			}
		},
		{
			"from": [5.9, 7, 15],
			"to": [6, 8.2, 22],
			"rotation": {"angle": 0, "axis": "y", "origin": [5.45, 5.95, 11.5]},
			"faces": {
				"north": {"uv": [7, 9.5, 5.5, 10.5], "rotation": 90, "texture": "#6"},
				"east": {"uv": [1.5, 0, 3, 5], "rotation": 270, "texture": "#6"},
				"south": {"uv": [11, 7, 9.5, 8], "rotation": 270, "texture": "#6"},
				"west": {"uv": [0, 5, 1.5, 0], "rotation": 270, "texture": "#6"},
				"up": {"uv": [10, 6, 5, 7], "rotation": 270, "texture": "#6"},
				"down": {"uv": [11, 3.5, 6, 4.5], "rotation": 270, "texture": "#6"}
			}
		},
		{
			"from": [6, 6.8, 15],
			"to": [6.1, 7, 16],
			"rotation": {"angle": 0, "axis": "y", "origin": [5.45, 5.95, 11.5]},
			"faces": {
				"north": {"uv": [7, 9.5, 5.5, 10.5], "rotation": 90, "texture": "#6"},
				"east": {"uv": [1.5, 0, 3, 5], "rotation": 270, "texture": "#6"},
				"south": {"uv": [11, 7, 9.5, 8], "rotation": 270, "texture": "#6"},
				"west": {"uv": [0, 5, 1.5, 0], "rotation": 270, "texture": "#6"},
				"up": {"uv": [10, 6, 5, 7], "rotation": 270, "texture": "#6"},
				"down": {"uv": [11, 3.5, 6, 4.5], "rotation": 270, "texture": "#6"}
			}
		},
		{
			"from": [5.9, 8.2, 15],
			"to": [6.1, 8.8, 15.4],
			"rotation": {"angle": 0, "axis": "y", "origin": [5.45, 5.95, 11.5]},
			"faces": {
				"north": {"uv": [7, 9.5, 5.5, 10.5], "rotation": 90, "texture": "#6"},
				"east": {"uv": [1.5, 0, 3, 5], "rotation": 270, "texture": "#6"},
				"south": {"uv": [11, 7, 9.5, 8], "rotation": 270, "texture": "#6"},
				"west": {"uv": [0, 5, 1.5, 0], "rotation": 270, "texture": "#6"},
				"up": {"uv": [10, 6, 5, 7], "rotation": 270, "texture": "#6"},
				"down": {"uv": [11, 3.5, 6, 4.5], "rotation": 270, "texture": "#6"}
			}
		},
		{
			"from": [5.9, 8.8, 15],
			"to": [6, 10, 22],
			"rotation": {"angle": 0, "axis": "y", "origin": [5.45, 5.95, 11.5]},
			"faces": {
				"north": {"uv": [7, 9.5, 5.5, 10.5], "rotation": 90, "texture": "#6"},
				"east": {"uv": [1.5, 0, 3, 5], "rotation": 270, "texture": "#6"},
				"south": {"uv": [11, 7, 9.5, 8], "rotation": 270, "texture": "#6"},
				"west": {"uv": [0, 5, 1.5, 0], "rotation": 270, "texture": "#6"},
				"up": {"uv": [10, 6, 5, 7], "rotation": 270, "texture": "#6"},
				"down": {"uv": [11, 3.5, 6, 4.5], "rotation": 270, "texture": "#6"}
			}
		},
		{
			"from": [5.9, 8.2, 20.5],
			"to": [6, 8.8, 22],
			"rotation": {"angle": 0, "axis": "y", "origin": [5.45, 5.95, 11.5]},
			"faces": {
				"north": {"uv": [7, 9.5, 5.5, 10.5], "rotation": 90, "texture": "#6"},
				"east": {"uv": [1.5, 0, 3, 5], "rotation": 270, "texture": "#6"},
				"south": {"uv": [11, 7, 9.5, 8], "rotation": 270, "texture": "#6"},
				"west": {"uv": [0, 5, 1.5, 0], "rotation": 270, "texture": "#6"},
				"up": {"uv": [10, 6, 5, 7], "rotation": 270, "texture": "#6"},
				"down": {"uv": [11, 3.5, 6, 4.5], "rotation": 270, "texture": "#6"}
			}
		},
		{
			"from": [5.9, 9.8, 7],
			"to": [6, 10.1, 15],
			"rotation": {"angle": 0, "axis": "z", "origin": [5.45, 10.05, 11.5]},
			"faces": {
				"north": {"uv": [5.5, 9.5, 7, 10.5], "rotation": 90, "texture": "#6"},
				"east": {"uv": [3, 0, 1.5, 5], "rotation": 270, "texture": "#6"},
				"south": {"uv": [9.5, 7, 11, 8], "rotation": 270, "texture": "#6"},
				"west": {"uv": [1.5, 5, 0, 0], "rotation": 270, "texture": "#6"},
				"up": {"uv": [6, 3.5, 11, 4.5], "rotation": 270, "texture": "#6"},
				"down": {"uv": [5, 6, 10, 7], "rotation": 270, "texture": "#6"}
			}
		},
		{
			"from": [5.9, 8.6, 7],
			"to": [6, 9.5, 15],
			"rotation": {"angle": 0, "axis": "y", "origin": [5.45, 10.05, 11.5]},
			"faces": {
				"north": {"uv": [5.5, 9.5, 7, 10.5], "rotation": 90, "texture": "#6"},
				"east": {"uv": [3, 0, 1.5, 5], "rotation": 270, "texture": "#6"},
				"south": {"uv": [9.5, 7, 11, 8], "rotation": 270, "texture": "#6"},
				"west": {"uv": [1.5, 5, 0, 0], "rotation": 270, "texture": "#6"},
				"up": {"uv": [6, 3.5, 11, 4.5], "rotation": 270, "texture": "#6"},
				"down": {"uv": [5, 6, 10, 7], "rotation": 270, "texture": "#6"}
			}
		},
		{
			"from": [5.9, 9.5, 13.5],
			"to": [6, 9.8, 15],
			"rotation": {"angle": 0, "axis": "y", "origin": [5.45, 10.05, 11.5]},
			"faces": {
				"north": {"uv": [5.5, 9.5, 7, 10.5], "rotation": 90, "texture": "#6"},
				"east": {"uv": [3, 0, 1.5, 5], "rotation": 270, "texture": "#6"},
				"south": {"uv": [9.5, 7, 11, 8], "rotation": 270, "texture": "#6"},
				"west": {"uv": [1.5, 5, 0, 0], "rotation": 270, "texture": "#6"},
				"up": {"uv": [6, 3.5, 11, 4.5], "rotation": 270, "texture": "#6"},
				"down": {"uv": [5, 6, 10, 7], "rotation": 270, "texture": "#6"}
			}
		},
		{
			"from": [5.9, 9.5, 11.2],
			"to": [6, 9.8, 12.5],
			"rotation": {"angle": 0, "axis": "y", "origin": [5.45, 10.05, 11.5]},
			"faces": {
				"north": {"uv": [5.5, 9.5, 7, 10.5], "rotation": 90, "texture": "#6"},
				"east": {"uv": [3, 0, 1.5, 5], "rotation": 270, "texture": "#6"},
				"south": {"uv": [9.5, 7, 11, 8], "rotation": 270, "texture": "#6"},
				"west": {"uv": [1.5, 5, 0, 0], "rotation": 270, "texture": "#6"},
				"up": {"uv": [6, 3.5, 11, 4.5], "rotation": 270, "texture": "#6"},
				"down": {"uv": [5, 6, 10, 7], "rotation": 270, "texture": "#6"}
			}
		},
		{
			"from": [5.9, 9.5, 8.6],
			"to": [6, 9.8, 9.5],
			"rotation": {"angle": 0, "axis": "y", "origin": [5.45, 10.05, 11.5]},
			"faces": {
				"north": {"uv": [5.5, 9.5, 7, 10.5], "rotation": 90, "texture": "#6"},
				"east": {"uv": [3, 0, 1.5, 5], "rotation": 270, "texture": "#6"},
				"south": {"uv": [9.5, 7, 11, 8], "rotation": 270, "texture": "#6"},
				"west": {"uv": [1.5, 5, 0, 0], "rotation": 270, "texture": "#6"},
				"up": {"uv": [6, 3.5, 11, 4.5], "rotation": 270, "texture": "#6"},
				"down": {"uv": [5, 6, 10, 7], "rotation": 270, "texture": "#6"}
			}
		},
		{
			"from": [5.9, 9.5, 7],
			"to": [6, 9.8, 7.6],
			"rotation": {"angle": 0, "axis": "y", "origin": [5.45, 10.05, 11.5]},
			"faces": {
				"north": {"uv": [5.5, 9.5, 7, 10.5], "rotation": 90, "texture": "#6"},
				"east": {"uv": [3, 0, 1.5, 5], "rotation": 270, "texture": "#6"},
				"south": {"uv": [9.5, 7, 11, 8], "rotation": 270, "texture": "#6"},
				"west": {"uv": [1.5, 5, 0, 0], "rotation": 270, "texture": "#6"},
				"up": {"uv": [6, 3.5, 11, 4.5], "rotation": 270, "texture": "#6"},
				"down": {"uv": [5, 6, 10, 7], "rotation": 270, "texture": "#6"}
			}
		},
		{
			"from": [6, 10, 7],
			"to": [9, 10.1, 15],
			"rotation": {"angle": 0, "axis": "y", "origin": [0, 0, 1]},
			"faces": {
				"north": {"uv": [5.5, 9.5, 7, 10.5], "texture": "#6"},
				"east": {"uv": [6, 3.5, 11, 4.5], "texture": "#6"},
				"south": {"uv": [9.5, 7, 11, 8], "texture": "#6"},
				"west": {"uv": [5, 6, 10, 7], "texture": "#6"},
				"up": {"uv": [1.5, 5, 0, 0], "texture": "#6"},
				"down": {"uv": [3, 0, 1.5, 5], "texture": "#6"}
			}
		},
		{
			"from": [5.9, 10, 15],
			"to": [9.1, 10.1, 22],
			"rotation": {"angle": 0, "axis": "y", "origin": [0, 0, 1]},
			"faces": {
				"north": {"uv": [5.5, 9.5, 7, 10.5], "texture": "#6"},
				"east": {"uv": [6, 3.5, 11, 4.5], "texture": "#6"},
				"south": {"uv": [9.5, 7, 11, 8], "texture": "#6"},
				"west": {"uv": [5, 6, 10, 7], "texture": "#6"},
				"up": {"uv": [1.5, 5, 0, 0], "texture": "#6"},
				"down": {"uv": [3, 0, 1.5, 5], "texture": "#6"}
			}
		},
		{
			"from": [9, 8.8, 15],
			"to": [9.1, 10, 22],
			"rotation": {"angle": 0, "axis": "y", "origin": [5.45, 5.95, 11.5]},
			"faces": {
				"north": {"uv": [7, 9.5, 5.5, 10.5], "rotation": 90, "texture": "#6"},
				"east": {"uv": [1.5, 0, 3, 5], "rotation": 270, "texture": "#6"},
				"south": {"uv": [11, 7, 9.5, 8], "rotation": 270, "texture": "#6"},
				"west": {"uv": [0, 5, 1.5, 0], "rotation": 270, "texture": "#6"},
				"up": {"uv": [10, 6, 5, 7], "rotation": 270, "texture": "#6"},
				"down": {"uv": [11, 3.5, 6, 4.5], "rotation": 270, "texture": "#6"}
			}
		},
		{
			"from": [9, 8.2, 20.5],
			"to": [9.1, 8.8, 22],
			"rotation": {"angle": 0, "axis": "y", "origin": [5.45, 5.95, 11.5]},
			"faces": {
				"north": {"uv": [7, 9.5, 5.5, 10.5], "rotation": 90, "texture": "#6"},
				"east": {"uv": [1.5, 0, 3, 5], "rotation": 270, "texture": "#6"},
				"south": {"uv": [11, 7, 9.5, 8], "rotation": 270, "texture": "#6"},
				"west": {"uv": [0, 5, 1.5, 0], "rotation": 270, "texture": "#6"},
				"up": {"uv": [10, 6, 5, 7], "rotation": 270, "texture": "#6"},
				"down": {"uv": [11, 3.5, 6, 4.5], "rotation": 270, "texture": "#6"}
			}
		},
		{
			"from": [9, 7, 15],
			"to": [9.1, 8.2, 22],
			"rotation": {"angle": 0, "axis": "y", "origin": [5.45, 5.95, 11.5]},
			"faces": {
				"north": {"uv": [7, 9.5, 5.5, 10.5], "rotation": 90, "texture": "#6"},
				"east": {"uv": [1.5, 0, 3, 5], "rotation": 270, "texture": "#6"},
				"south": {"uv": [11, 7, 9.5, 8], "rotation": 270, "texture": "#6"},
				"west": {"uv": [0, 5, 1.5, 0], "rotation": 270, "texture": "#6"},
				"up": {"uv": [10, 6, 5, 7], "rotation": 270, "texture": "#6"},
				"down": {"uv": [11, 3.5, 6, 4.5], "rotation": 270, "texture": "#6"}
			}
		},
		{
			"from": [8.9, 6.8, 7],
			"to": [9, 7.7, 15],
			"rotation": {"angle": 0, "axis": "y", "origin": [5.45, 5.95, 11.5]},
			"faces": {
				"north": {"uv": [7, 9.5, 5.5, 10.5], "rotation": 90, "texture": "#6"},
				"east": {"uv": [1.5, 0, 3, 5], "rotation": 270, "texture": "#6"},
				"south": {"uv": [11, 7, 9.5, 8], "rotation": 270, "texture": "#6"},
				"west": {"uv": [0, 5, 1.5, 0], "rotation": 270, "texture": "#6"},
				"up": {"uv": [10, 6, 5, 7], "rotation": 270, "texture": "#6"},
				"down": {"uv": [11, 3.5, 6, 4.5], "rotation": 270, "texture": "#6"}
			}
		},
		{
			"from": [9, 8.2, 15],
			"to": [9.1, 8.8, 15.4],
			"rotation": {"angle": 0, "axis": "y", "origin": [5.45, 5.95, 11.5]},
			"faces": {
				"north": {"uv": [7, 9.5, 5.5, 10.5], "rotation": 90, "texture": "#6"},
				"east": {"uv": [1.5, 0, 3, 5], "rotation": 270, "texture": "#6"},
				"south": {"uv": [11, 7, 9.5, 8], "rotation": 270, "texture": "#6"},
				"west": {"uv": [0, 5, 1.5, 0], "rotation": 270, "texture": "#6"},
				"up": {"uv": [10, 6, 5, 7], "rotation": 270, "texture": "#6"},
				"down": {"uv": [11, 3.5, 6, 4.5], "rotation": 270, "texture": "#6"}
			}
		},
		{
			"from": [8.9, 6.2, 7],
			"to": [9, 6.5, 15],
			"rotation": {"angle": 0, "axis": "y", "origin": [5.45, 5.95, 11.5]},
			"faces": {
				"north": {"uv": [7, 9.5, 5.5, 10.5], "rotation": 90, "texture": "#6"},
				"east": {"uv": [1.5, 0, 3, 5], "rotation": 270, "texture": "#6"},
				"south": {"uv": [11, 7, 9.5, 8], "rotation": 270, "texture": "#6"},
				"west": {"uv": [0, 5, 1.5, 0], "rotation": 270, "texture": "#6"},
				"up": {"uv": [10, 6, 5, 7], "rotation": 270, "texture": "#6"},
				"down": {"uv": [11, 3.5, 6, 4.5], "rotation": 270, "texture": "#6"}
			}
		},
		{
			"from": [8.9, 6.5, 14.3],
			"to": [9, 6.8, 15],
			"rotation": {"angle": 0, "axis": "y", "origin": [5.45, 5.95, 11.5]},
			"faces": {
				"north": {"uv": [7, 9.5, 5.5, 10.5], "rotation": 90, "texture": "#6"},
				"east": {"uv": [1.5, 0, 3, 5], "rotation": 270, "texture": "#6"},
				"south": {"uv": [11, 7, 9.5, 8], "rotation": 270, "texture": "#6"},
				"west": {"uv": [0, 5, 1.5, 0], "rotation": 270, "texture": "#6"},
				"up": {"uv": [10, 6, 5, 7], "rotation": 270, "texture": "#6"},
				"down": {"uv": [11, 3.5, 6, 4.5], "rotation": 270, "texture": "#6"}
			}
		},
		{
			"from": [9, 8.6, 7],
			"to": [9.1, 9.5, 15],
			"rotation": {"angle": 0, "axis": "y", "origin": [10.55, 10.05, 11.5]},
			"faces": {
				"north": {"uv": [5.5, 10.5, 7, 9.5], "rotation": 90, "texture": "#6"},
				"east": {"uv": [1.5, 0, 0, 5], "rotation": 270, "texture": "#6"},
				"south": {"uv": [9.5, 8, 11, 7], "rotation": 270, "texture": "#6"},
				"west": {"uv": [3, 5, 1.5, 0], "rotation": 270, "texture": "#6"},
				"up": {"uv": [6, 4.5, 11, 3.5], "rotation": 270, "texture": "#6"},
				"down": {"uv": [5, 7, 10, 6], "rotation": 270, "texture": "#6"}
			}
		},
		{
			"from": [9, 9.5, 11.2],
			"to": [9.1, 9.8, 12.5],
			"rotation": {"angle": 0, "axis": "y", "origin": [10.55, 10.05, 11.5]},
			"faces": {
				"north": {"uv": [5.5, 10.5, 7, 9.5], "rotation": 90, "texture": "#6"},
				"east": {"uv": [1.5, 0, 0, 5], "rotation": 270, "texture": "#6"},
				"south": {"uv": [9.5, 8, 11, 7], "rotation": 270, "texture": "#6"},
				"west": {"uv": [3, 5, 1.5, 0], "rotation": 270, "texture": "#6"},
				"up": {"uv": [6, 4.5, 11, 3.5], "rotation": 270, "texture": "#6"},
				"down": {"uv": [5, 7, 10, 6], "rotation": 270, "texture": "#6"}
			}
		},
		{
			"from": [9, 9.5, 13.5],
			"to": [9.1, 9.8, 15],
			"rotation": {"angle": 0, "axis": "y", "origin": [10.55, 10.05, 11.5]},
			"faces": {
				"north": {"uv": [5.5, 10.5, 7, 9.5], "rotation": 90, "texture": "#6"},
				"east": {"uv": [1.5, 0, 0, 5], "rotation": 270, "texture": "#6"},
				"south": {"uv": [9.5, 8, 11, 7], "rotation": 270, "texture": "#6"},
				"west": {"uv": [3, 5, 1.5, 0], "rotation": 270, "texture": "#6"},
				"up": {"uv": [6, 4.5, 11, 3.5], "rotation": 270, "texture": "#6"},
				"down": {"uv": [5, 7, 10, 6], "rotation": 270, "texture": "#6"}
			}
		},
		{
			"from": [9, 9.8, 7],
			"to": [9.1, 10.1, 15],
			"rotation": {"angle": 0, "axis": "y", "origin": [10.55, 10.05, 11.5]},
			"faces": {
				"north": {"uv": [5.5, 10.5, 7, 9.5], "rotation": 90, "texture": "#6"},
				"east": {"uv": [1.5, 0, 0, 5], "rotation": 270, "texture": "#6"},
				"south": {"uv": [9.5, 8, 11, 7], "rotation": 270, "texture": "#6"},
				"west": {"uv": [3, 5, 1.5, 0], "rotation": 270, "texture": "#6"},
				"up": {"uv": [6, 4.5, 11, 3.5], "rotation": 270, "texture": "#6"},
				"down": {"uv": [5, 7, 10, 6], "rotation": 270, "texture": "#6"}
			}
		},
		{
			"from": [5.9, 9.5, 22],
			"to": [9.1, 10.1, 22.1],
			"rotation": {"angle": 0, "axis": "x", "origin": [7.5, 10.05, 22.25]},
			"faces": {
				"north": {"uv": [3, 0, 1.5, 5], "rotation": 180, "texture": "#6"},
				"east": {"uv": [6, 3.5, 11, 4.5], "rotation": 270, "texture": "#6"},
				"south": {"uv": [1.5, 5, 0, 0], "texture": "#6"},
				"west": {"uv": [5, 6, 10, 7], "rotation": 90, "texture": "#6"},
				"up": {"uv": [5.5, 9.5, 7, 10.5], "rotation": 180, "texture": "#6"},
				"down": {"uv": [9.5, 7, 11, 8], "texture": "#6"}
			}
		},
		{
			"from": [5.8, 8.6, 7.1],
			"to": [5.9, 10.1, 7.5],
			"rotation": {"angle": 0, "axis": "z", "origin": [5.3, 10.1, 7.2]},
			"faces": {
				"north": {"uv": [9.5, 7, 11, 8], "rotation": 90, "texture": "#8"},
				"east": {"uv": [3, 0, 1.5, 5], "rotation": 90, "texture": "#6"},
				"south": {"uv": [5.5, 9.5, 7, 10.5], "rotation": 270, "texture": "#8"},
				"west": {"uv": [1.5, 5, 0, 0], "rotation": 90, "texture": "#8"},
				"up": {"uv": [5, 6, 10, 7], "rotation": 270, "texture": "#8"},
				"down": {"uv": [6, 3.5, 11, 4.5], "rotation": 270, "texture": "#8"}
			}
		},
		{
			"from": [5.9, 10.1, 7.1],
			"to": [7.1, 10.1, 7.5],
			"rotation": {"angle": 0, "axis": "y", "origin": [7.5, 10.3, 8.2]},
			"faces": {
				"north": {"uv": [9.5, 7, 11, 8], "texture": "#6"},
				"east": {"uv": [5, 6, 10, 7], "texture": "#6"},
				"south": {"uv": [5.5, 9.5, 7, 10.5], "texture": "#6"},
				"west": {"uv": [6, 3.5, 11, 4.5], "texture": "#6"},
				"up": {"uv": [1.5, 5, 0, 0], "rotation": 180, "texture": "#8"},
				"down": {"uv": [3, 0, 1.5, 5], "rotation": 180, "texture": "#6"}
			}
		},
		{
			"from": [7.9, 10.1, 7.1],
			"to": [9.1, 10.1, 7.5],
			"rotation": {"angle": 0, "axis": "y", "origin": [8.5, 10.3, 8.2]},
			"faces": {
				"north": {"uv": [11, 7, 9.5, 8], "texture": "#6"},
				"east": {"uv": [11, 3.5, 6, 4.5], "texture": "#6"},
				"south": {"uv": [7, 9.5, 5.5, 10.5], "texture": "#6"},
				"west": {"uv": [10, 6, 5, 7], "texture": "#6"},
				"up": {"uv": [0, 5, 1.5, 0], "rotation": 180, "texture": "#8"},
				"down": {"uv": [1.5, 0, 3, 5], "rotation": 180, "texture": "#6"}
			}
		},
		{
			"from": [9.1, 8.6, 7.1],
			"to": [9.2, 10.1, 7.5],
			"rotation": {"angle": 0, "axis": "y", "origin": [10.7, 10.1, 7.2]},
			"faces": {
				"north": {"uv": [9.5, 8, 11, 7], "rotation": 90, "texture": "#8"},
				"east": {"uv": [1.5, 0, 0, 5], "rotation": 90, "texture": "#8"},
				"south": {"uv": [5.5, 10.5, 7, 9.5], "rotation": 270, "texture": "#8"},
				"west": {"uv": [3, 5, 1.5, 0], "rotation": 90, "texture": "#6"},
				"up": {"uv": [5, 7, 10, 6], "rotation": 270, "texture": "#8"},
				"down": {"uv": [6, 4.5, 11, 3.5], "rotation": 270, "texture": "#8"}
			}
		},
		{
			"from": [9, 9.5, 7],
			"to": [9.1, 9.8, 7.6],
			"rotation": {"angle": 0, "axis": "y", "origin": [10.55, 10.05, 11.5]},
			"faces": {
				"north": {"uv": [5.5, 10.5, 7, 9.5], "rotation": 90, "texture": "#6"},
				"east": {"uv": [1.5, 0, 0, 5], "rotation": 270, "texture": "#6"},
				"south": {"uv": [9.5, 8, 11, 7], "rotation": 270, "texture": "#6"},
				"west": {"uv": [3, 5, 1.5, 0], "rotation": 270, "texture": "#6"},
				"up": {"uv": [6, 4.5, 11, 3.5], "rotation": 270, "texture": "#6"},
				"down": {"uv": [5, 7, 10, 6], "rotation": 270, "texture": "#6"}
			}
		},
		{
			"from": [9, 9.5, 8.6],
			"to": [9.1, 9.8, 9.5],
			"rotation": {"angle": 0, "axis": "y", "origin": [10.55, 10.05, 11.5]},
			"faces": {
				"north": {"uv": [5.5, 10.5, 7, 9.5], "rotation": 90, "texture": "#6"},
				"east": {"uv": [1.5, 0, 0, 5], "rotation": 270, "texture": "#6"},
				"south": {"uv": [9.5, 8, 11, 7], "rotation": 270, "texture": "#6"},
				"west": {"uv": [3, 5, 1.5, 0], "rotation": 270, "texture": "#6"},
				"up": {"uv": [6, 4.5, 11, 3.5], "rotation": 270, "texture": "#6"},
				"down": {"uv": [5, 7, 10, 6], "rotation": 270, "texture": "#6"}
			}
		},
		{
			"from": [6.9, 7, 1.4],
			"to": [7, 8, 2.6],
			"rotation": {"angle": 0, "axis": "y", "origin": [7.5, 9, 1]},
			"faces": {
				"north": {"uv": [0, 0, 0.05, 0.5], "texture": "#6"},
				"east": {"uv": [0, 0, 0.6, 0.5], "texture": "#6"},
				"south": {"uv": [0, 0, 0.05, 0.5], "texture": "#6"},
				"west": {"uv": [0, 0, 0.6, 0.5], "texture": "#6"},
				"up": {"uv": [0, 0, 0.05, 0.6], "texture": "#6"},
				"down": {"uv": [0, 0, 0.05, 0.6], "texture": "#6"}
			}
		},
		{
			"from": [6.95, 9.95, 1],
			"to": [8.05, 10.05, 2.6],
			"rotation": {"angle": 0, "axis": "z", "origin": [6.95, 10.7, 1.6]},
			"faces": {
				"north": {"uv": [0, 0, 0.05, 0.55], "rotation": 270, "texture": "#6"},
				"east": {"uv": [0, 0, 0.05, 0.8], "rotation": 90, "texture": "#6"},
				"south": {"uv": [0, 0, 0.05, 0.55], "rotation": 90, "texture": "#6"},
				"west": {"uv": [0, 0, 0.05, 0.8], "rotation": 90, "texture": "#6"},
				"up": {"uv": [0, 0, 0.8, 0.55], "rotation": 90, "texture": "#6"},
				"down": {"uv": [0, 0, 0.8, 0.55], "rotation": 90, "texture": "#6"}
			}
		},
		{
			"from": [7.55, 9.9818, 1.2818],
			"to": [7.65, 10.3818, 2.2818],
			"rotation": {"angle": 0, "axis": "x", "origin": [6.95, 10.6318, 1.5818]},
			"faces": {
				"north": {"uv": [0, 0, 0.2, 0.05], "rotation": 270, "texture": "#6"},
				"east": {"uv": [0, 0, 0.2, 0.5], "rotation": 270, "texture": "#6"},
				"south": {"uv": [0, 0, 0.2, 0.05], "rotation": 90, "texture": "#6"},
				"west": {"uv": [0, 0, 0.2, 0.5], "rotation": 270, "texture": "#6"},
				"up": {"uv": [0, 0, 0.5, 0.05], "rotation": 90, "texture": "#6"},
				"down": {"uv": [0, 0, 0.5, 0.05], "rotation": 90, "texture": "#6"}
			}
		},
		{
			"from": [7.55, 9.02678, 2.04602],
			"to": [7.65, 9.52678, 2.14602],
			"rotation": {"angle": 45, "axis": "x", "origin": [7.6, 10.87678, 2.69602]},
			"faces": {
				"north": {"uv": [0, 0, 0.25, 0.05], "rotation": 270, "texture": "#6"},
				"east": {"uv": [0, 0, 0.05, 0.25], "rotation": 180, "texture": "#6"},
				"south": {"uv": [0, 0, 0.25, 0.05], "rotation": 90, "texture": "#6"},
				"west": {"uv": [0, 0, 0.05, 0.25], "texture": "#6"},
				"up": {"uv": [0, 0, 0.05, 0.05], "rotation": 90, "texture": "#6"},
				"down": {"uv": [0, 0, 0.05, 0.05], "rotation": 90, "texture": "#6"}
			}
		},
		{
			"from": [7.55, 10.85, 2.3],
			"to": [7.65, 10.95, 2.8],
			"rotation": {"angle": 45, "axis": "x", "origin": [6.95, 10.7, 1.6]},
			"faces": {
				"north": {"uv": [0, 0, 0.05, 0.05], "rotation": 270, "texture": "#6"},
				"east": {"uv": [0, 0, 0.05, 0.25], "rotation": 90, "texture": "#6"},
				"south": {"uv": [0, 0, 0.05, 0.05], "rotation": 90, "texture": "#6"},
				"west": {"uv": [0, 0, 0.05, 0.25], "rotation": 90, "texture": "#6"},
				"up": {"uv": [0, 0, 0.25, 0.05], "rotation": 90, "texture": "#6"},
				"down": {"uv": [0, 0, 0.25, 0.05], "rotation": 90, "texture": "#6"}
			}
		},
		{
			"from": [7.55, 9.9818, 2.2818],
			"to": [7.65, 10.1818, 2.3818],
			"rotation": {"angle": 0, "axis": "y", "origin": [6.95, 10.6318, 1.5818]},
			"faces": {
				"north": {"uv": [0, 0, 0.1, 0.05], "rotation": 270, "texture": "#6"},
				"east": {"uv": [0, 0, 0.1, 0.05], "rotation": 270, "texture": "#6"},
				"south": {"uv": [0, 0, 0.1, 0.05], "rotation": 90, "texture": "#6"},
				"west": {"uv": [0, 0, 0.1, 0.05], "rotation": 270, "texture": "#6"},
				"up": {"uv": [0, 0, 0.05, 0.05], "rotation": 90, "texture": "#6"},
				"down": {"uv": [0, 0, 0.05, 0.05], "rotation": 90, "texture": "#6"}
			}
		},
		{
			"from": [7.55, 9.9818, 1.0818],
			"to": [7.65, 10.1818, 1.2818],
			"rotation": {"angle": 0, "axis": "y", "origin": [6.95, 10.6318, 1.5818]},
			"faces": {
				"north": {"uv": [0, 0, 0.1, 0.05], "rotation": 270, "texture": "#6"},
				"east": {"uv": [0, 0, 0.1, 0.1], "rotation": 270, "texture": "#6"},
				"south": {"uv": [0, 0, 0.1, 0.05], "rotation": 90, "texture": "#6"},
				"west": {"uv": [0, 0, 0.1, 0.1], "rotation": 270, "texture": "#6"},
				"up": {"uv": [0, 0, 0.1, 0.05], "rotation": 90, "texture": "#6"},
				"down": {"uv": [0, 0, 0.1, 0.05], "rotation": 90, "texture": "#6"}
			}
		},
		{
			"from": [6.8, 9.3, 1.5],
			"to": [8.2, 9.8, 2.1],
			"rotation": {"angle": 0, "axis": "y", "origin": [0, 0, 1]},
			"faces": {
				"north": {"uv": [5.5, 9.5, 7, 10.5], "texture": "#6"},
				"east": {"uv": [6, 3.5, 11, 4.5], "texture": "#6"},
				"south": {"uv": [9.5, 7, 11, 8], "texture": "#6"},
				"west": {"uv": [5, 6, 10, 7], "texture": "#6"},
				"up": {"uv": [1.5, 5, 0, 0], "texture": "#6"},
				"down": {"uv": [3, 0, 1.5, 5], "texture": "#6"}
			}
		},
		{
			"from": [6.9, 8, 1.5],
			"to": [7, 9, 2.6],
			"rotation": {"angle": 0, "axis": "y", "origin": [7.5, 9, 1]},
			"faces": {
				"north": {"uv": [0, 0, 0.05, 0.5], "texture": "#6"},
				"east": {"uv": [0, 0, 0.55, 0.5], "texture": "#6"},
				"south": {"uv": [0, 0, 0.05, 0.5], "texture": "#6"},
				"west": {"uv": [0, 0, 0.55, 0.5], "texture": "#6"},
				"up": {"uv": [0, 0, 0.05, 0.55], "texture": "#6"},
				"down": {"uv": [0, 0, 0.05, 0.55], "texture": "#6"}
			}
		},
		{
			"from": [6.9, 7.79239, 0.96173],
			"to": [7, 8.99239, 1.26173],
			"rotation": {"angle": -22.5, "axis": "x", "origin": [7.5, 9.09239, 0.96173]},
			"faces": {
				"north": {"uv": [0, 0, 0.05, 0.6], "texture": "#6"},
				"east": {"uv": [0, 0, 0.15, 0.6], "texture": "#6"},
				"south": {"uv": [0, 0, 0.05, 0.6], "texture": "#6"},
				"west": {"uv": [0, 0, 0.15, 0.6], "texture": "#6"},
				"up": {"uv": [0, 0, 0.05, 0.15], "texture": "#6"},
				"down": {"uv": [0, 0, 0.05, 0.15], "texture": "#6"}
			}
		},
		{
			"from": [6.9, 9, 1],
			"to": [7, 10, 2.6],
			"rotation": {"angle": 0, "axis": "y", "origin": [7.5, 9, 1]},
			"faces": {
				"north": {"uv": [0, 0, 0.05, 0.5], "texture": "#6"},
				"east": {"uv": [0, 0, 0.8, 0.5], "texture": "#6"},
				"south": {"uv": [0, 0, 0.05, 0.5], "texture": "#6"},
				"west": {"uv": [0, 0, 0.8, 0.5], "texture": "#6"},
				"up": {"uv": [0, 0, 0.05, 0.8], "texture": "#6"},
				"down": {"uv": [0, 0, 0.05, 0.8], "texture": "#6"}
			}
		},
		{
			"from": [8, 7, 1.4],
			"to": [8.1, 8, 2.6],
			"rotation": {"angle": 0, "axis": "y", "origin": [7.5, 9, 1]},
			"faces": {
				"north": {"uv": [0.05, 0, 0.1, 0.5], "texture": "#6"},
				"east": {"uv": [0.4, 0, 1, 0.5], "texture": "#6"},
				"south": {"uv": [0.05, 0, 0.1, 0.5], "texture": "#6"},
				"west": {"uv": [0.4, 0, 1, 0.5], "texture": "#6"},
				"up": {"uv": [0.05, 0, 0.1, 0.6], "texture": "#6"},
				"down": {"uv": [0.05, 0, 0.1, 0.6], "texture": "#6"}
			}
		},
		{
			"from": [8, 7.79239, 0.96173],
			"to": [8.1, 8.99239, 1.26173],
			"rotation": {"angle": -22.5, "axis": "x", "origin": [7.5, 9.09239, 0.96173]},
			"faces": {
				"north": {"uv": [0.05, 0, 0.1, 0.6], "texture": "#6"},
				"east": {"uv": [0.05, 0, 0.2, 0.6], "texture": "#6"},
				"south": {"uv": [0.05, 0, 0.1, 0.6], "texture": "#6"},
				"west": {"uv": [0.05, 0, 0.2, 0.6], "texture": "#6"},
				"up": {"uv": [0.05, 0, 0.1, 0.15], "texture": "#6"},
				"down": {"uv": [0.05, 0, 0.1, 0.15], "texture": "#6"}
			}
		},
		{
			"from": [8, 8, 1.5],
			"to": [8.1, 9, 2.6],
			"rotation": {"angle": 0, "axis": "y", "origin": [7.5, 9, 1]},
			"faces": {
				"north": {"uv": [0.05, 0, 0.1, 0.5], "texture": "#6"},
				"east": {"uv": [0.35, 0, 0.9, 0.5], "texture": "#6"},
				"south": {"uv": [0.05, 0, 0.1, 0.5], "texture": "#6"},
				"west": {"uv": [0.35, 0, 0.9, 0.5], "texture": "#6"},
				"up": {"uv": [0.05, 0, 0.1, 0.55], "texture": "#6"},
				"down": {"uv": [0.05, 0, 0.1, 0.55], "texture": "#6"}
			}
		},
		{
			"from": [8, 9, 1],
			"to": [8.1, 10, 2.6],
			"rotation": {"angle": 0, "axis": "y", "origin": [7.5, 9, 1]},
			"faces": {
				"north": {"uv": [0.05, 0, 0.1, 0.5], "texture": "#6"},
				"east": {"uv": [0.6, 0, 1.4, 0.5], "texture": "#6"},
				"south": {"uv": [0.05, 0, 0.1, 0.5], "texture": "#6"},
				"west": {"uv": [0.6, 0, 1.4, 0.5], "texture": "#6"},
				"up": {"uv": [0.05, 0, 0.1, 0.8], "texture": "#6"},
				"down": {"uv": [0.05, 0, 0.1, 0.8], "texture": "#6"}
			}
		},
		{
			"from": [6.95, 6.95, 1.4],
			"to": [8.05, 7.05, 2.6],
			"rotation": {"angle": 0, "axis": "z", "origin": [6.95, 6.5, 1.8]},
			"faces": {
				"north": {"uv": [0, 0, 0.05, 0.55], "rotation": 90, "texture": "#6"},
				"east": {"uv": [0, 0, 0.05, 0.6], "rotation": 270, "texture": "#6"},
				"south": {"uv": [0, 0, 0.05, 0.55], "rotation": 270, "texture": "#6"},
				"west": {"uv": [0, 0, 0.05, 0.6], "rotation": 270, "texture": "#6"},
				"up": {"uv": [0, 0, 0.6, 0.55], "rotation": 270, "texture": "#6"},
				"down": {"uv": [0, 0, 0.6, 0.55], "rotation": 270, "texture": "#6"}
			}
		},
		{
			"from": [8, 8.59239, 1.36173],
			"to": [8.1, 8.89239, 1.66173],
			"rotation": {"angle": -22.5, "axis": "x", "origin": [7.5, 9.09239, 0.96173]},
			"faces": {
				"north": {"uv": [0.05, 0, 0.1, 0.15], "texture": "#6"},
				"east": {"uv": [0.05, 0, 0.2, 0.15], "texture": "#6"},
				"south": {"uv": [0.05, 0, 0.1, 0.15], "texture": "#6"},
				"west": {"uv": [0.05, 0, 0.2, 0.15], "texture": "#6"},
				"up": {"uv": [0.05, 0, 0.1, 0.15], "texture": "#6"},
				"down": {"uv": [0.05, 0, 0.1, 0.15], "texture": "#6"}
			}
		},
		{
			"from": [8, 7.89239, 1.26173],
			"to": [8.1, 8.99239, 1.56173],
			"rotation": {"angle": -22.5, "axis": "x", "origin": [7.5, 9.09239, 0.96173]},
			"faces": {
				"north": {"uv": [0.05, 0, 0.1, 0.55], "texture": "#6"},
				"east": {"uv": [0.05, 0, 0.2, 0.55], "texture": "#6"},
				"south": {"uv": [0.05, 0, 0.1, 0.55], "texture": "#6"},
				"west": {"uv": [0.05, 0, 0.2, 0.55], "texture": "#6"},
				"up": {"uv": [0.05, 0, 0.1, 0.15], "texture": "#6"},
				"down": {"uv": [0.05, 0, 0.1, 0.15], "texture": "#6"}
			}
		},
		{
			"from": [8, 8.09239, 1.16173],
			"to": [8.1, 8.99239, 1.46173],
			"rotation": {"angle": -22.5, "axis": "x", "origin": [7.5, 9.09239, 0.96173]},
			"faces": {
				"north": {"uv": [0.05, 0, 0.1, 0.45], "texture": "#6"},
				"east": {"uv": [0.05, 0, 0.2, 0.45], "texture": "#6"},
				"south": {"uv": [0.05, 0, 0.1, 0.45], "texture": "#6"},
				"west": {"uv": [0.05, 0, 0.2, 0.45], "texture": "#6"},
				"up": {"uv": [0.05, 0, 0.1, 0.15], "texture": "#6"},
				"down": {"uv": [0.05, 0, 0.1, 0.15], "texture": "#6"}
			}
		},
		{
			"from": [8, 7.89239, 1.06173],
			"to": [8.1, 8.99239, 1.36173],
			"rotation": {"angle": -22.5, "axis": "x", "origin": [7.5, 9.09239, 0.96173]},
			"faces": {
				"north": {"uv": [0.05, 0, 0.1, 0.55], "texture": "#6"},
				"east": {"uv": [0.05, 0, 0.2, 0.55], "texture": "#6"},
				"south": {"uv": [0.05, 0, 0.1, 0.55], "texture": "#6"},
				"west": {"uv": [0.05, 0, 0.2, 0.55], "texture": "#6"},
				"up": {"uv": [0.05, 0, 0.1, 0.15], "texture": "#6"},
				"down": {"uv": [0.05, 0, 0.1, 0.15], "texture": "#6"}
			}
		},
		{
			"from": [6.9, 7.89239, 1.06173],
			"to": [7, 8.99239, 1.36173],
			"rotation": {"angle": -22.5, "axis": "x", "origin": [7.5, 9.09239, 0.96173]},
			"faces": {
				"north": {"uv": [0, 0, 0.05, 0.55], "texture": "#6"},
				"east": {"uv": [0, 0, 0.15, 0.55], "texture": "#6"},
				"south": {"uv": [0, 0, 0.05, 0.55], "texture": "#6"},
				"west": {"uv": [0, 0, 0.15, 0.55], "texture": "#6"},
				"up": {"uv": [0, 0, 0.05, 0.15], "texture": "#6"},
				"down": {"uv": [0, 0, 0.05, 0.15], "texture": "#6"}
			}
		},
		{
			"from": [6.9, 8.09239, 1.16173],
			"to": [7, 8.99239, 1.46173],
			"rotation": {"angle": -22.5, "axis": "x", "origin": [7.5, 9.09239, 0.96173]},
			"faces": {
				"north": {"uv": [0, 0, 0.05, 0.45], "texture": "#6"},
				"east": {"uv": [0, 0, 0.15, 0.45], "texture": "#6"},
				"south": {"uv": [0, 0, 0.05, 0.45], "texture": "#6"},
				"west": {"uv": [0, 0, 0.15, 0.45], "texture": "#6"},
				"up": {"uv": [0, 0, 0.05, 0.15], "texture": "#6"},
				"down": {"uv": [0, 0, 0.05, 0.15], "texture": "#6"}
			}
		},
		{
			"from": [6.9, 7.89239, 1.26173],
			"to": [7, 8.99239, 1.56173],
			"rotation": {"angle": -22.5, "axis": "x", "origin": [7.5, 9.09239, 0.96173]},
			"faces": {
				"north": {"uv": [0, 0, 0.05, 0.55], "texture": "#6"},
				"east": {"uv": [0, 0, 0.15, 0.55], "texture": "#6"},
				"south": {"uv": [0, 0, 0.05, 0.55], "texture": "#6"},
				"west": {"uv": [0, 0, 0.15, 0.55], "texture": "#6"},
				"up": {"uv": [0, 0, 0.05, 0.15], "texture": "#6"},
				"down": {"uv": [0, 0, 0.05, 0.15], "texture": "#6"}
			}
		},
		{
			"from": [6.9, 8.59239, 1.36173],
			"to": [7, 8.89239, 1.66173],
			"rotation": {"angle": -22.5, "axis": "x", "origin": [7.5, 9.09239, 0.96173]},
			"faces": {
				"north": {"uv": [0, 0, 0.05, 0.15], "texture": "#6"},
				"east": {"uv": [0, 0, 0.15, 0.15], "texture": "#6"},
				"south": {"uv": [0, 0, 0.05, 0.15], "texture": "#6"},
				"west": {"uv": [0, 0, 0.15, 0.15], "texture": "#6"},
				"up": {"uv": [0, 0, 0.05, 0.15], "texture": "#6"},
				"down": {"uv": [0, 0, 0.05, 0.15], "texture": "#6"}
			}
		},
		{
			"from": [4.95, 11.05, 21.7],
			"to": [5.25, 13.25, 22.4],
			"rotation": {"angle": 0, "axis": "y", "origin": [13.5, 13.45, 19.5]},
			"faces": {
				"north": {"uv": [5, 2, 7.5, 1], "rotation": 90, "texture": "#6"},
				"east": {"uv": [2.5, 0, 0, 5], "rotation": 270, "texture": "#6"},
				"south": {"uv": [5, 3, 7.5, 2], "rotation": 270, "texture": "#6"},
				"west": {"uv": [5, 5, 2.5, 0], "rotation": 270, "texture": "#6"},
				"up": {"uv": [0, 6, 5, 5], "rotation": 270, "texture": "#6"},
				"down": {"uv": [5, 1, 10, 0], "rotation": 270, "texture": "#6"}
			}
		},
		{
			"from": [5, 11, 21.7],
			"to": [10, 11.3, 22.4],
			"rotation": {"angle": 0, "axis": "y", "origin": [0, 0.2, 1]},
			"faces": {
				"north": {"uv": [5, 1, 7.5, 2], "texture": "#6"},
				"east": {"uv": [0, 5, 5, 6], "texture": "#6"},
				"south": {"uv": [5, 2, 7.5, 3], "texture": "#6"},
				"west": {"uv": [5, 0, 10, 1], "texture": "#6"},
				"up": {"uv": [2.5, 5, 0, 0], "texture": "#6"},
				"down": {"uv": [5, 0, 2.5, 5], "texture": "#6"}
			}
		},
		{
			"from": [9.75, 11.05, 21.7],
			"to": [10.05, 13.25, 22.4],
			"rotation": {"angle": 0, "axis": "y", "origin": [13.5, 13.45, 19.5]},
			"faces": {
				"north": {"uv": [5, 2, 7.5, 1], "rotation": 90, "texture": "#6"},
				"east": {"uv": [2.5, 0, 0, 5], "rotation": 270, "texture": "#6"},
				"south": {"uv": [5, 3, 7.5, 2], "rotation": 270, "texture": "#6"},
				"west": {"uv": [5, 5, 2.5, 0], "rotation": 270, "texture": "#6"},
				"up": {"uv": [0, 6, 5, 5], "rotation": 270, "texture": "#6"},
				"down": {"uv": [5, 1, 10, 0], "rotation": 270, "texture": "#6"}
			}
		},
		{
			"from": [5, 13, 21.7],
			"to": [10, 13.3, 22.4],
			"rotation": {"angle": 0, "axis": "y", "origin": [0, 0.2, 1]},
			"faces": {
				"north": {"uv": [5, 1, 7.5, 2], "texture": "#6"},
				"east": {"uv": [0, 5, 5, 6], "texture": "#6"},
				"south": {"uv": [5, 2, 7.5, 3], "texture": "#6"},
				"west": {"uv": [5, 0, 10, 1], "texture": "#6"},
				"up": {"uv": [2.5, 5, 0, 0], "texture": "#6"},
				"down": {"uv": [5, 0, 2.5, 5], "texture": "#6"}
			}
		},
		{
			"from": [5, 13.4, 19.2],
			"to": [10, 13.5, 19.9],
			"rotation": {"angle": 0, "axis": "y", "origin": [0, 0.2, 1]},
			"faces": {
				"north": {"uv": [5, 1, 7.5, 2], "texture": "#6"},
				"east": {"uv": [0, 5, 5, 6], "texture": "#6"},
				"south": {"uv": [5, 2, 7.5, 3], "texture": "#6"},
				"west": {"uv": [5, 0, 10, 1], "texture": "#6"},
				"up": {"uv": [2.5, 5, 0, 0], "texture": "#6"},
				"down": {"uv": [5, 0, 2.5, 5], "texture": "#6"}
			}
		},
		{
			"from": [4.95, 10.95, 19.2],
			"to": [5.05, 13.45, 19.9],
			"rotation": {"angle": 0, "axis": "z", "origin": [2.5, 13.45, 19.5]},
			"faces": {
				"north": {"uv": [5, 1, 7.5, 2], "rotation": 90, "texture": "#6"},
				"east": {"uv": [5, 0, 2.5, 5], "rotation": 270, "texture": "#6"},
				"south": {"uv": [5, 2, 7.5, 3], "rotation": 270, "texture": "#6"},
				"west": {"uv": [2.5, 5, 0, 0], "rotation": 270, "texture": "#6"},
				"up": {"uv": [0, 5, 5, 6], "rotation": 270, "texture": "#6"},
				"down": {"uv": [5, 0, 10, 1], "rotation": 270, "texture": "#6"}
			}
		},
		{
			"from": [4.95, 11.8, 16.85],
			"to": [5.05, 12.3, 19.25],
			"rotation": {"angle": 0, "axis": "x", "origin": [5, 15.2, 19.5]},
			"faces": {
				"north": {"uv": [0, 5, 5, 6], "rotation": 90, "texture": "#6"},
				"east": {"uv": [5, 0, 2.5, 5], "texture": "#6"},
				"south": {"uv": [5, 0, 10, 1], "rotation": 270, "texture": "#6"},
				"west": {"uv": [2.5, 5, 0, 0], "rotation": 180, "texture": "#6"},
				"up": {"uv": [5, 2, 7.5, 3], "rotation": 270, "texture": "#6"},
				"down": {"uv": [5, 1, 7.5, 2], "rotation": 270, "texture": "#6"}
			}
		},
		{
			"from": [4.95, 10.95, 16.2],
			"to": [5.05, 13.45, 16.9],
			"rotation": {"angle": 0, "axis": "y", "origin": [2.5, 13.45, 19.5]},
			"faces": {
				"north": {"uv": [5, 1, 7.5, 2], "rotation": 90, "texture": "#6"},
				"east": {"uv": [5, 0, 2.5, 5], "rotation": 270, "texture": "#6"},
				"south": {"uv": [5, 2, 7.5, 3], "rotation": 270, "texture": "#6"},
				"west": {"uv": [2.5, 5, 0, 0], "rotation": 270, "texture": "#6"},
				"up": {"uv": [0, 5, 5, 6], "rotation": 270, "texture": "#6"},
				"down": {"uv": [5, 0, 10, 1], "rotation": 270, "texture": "#6"}
			}
		},
		{
			"from": [5, 13.4, 16.2],
			"to": [10, 13.5, 16.9],
			"rotation": {"angle": 0, "axis": "y", "origin": [0, 0.2, 1]},
			"faces": {
				"north": {"uv": [5, 1, 7.5, 2], "texture": "#6"},
				"east": {"uv": [0, 5, 5, 6], "texture": "#6"},
				"south": {"uv": [5, 2, 7.5, 3], "texture": "#6"},
				"west": {"uv": [5, 0, 10, 1], "texture": "#6"},
				"up": {"uv": [2.5, 5, 0, 0], "texture": "#6"},
				"down": {"uv": [5, 0, 2.5, 5], "texture": "#6"}
			}
		},
		{
			"from": [8.5, 13.4, 17.5],
			"to": [9.6, 13.8, 18.5],
			"rotation": {"angle": 0, "axis": "y", "origin": [0, 0.2, 1]},
			"faces": {
				"north": {"uv": [5, 1, 7.5, 2], "texture": "#6"},
				"east": {"uv": [0, 5, 5, 6], "texture": "#6"},
				"south": {"uv": [5, 2, 7.5, 3], "texture": "#6"},
				"west": {"uv": [5, 0, 10, 1], "texture": "#6"},
				"up": {"uv": [2.5, 5, 0, 0], "texture": "#6"},
				"down": {"uv": [5, 0, 2.5, 5], "texture": "#6"}
			}
		},
		{
			"from": [4.95, 10.65, 12.4],
			"to": [5.05, 13.75, 13.4],
			"rotation": {"angle": 0, "axis": "y", "origin": [2.5, 13.45, 19.5]},
			"faces": {
				"north": {"uv": [5, 1, 7.5, 2], "rotation": 90, "texture": "#6"},
				"east": {"uv": [5, 0, 2.5, 5], "rotation": 270, "texture": "#6"},
				"south": {"uv": [5, 2, 7.5, 3], "rotation": 270, "texture": "#6"},
				"west": {"uv": [2.5, 5, 0, 0], "rotation": 270, "texture": "#6"},
				"up": {"uv": [0, 5, 5, 6], "rotation": 270, "texture": "#6"},
				"down": {"uv": [5, 0, 10, 1], "rotation": 270, "texture": "#6"}
			}
		},
		{
			"from": [5, 13.7, 12.4],
			"to": [10, 13.8, 13.4],
			"rotation": {"angle": 0, "axis": "y", "origin": [0, 0.2, 1]},
			"faces": {
				"north": {"uv": [5, 1, 7.5, 2], "texture": "#6"},
				"east": {"uv": [0, 5, 5, 6], "texture": "#6"},
				"south": {"uv": [5, 2, 7.5, 3], "texture": "#6"},
				"west": {"uv": [5, 0, 10, 1], "texture": "#6"},
				"up": {"uv": [2.5, 5, 0, 0], "texture": "#6"},
				"down": {"uv": [5, 0, 2.5, 5], "texture": "#6"}
			}
		},
		{
			"from": [5, 10.6, 12.4],
			"to": [10, 10.7, 13.4],
			"rotation": {"angle": 0, "axis": "y", "origin": [0, 0.2, 1]},
			"faces": {
				"north": {"uv": [5, 1, 7.5, 2], "texture": "#6"},
				"east": {"uv": [0, 5, 5, 6], "texture": "#6"},
				"south": {"uv": [5, 2, 7.5, 3], "texture": "#6"},
				"west": {"uv": [5, 0, 10, 1], "texture": "#6"},
				"up": {"uv": [2.5, 5, 0, 0], "texture": "#6"},
				"down": {"uv": [5, 0, 2.5, 5], "texture": "#6"}
			}
		},
		{
			"from": [5, 10.9, 16.2],
			"to": [6, 11, 16.9],
			"rotation": {"angle": 0, "axis": "y", "origin": [0, 0.2, 1]},
			"faces": {
				"north": {"uv": [5, 1, 7.5, 2], "texture": "#6"},
				"east": {"uv": [0, 5, 5, 6], "texture": "#6"},
				"south": {"uv": [5, 2, 7.5, 3], "texture": "#6"},
				"west": {"uv": [5, 0, 10, 1], "texture": "#6"},
				"up": {"uv": [2.5, 5, 0, 0], "texture": "#6"},
				"down": {"uv": [5, 0, 2.5, 5], "texture": "#6"}
			}
		},
		{
			"from": [5, 10.9, 19.2],
			"to": [6, 11, 19.9],
			"rotation": {"angle": 0, "axis": "y", "origin": [0, 0.2, 1]},
			"faces": {
				"north": {"uv": [5, 1, 7.5, 2], "texture": "#6"},
				"east": {"uv": [0, 5, 5, 6], "texture": "#6"},
				"south": {"uv": [5, 2, 7.5, 3], "texture": "#6"},
				"west": {"uv": [5, 0, 10, 1], "texture": "#6"},
				"up": {"uv": [2.5, 5, 0, 0], "texture": "#6"},
				"down": {"uv": [5, 0, 2.5, 5], "texture": "#6"}
			}
		},
		{
			"from": [9.95, 10.65, 12.4],
			"to": [10.05, 13.75, 13.4],
			"rotation": {"angle": 0, "axis": "y", "origin": [2.5, 13.45, 19.5]},
			"faces": {
				"north": {"uv": [5, 1, 7.5, 2], "rotation": 90, "texture": "#6"},
				"east": {"uv": [5, 0, 2.5, 5], "rotation": 270, "texture": "#6"},
				"south": {"uv": [5, 2, 7.5, 3], "rotation": 270, "texture": "#6"},
				"west": {"uv": [2.5, 5, 0, 0], "rotation": 270, "texture": "#6"},
				"up": {"uv": [0, 5, 5, 6], "rotation": 270, "texture": "#6"},
				"down": {"uv": [5, 0, 10, 1], "rotation": 270, "texture": "#6"}
			}
		},
		{
			"from": [9.95, 10.95, 16.2],
			"to": [10.05, 13.45, 16.9],
			"rotation": {"angle": 0, "axis": "y", "origin": [13.5, 13.45, 19.5]},
			"faces": {
				"north": {"uv": [5, 2, 7.5, 1], "rotation": 90, "texture": "#6"},
				"east": {"uv": [2.5, 0, 0, 5], "rotation": 270, "texture": "#6"},
				"south": {"uv": [5, 3, 7.5, 2], "rotation": 270, "texture": "#6"},
				"west": {"uv": [5, 5, 2.5, 0], "rotation": 270, "texture": "#6"},
				"up": {"uv": [0, 6, 5, 5], "rotation": 270, "texture": "#6"},
				"down": {"uv": [5, 1, 10, 0], "rotation": 270, "texture": "#6"}
			}
		},
		{
			"from": [9.95, 11.8, 16.85],
			"to": [10.05, 12.3, 19.25],
			"rotation": {"angle": 0, "axis": "y", "origin": [5, 15.2, 19.5]},
			"faces": {
				"north": {"uv": [0, 5, 5, 6], "rotation": 90, "texture": "#6"},
				"east": {"uv": [5, 0, 2.5, 5], "texture": "#6"},
				"south": {"uv": [5, 0, 10, 1], "rotation": 270, "texture": "#6"},
				"west": {"uv": [2.5, 5, 0, 0], "rotation": 180, "texture": "#6"},
				"up": {"uv": [5, 2, 7.5, 3], "rotation": 270, "texture": "#6"},
				"down": {"uv": [5, 1, 7.5, 2], "rotation": 270, "texture": "#6"}
			}
		},
		{
			"from": [9.95, 10.95, 19.2],
			"to": [10.05, 13.45, 19.9],
			"rotation": {"angle": 0, "axis": "y", "origin": [13.5, 13.45, 19.5]},
			"faces": {
				"north": {"uv": [5, 2, 7.5, 1], "rotation": 90, "texture": "#6"},
				"east": {"uv": [2.5, 0, 0, 5], "rotation": 270, "texture": "#6"},
				"south": {"uv": [5, 3, 7.5, 2], "rotation": 270, "texture": "#6"},
				"west": {"uv": [5, 5, 2.5, 0], "rotation": 270, "texture": "#6"},
				"up": {"uv": [0, 6, 5, 5], "rotation": 270, "texture": "#6"},
				"down": {"uv": [5, 1, 10, 0], "rotation": 270, "texture": "#6"}
			}
		},
		{
			"from": [9, 10.9, 16.2],
			"to": [10, 11, 16.9],
			"rotation": {"angle": 0, "axis": "y", "origin": [16, 0.2, 1]},
			"faces": {
				"north": {"uv": [7.5, 1, 5, 2], "texture": "#6"},
				"east": {"uv": [10, 0, 5, 1], "texture": "#6"},
				"south": {"uv": [7.5, 2, 5, 3], "texture": "#6"},
				"west": {"uv": [5, 5, 0, 6], "texture": "#6"},
				"up": {"uv": [0, 5, 2.5, 0], "texture": "#6"},
				"down": {"uv": [2.5, 0, 5, 5], "texture": "#6"}
			}
		},
		{
			"from": [9, 10.9, 19.2],
			"to": [10, 11, 19.9],
			"rotation": {"angle": 0, "axis": "y", "origin": [16, 0.2, 1]},
			"faces": {
				"north": {"uv": [7.5, 1, 5, 2], "texture": "#6"},
				"east": {"uv": [10, 0, 5, 1], "texture": "#6"},
				"south": {"uv": [7.5, 2, 5, 3], "texture": "#6"},
				"west": {"uv": [5, 5, 0, 6], "texture": "#6"},
				"up": {"uv": [0, 5, 2.5, 0], "texture": "#6"},
				"down": {"uv": [2.5, 0, 5, 5], "texture": "#6"}
			}
		},
		{
			"from": [5, 11.2, 12.4],
			"to": [6, 11.3, 13.4],
			"rotation": {"angle": 0, "axis": "y", "origin": [0, 0.2, 1]},
			"faces": {
				"north": {"uv": [5, 1, 7.5, 2], "texture": "#0"},
				"east": {"uv": [0, 5, 5, 6], "texture": "#0"},
				"south": {"uv": [5, 2, 7.5, 3], "texture": "#0"},
				"west": {"uv": [5, 0, 10, 1], "texture": "#0"},
				"up": {"uv": [2.5, 5, 0, 0], "texture": "#0"},
				"down": {"uv": [5, 0, 2.5, 5], "texture": "#0"}
			}
		},
		{
			"from": [5, 10.39104, 16.34677],
			"to": [10, 10.49104, 17.14677],
			"rotation": {"angle": -22.5, "axis": "x", "origin": [7.5, 3.64104, 14.19677]},
			"faces": {
				"north": {"uv": [5, 2, 7.5, 1], "texture": "#0"},
				"east": {"uv": [0, 6, 5, 5], "texture": "#0"},
				"south": {"uv": [5, 3, 7.5, 2], "texture": "#0"},
				"west": {"uv": [5, 1, 10, 0], "texture": "#0"},
				"up": {"uv": [5, 5, 2.5, 0], "texture": "#0"},
				"down": {"uv": [2.5, 0, 0, 5], "texture": "#0"}
			}
		},
		{
			"from": [6, 10, 16],
			"to": [9, 11, 17],
			"rotation": {"angle": 0, "axis": "y", "origin": [0, 0, 1]},
			"faces": {
				"north": {"uv": [0, 0, 1.5, 0.5], "texture": "#0"},
				"east": {"uv": [0, 0, 0.5, 0.5], "texture": "#0"},
				"south": {"uv": [0, 0, 1.5, 0.5], "texture": "#0"},
				"west": {"uv": [0, 0, 0.5, 0.5], "texture": "#0"},
				"up": {"uv": [0, 0, 1.5, 0.5], "texture": "#0"},
				"down": {"uv": [0, 0, 1.5, 0.5], "texture": "#0"}
			}
		},
		{
			"from": [5, 11, 13.6],
			"to": [10, 13.4, 20],
			"rotation": {"angle": 0, "axis": "y", "origin": [0, 0.2, 1]},
			"faces": {
				"north": {"uv": [5, 1, 7.5, 2], "texture": "#0"},
				"east": {"uv": [0, 5, 5, 6], "texture": "#0"},
				"south": {"uv": [5, 2, 7.5, 3], "texture": "#0"},
				"west": {"uv": [5, 0, 10, 1], "texture": "#0"},
				"up": {"uv": [2.5, 5, 0, 0], "texture": "#0"},
				"down": {"uv": [5, 0, 2.5, 5], "texture": "#0"}
			}
		},
		{
			"from": [5, 10.7, 11.9],
			"to": [10, 13.7, 13.6],
			"rotation": {"angle": 0, "axis": "y", "origin": [0, 0.2, 1]},
			"faces": {
				"north": {"uv": [5, 1, 7.5, 2], "texture": "#0"},
				"east": {"uv": [0, 5, 5, 6], "texture": "#0"},
				"south": {"uv": [5, 2, 7.5, 3], "texture": "#0"},
				"west": {"uv": [5, 0, 10, 1], "texture": "#0"},
				"up": {"uv": [2.5, 5, 0, 0], "texture": "#0"},
				"down": {"uv": [5, 0, 2.5, 5], "texture": "#0"}
			}
		},
		{
			"from": [5, 11.1, 20],
			"to": [10, 13.3, 21.7],
			"rotation": {"angle": 0, "axis": "y", "origin": [0, 0.2, 1]},
			"faces": {
				"north": {"uv": [5, 1, 7.5, 2], "texture": "#0"},
				"east": {"uv": [0, 5, 5, 6], "texture": "#0"},
				"south": {"uv": [5, 2, 7.5, 3], "texture": "#9"},
				"west": {"uv": [5, 0, 10, 1], "texture": "#0"},
				"up": {"uv": [2.5, 5, 0, 0], "texture": "#0"},
				"down": {"uv": [5, 0, 2.5, 5], "texture": "#0"}
			}
		},
		{
			"from": [5, 13.30897, 13.36309],
			"to": [10, 13.40897, 14.16309],
			"rotation": {"angle": 22.5, "axis": "x", "origin": [7.5, 12.95897, 14.21309]},
			"faces": {
				"north": {"uv": [5, 1, 7.5, 2], "texture": "#0"},
				"east": {"uv": [0, 5, 5, 6], "texture": "#0"},
				"south": {"uv": [5, 2, 7.5, 3], "texture": "#0"},
				"west": {"uv": [5, 0, 10, 1], "texture": "#0"},
				"up": {"uv": [2.5, 5, 0, 0], "texture": "#0"},
				"down": {"uv": [5, 0, 2.5, 5], "texture": "#0"}
			}
		},
		{
			"from": [6, 10, 19],
			"to": [9, 11, 20],
			"rotation": {"angle": 0, "axis": "y", "origin": [0, 0, 1]},
			"faces": {
				"north": {"uv": [0, 0, 1.5, 0.5], "texture": "#0"},
				"east": {"uv": [0, 0, 0.5, 0.5], "texture": "#0"},
				"south": {"uv": [0, 0, 1.5, 0.5], "texture": "#0"},
				"west": {"uv": [0, 0, 0.5, 0.5], "texture": "#0"},
				"up": {"uv": [0, 0, 1.5, 0.5], "texture": "#0"},
				"down": {"uv": [0, 0, 1.5, 0.5], "texture": "#0"}
			}
		},
		{
			"from": [5.2, 11, 10],
			"to": [7.8, 13.5, 11.9],
			"rotation": {"angle": 0, "axis": "y", "origin": [0, 0.2, 1]},
			"faces": {
				"north": {"uv": [5, 1, 7.5, 2], "texture": "#9"},
				"east": {"uv": [0, 5, 5, 6], "texture": "#0"},
				"south": {"uv": [5, 2, 7.5, 3], "texture": "#0"},
				"west": {"uv": [5, 0, 10, 1], "texture": "#0"},
				"up": {"uv": [2.5, 5, 0, 0], "texture": "#0"},
				"down": {"uv": [5, 0, 2.5, 5], "texture": "#0"}
			}
		},
		{
			"from": [7, 9, -16],
			"to": [8, 10, 7],
			"rotation": {"angle": 0, "axis": "y", "origin": [0, 0, 1]},
			"faces": {
				"north": {"uv": [1, 1, 1.5, 1.5], "texture": "#6"},
				"east": {"uv": [0, 0, 9, 0.5], "texture": "#6"},
				"south": {"uv": [1, 1.5, 1.5, 2], "texture": "#6"},
				"west": {"uv": [0, 0.5, 9, 1], "texture": "#6"},
				"up": {"uv": [0.5, 10, 0, 1], "texture": "#6"},
				"down": {"uv": [1, 1, 0.5, 10], "texture": "#6"}
			}
		},
		{
			"from": [7, 7, -3],
			"to": [8, 8, 14.1],
			"rotation": {"angle": 0, "axis": "y", "origin": [0, 0, 1]},
			"faces": {
				"north": {"uv": [0, 0, 0.5, 0.5], "texture": "#6"},
				"east": {"uv": [0, 0, 8.55, 0.5], "texture": "#6"},
				"south": {"uv": [0, 0, 0.5, 0.5], "texture": "#6"},
				"west": {"uv": [0, 0, 8.55, 0.5], "texture": "#6"},
				"up": {"uv": [0, 0, 0.5, 8.55], "texture": "#6"},
				"down": {"uv": [0, 0, 0.5, 8.55], "texture": "#6"}
			}
		},
		{
			"from": [5.9, 8.77487, 5.71142],
			"to": [6.1, 8.97487, 7.71142],
			"rotation": {"angle": 45, "axis": "x", "origin": [7.5, 7.97487, 6.21142]},
			"faces": {
				"north": {"uv": [0, 0, 0.1, 0.1], "texture": "#7"},
				"east": {"uv": [0, 0, 1, 0.1], "texture": "#7"},
				"south": {"uv": [0, 0, 0.1, 0.1], "texture": "#7"},
				"west": {"uv": [0, 0, 1, 0.1], "texture": "#7"},
				"up": {"uv": [0, 0, 0.1, 1], "texture": "#7"},
				"down": {"uv": [0, 0, 0.1, 1], "texture": "#7"}
			}
		},
		{
			"from": [5.9, 8.77487, 3.71142],
			"to": [6.1, 8.97487, 5.71142],
			"rotation": {"angle": 45, "axis": "x", "origin": [7.5, 7.97487, 6.21142]},
			"faces": {
				"north": {"uv": [0, 0, 0.1, 0.1], "texture": "#7"},
				"east": {"uv": [0, 0, 1, 0.1], "texture": "#7"},
				"south": {"uv": [0, 0, 0.1, 0.1], "texture": "#7"},
				"west": {"uv": [0, 0, 1, 0.1], "texture": "#7"},
				"up": {"uv": [0, 0, 0.1, 1], "texture": "#7"},
				"down": {"uv": [0, 0, 0.1, 1], "texture": "#7"}
			}
		},
		{
			"from": [5.9, 9.79325, 4.36583],
			"to": [9.1, 9.99325, 4.56583],
			"rotation": {"angle": -22.5, "axis": "x", "origin": [6.1, 11.79325, 3.66583]},
			"faces": {
				"north": {"uv": [0, 0, 1.6, 0.1], "texture": "#7"},
				"east": {"uv": [0, 0, 0.1, 0.1], "texture": "#7"},
				"south": {"uv": [0, 0, 1.6, 0.1], "texture": "#7"},
				"west": {"uv": [0, 0, 0.1, 0.1], "texture": "#7"},
				"up": {"uv": [0, 0, 0.1, 1.6], "rotation": 90, "texture": "#7"},
				"down": {"uv": [0, 0, 0.1, 1.6], "rotation": 270, "texture": "#7"}
			}
		},
		{
			"from": [8.9, 8.77487, 5.71142],
			"to": [9.1, 8.97487, 7.61142],
			"rotation": {"angle": 45, "axis": "x", "origin": [7.5, 7.97487, 6.21142]},
			"faces": {
				"north": {"uv": [0, 0, 0.1, 0.1], "texture": "#7"},
				"east": {"uv": [0, 0, 0.95, 0.1], "texture": "#7"},
				"south": {"uv": [0, 0, 0.1, 0.1], "texture": "#7"},
				"west": {"uv": [0, 0, 0.95, 0.1], "texture": "#7"},
				"up": {"uv": [0, 0, 0.1, 0.95], "texture": "#7"},
				"down": {"uv": [0, 0, 0.1, 0.95], "texture": "#7"}
			}
		},
		{
			"from": [8.9, 8.77487, 3.71142],
			"to": [9.1, 8.97487, 5.71142],
			"rotation": {"angle": 45, "axis": "x", "origin": [7.5, 7.97487, 6.21142]},
			"faces": {
				"north": {"uv": [0, 0, 0.1, 0.1], "texture": "#7"},
				"east": {"uv": [0, 0, 1, 0.1], "texture": "#7"},
				"south": {"uv": [0, 0, 0.1, 0.1], "texture": "#7"},
				"west": {"uv": [0, 0, 1, 0.1], "texture": "#7"},
				"up": {"uv": [0, 0, 0.1, 1], "texture": "#7"},
				"down": {"uv": [0, 0, 0.1, 1], "texture": "#7"}
			}
		},
		{
			"from": [6, 8.9, -12],
			"to": [9, 10.1, -11.2],
			"rotation": {"angle": 0, "axis": "y", "origin": [0, 0, 1]},
			"faces": {
				"north": {"uv": [0, 6, 3, 9], "texture": "#6"},
				"east": {"uv": [0, 0, 4, 3], "texture": "#6"},
				"south": {"uv": [7, 0, 10, 3], "texture": "#6"},
				"west": {"uv": [0, 3, 4, 6], "texture": "#6"},
				"up": {"uv": [7, 4, 4, 0], "texture": "#6"},
				"down": {"uv": [7, 4, 4, 8], "texture": "#6"}
			}
		},
		{
			"from": [6, 8.9, -14],
			"to": [9, 10.1, -13.2],
			"rotation": {"angle": 0, "axis": "y", "origin": [0, 0, 1]},
			"faces": {
				"north": {"uv": [0, 6, 3, 9], "texture": "#6"},
				"east": {"uv": [0, 0, 4, 3], "texture": "#6"},
				"south": {"uv": [7, 0, 10, 3], "texture": "#6"},
				"west": {"uv": [0, 3, 4, 6], "texture": "#6"},
				"up": {"uv": [7, 4, 4, 0], "texture": "#6"},
				"down": {"uv": [7, 4, 4, 8], "texture": "#6"}
			}
		},
		{
			"from": [6, 8.9, -16],
			"to": [7, 10.1, -15.2],
			"rotation": {"angle": 0, "axis": "y", "origin": [0, 0, 1]},
			"faces": {
				"north": {"uv": [0, 6, 3, 9], "texture": "#6"},
				"east": {"uv": [0, 0, 4, 3], "texture": "#6"},
				"south": {"uv": [7, 0, 10, 3], "texture": "#6"},
				"west": {"uv": [0, 3, 4, 6], "texture": "#6"},
				"up": {"uv": [7, 4, 4, 0], "texture": "#6"},
				"down": {"uv": [7, 4, 4, 8], "texture": "#6"}
			}
		},
		{
			"from": [8, 8.9, -16],
			"to": [9, 10.1, -15.2],
			"rotation": {"angle": 0, "axis": "y", "origin": [0, 0, 1]},
			"faces": {
				"north": {"uv": [0, 6, 3, 9], "texture": "#6"},
				"east": {"uv": [0, 0, 4, 3], "texture": "#6"},
				"south": {"uv": [7, 0, 10, 3], "texture": "#6"},
				"west": {"uv": [0, 3, 4, 6], "texture": "#6"},
				"up": {"uv": [7, 4, 4, 0], "texture": "#6"},
				"down": {"uv": [7, 4, 4, 8], "texture": "#6"}
			}
		},
		{
			"from": [6, 10, -16],
			"to": [9, 10.9, -11.2],
			"rotation": {"angle": 0, "axis": "x", "origin": [7.5, 11.5, -14.5]},
			"faces": {
				"north": {"uv": [7, 4, 4, 0], "rotation": 180, "texture": "#6"},
				"east": {"uv": [0, 0, 4, 3], "rotation": 90, "texture": "#6"},
				"south": {"uv": [7, 4, 4, 8], "texture": "#6"},
				"west": {"uv": [0, 3, 4, 6], "rotation": 270, "texture": "#6"},
				"up": {"uv": [7, 0, 10, 3], "texture": "#6"},
				"down": {"uv": [0, 6, 3, 9], "rotation": 180, "texture": "#6"}
			}
		},
		{
			"from": [6, 8.1, -16],
			"to": [9, 9, -11.2],
			"rotation": {"angle": 0, "axis": "y", "origin": [7.5, 11.5, -14.5]},
			"faces": {
				"north": {"uv": [7, 4, 4, 0], "rotation": 180, "texture": "#6"},
				"east": {"uv": [0, 0, 4, 3], "rotation": 90, "texture": "#6"},
				"south": {"uv": [7, 4, 4, 8], "texture": "#6"},
				"west": {"uv": [0, 3, 4, 6], "rotation": 270, "texture": "#6"},
				"up": {"uv": [7, 0, 10, 3], "texture": "#6"},
				"down": {"uv": [0, 6, 3, 9], "rotation": 180, "texture": "#6"}
			}
		},
		{
			"from": [6, 9.8471, -11.40944],
			"to": [9, 9.9471, -9.00944],
			"rotation": {"angle": 22.5, "axis": "x", "origin": [7.5, 9.8971, -8.90944]},
			"faces": {
				"north": {"uv": [7, 4, 4, 0], "rotation": 180, "texture": "#6"},
				"east": {"uv": [0, 0, 4, 3], "rotation": 90, "texture": "#6"},
				"south": {"uv": [7, 4, 4, 8], "texture": "#6"},
				"west": {"uv": [0, 3, 4, 6], "rotation": 270, "texture": "#6"},
				"up": {"uv": [7, 0, 10, 3], "texture": "#6"},
				"down": {"uv": [0, 6, 3, 9], "rotation": 180, "texture": "#6"}
			}
		},
		{
			"from": [6, 9.19899, -12.07501],
			"to": [9, 9.29899, -9.77501],
			"rotation": {"angle": -22.5, "axis": "x", "origin": [7.5, 10.84899, -8.87501]},
			"faces": {
				"north": {"uv": [7, 4, 4, 0], "texture": "#6"},
				"east": {"uv": [0, 3, 4, 6], "rotation": 90, "texture": "#6"},
				"south": {"uv": [7, 4, 4, 8], "rotation": 180, "texture": "#6"},
				"west": {"uv": [0, 0, 4, 3], "rotation": 270, "texture": "#6"},
				"up": {"uv": [0, 6, 3, 9], "texture": "#6"},
				"down": {"uv": [7, 0, 10, 3], "rotation": 180, "texture": "#6"}
			}
		},
		{
			"from": [6, 8.5, -11.2],
			"to": [9, 10.5, -10.4],
			"rotation": {"angle": 0, "axis": "y", "origin": [0, 0, 1]},
			"faces": {
				"north": {"uv": [0, 6, 3, 9], "texture": "#6"},
				"east": {"uv": [0, 0, 4, 3], "texture": "#6"},
				"south": {"uv": [7, 0, 10, 3], "texture": "#6"},
				"west": {"uv": [0, 3, 4, 6], "texture": "#6"},
				"up": {"uv": [7, 4, 4, 0], "texture": "#6"},
				"down": {"uv": [7, 4, 4, 8], "texture": "#6"}
			}
		},
		{
			"from": [6, 8.8, -10.4],
			"to": [9, 10.2, -9.6],
			"rotation": {"angle": 0, "axis": "y", "origin": [0, 0, 1]},
			"faces": {
				"north": {"uv": [0, 6, 3, 9], "texture": "#6"},
				"east": {"uv": [0, 0, 4, 3], "texture": "#6"},
				"south": {"uv": [7, 0, 10, 3], "texture": "#6"},
				"west": {"uv": [0, 3, 4, 6], "texture": "#6"},
				"up": {"uv": [7, 4, 4, 0], "texture": "#6"},
				"down": {"uv": [7, 4, 4, 8], "texture": "#6"}
			}
		},
		{
			"from": [6, 9, -9.6],
			"to": [9, 10, -9],
			"rotation": {"angle": 0, "axis": "y", "origin": [0, 0, 1]},
			"faces": {
				"north": {"uv": [0, 6, 3, 9], "texture": "#6"},
				"east": {"uv": [0, 0, 4, 3], "texture": "#6"},
				"south": {"uv": [7, 0, 10, 3], "texture": "#6"},
				"west": {"uv": [0, 3, 4, 6], "texture": "#6"},
				"up": {"uv": [7, 4, 4, 0], "texture": "#6"},
				"down": {"uv": [7, 4, 4, 8], "texture": "#6"}
			}
		},
		{
			"from": [6, 10.5, -11.2],
			"to": [9, 10.8, -11],
			"rotation": {"angle": 0, "axis": "y", "origin": [0, 0, 1]},
			"faces": {
				"north": {"uv": [0, 6, 3, 9], "texture": "#6"},
				"east": {"uv": [0, 0, 4, 3], "texture": "#6"},
				"south": {"uv": [7, 0, 10, 3], "texture": "#6"},
				"west": {"uv": [0, 3, 4, 6], "texture": "#6"},
				"up": {"uv": [7, 4, 4, 0], "texture": "#6"},
				"down": {"uv": [7, 4, 4, 8], "texture": "#6"}
			}
		},
		{
			"from": [6, 8.2, -11.2],
			"to": [9, 8.5, -11],
			"rotation": {"angle": 0, "axis": "y", "origin": [0, 0, 1]},
			"faces": {
				"north": {"uv": [0, 6, 3, 9], "texture": "#6"},
				"east": {"uv": [0, 0, 4, 3], "texture": "#6"},
				"south": {"uv": [7, 0, 10, 3], "texture": "#6"},
				"west": {"uv": [0, 3, 4, 6], "texture": "#6"},
				"up": {"uv": [7, 4, 4, 0], "texture": "#6"},
				"down": {"uv": [7, 4, 4, 8], "texture": "#6"}
			}
		},
		{
			"from": [6, 10.5, -11],
			"to": [9, 10.7, -10.8],
			"rotation": {"angle": 0, "axis": "y", "origin": [0, 0, 1]},
			"faces": {
				"north": {"uv": [0, 6, 3, 9], "texture": "#6"},
				"east": {"uv": [0, 0, 4, 3], "texture": "#6"},
				"south": {"uv": [7, 0, 10, 3], "texture": "#6"},
				"west": {"uv": [0, 3, 4, 6], "texture": "#6"},
				"up": {"uv": [7, 4, 4, 0], "texture": "#6"},
				"down": {"uv": [7, 4, 4, 8], "texture": "#6"}
			}
		},
		{
			"from": [6, 10.5, -10.8],
			"to": [9, 10.6, -10.6],
			"rotation": {"angle": 0, "axis": "y", "origin": [0, 0, 1]},
			"faces": {
				"north": {"uv": [0, 6, 3, 9], "texture": "#6"},
				"east": {"uv": [0, 0, 4, 3], "texture": "#6"},
				"south": {"uv": [7, 0, 10, 3], "texture": "#6"},
				"west": {"uv": [0, 3, 4, 6], "texture": "#6"},
				"up": {"uv": [7, 4, 4, 0], "texture": "#6"},
				"down": {"uv": [7, 4, 4, 8], "texture": "#6"}
			}
		},
		{
			"from": [6, 8.3, -11],
			"to": [9, 8.5, -10.8],
			"rotation": {"angle": 0, "axis": "y", "origin": [0, 16, 1]},
			"faces": {
				"north": {"uv": [0, 9, 3, 6], "texture": "#6"},
				"east": {"uv": [0, 3, 4, 0], "texture": "#6"},
				"south": {"uv": [7, 3, 10, 0], "texture": "#6"},
				"west": {"uv": [0, 6, 4, 3], "texture": "#6"},
				"up": {"uv": [7, 8, 4, 4], "texture": "#6"},
				"down": {"uv": [7, 0, 4, 4], "texture": "#6"}
			}
		},
		{
			"from": [6, 8.4, -10.8],
			"to": [9, 8.5, -10.6],
			"rotation": {"angle": 0, "axis": "y", "origin": [0, 16, 1]},
			"faces": {
				"north": {"uv": [0, 9, 3, 6], "texture": "#6"},
				"east": {"uv": [0, 3, 4, 0], "texture": "#6"},
				"south": {"uv": [7, 3, 10, 0], "texture": "#6"},
				"west": {"uv": [0, 6, 4, 3], "texture": "#6"},
				"up": {"uv": [7, 8, 4, 4], "texture": "#6"},
				"down": {"uv": [7, 0, 4, 4], "texture": "#6"}
			}
		},
		{
			"from": [6, 8.5, -10.4],
			"to": [9, 8.8, -10.2],
			"rotation": {"angle": 0, "axis": "y", "origin": [0, 0, 1]},
			"faces": {
				"north": {"uv": [0, 6, 3, 9], "texture": "#6"},
				"east": {"uv": [0, 0, 4, 3], "texture": "#6"},
				"south": {"uv": [7, 0, 10, 3], "texture": "#6"},
				"west": {"uv": [0, 3, 4, 6], "texture": "#6"},
				"up": {"uv": [7, 4, 4, 0], "texture": "#6"},
				"down": {"uv": [7, 4, 4, 8], "texture": "#6"}
			}
		},
		{
			"from": [6, 8.6, -10.2],
			"to": [9, 8.8, -10],
			"rotation": {"angle": 0, "axis": "y", "origin": [0, 16, 1]},
			"faces": {
				"north": {"uv": [0, 9, 3, 6], "texture": "#6"},
				"east": {"uv": [0, 3, 4, 0], "texture": "#6"},
				"south": {"uv": [7, 3, 10, 0], "texture": "#6"},
				"west": {"uv": [0, 6, 4, 3], "texture": "#6"},
				"up": {"uv": [7, 8, 4, 4], "texture": "#6"},
				"down": {"uv": [7, 0, 4, 4], "texture": "#6"}
			}
		},
		{
			"from": [6, 8.7, -10],
			"to": [9, 8.8, -9.8],
			"rotation": {"angle": 0, "axis": "y", "origin": [0, 16, 1]},
			"faces": {
				"north": {"uv": [0, 9, 3, 6], "texture": "#6"},
				"east": {"uv": [0, 3, 4, 0], "texture": "#6"},
				"south": {"uv": [7, 3, 10, 0], "texture": "#6"},
				"west": {"uv": [0, 6, 4, 3], "texture": "#6"},
				"up": {"uv": [7, 8, 4, 4], "texture": "#6"},
				"down": {"uv": [7, 0, 4, 4], "texture": "#6"}
			}
		},
		{
			"from": [6, 10.2, -10.4],
			"to": [9, 10.5, -10.2],
			"rotation": {"angle": 0, "axis": "y", "origin": [0, 16, 1]},
			"faces": {
				"north": {"uv": [0, 9, 3, 6], "texture": "#6"},
				"east": {"uv": [0, 3, 4, 0], "texture": "#6"},
				"south": {"uv": [7, 3, 10, 0], "texture": "#6"},
				"west": {"uv": [0, 6, 4, 3], "texture": "#6"},
				"up": {"uv": [7, 8, 4, 4], "texture": "#6"},
				"down": {"uv": [7, 0, 4, 4], "texture": "#6"}
			}
		},
		{
			"from": [6, 10.2, -10.2],
			"to": [9, 10.4, -10],
			"rotation": {"angle": 0, "axis": "y", "origin": [0, 0, 1]},
			"faces": {
				"north": {"uv": [0, 6, 3, 9], "texture": "#6"},
				"east": {"uv": [0, 0, 4, 3], "texture": "#6"},
				"south": {"uv": [7, 0, 10, 3], "texture": "#6"},
				"west": {"uv": [0, 3, 4, 6], "texture": "#6"},
				"up": {"uv": [7, 4, 4, 0], "texture": "#6"},
				"down": {"uv": [7, 4, 4, 8], "texture": "#6"}
			}
		},
		{
			"from": [6, 10.2, -10],
			"to": [9, 10.3, -9.8],
			"rotation": {"angle": 0, "axis": "y", "origin": [0, 0, 1]},
			"faces": {
				"north": {"uv": [0, 6, 3, 9], "texture": "#6"},
				"east": {"uv": [0, 0, 4, 3], "texture": "#6"},
				"south": {"uv": [7, 0, 10, 3], "texture": "#6"},
				"west": {"uv": [0, 3, 4, 6], "texture": "#6"},
				"up": {"uv": [7, 4, 4, 0], "texture": "#6"},
				"down": {"uv": [7, 4, 4, 8], "texture": "#6"}
			}
		},
		{
			"from": [5.5, 3.3, 0.6],
			"to": [6, 4.3, 10.6],
			"rotation": {"angle": -22.5, "axis": "x", "origin": [0, 0, 1]},
			"faces": {
				"north": {"uv": [0, 0, 0.25, 0.5], "texture": "#6"},
				"east": {"uv": [0, 0, 5, 0.5], "texture": "#6"},
				"south": {"uv": [0, 0, 0.25, 0.5], "texture": "#7"},
				"west": {"uv": [5, 4.5, 16, 16], "texture": "#6"},
				"up": {"uv": [0, 0, 0.25, 5], "texture": "#6"},
				"down": {"uv": [0, 0, 0.25, 5], "texture": "#6"}
			}
		},
		{
			"from": [9, 3.5, 0.3],
			"to": [9.5, 4.5, 10.3],
			"rotation": {"angle": -22.5, "axis": "x", "origin": [0, 0, 1]},
			"faces": {
				"north": {"uv": [0, 0, 0.25, 0.5], "texture": "#5"},
				"east": {"uv": [0, 0, 5, 0.5], "texture": "#7"},
				"south": {"uv": [0, 0, 0.25, 0.5], "texture": "#5"},
				"west": {"uv": [0, 0, 5, 0.5], "texture": "#5"},
				"up": {"uv": [0, 0, 0.25, 5], "texture": "#5"},
				"down": {"uv": [0, 0, 0.25, 5], "texture": "#5"}
			}
		}
	],
	"display": {
		"thirdperson_righthand": {
			"rotation": [36.75, 0, 0],
			"translation": [0.5, 5.75, -2.5],
			"scale": [0.86328, 0.86328, 0.86328]
		},
		"thirdperson_lefthand": {
			"rotation": [36.75, 0, 0],
			"translation": [-1, 5.75, -2.5],
			"scale": [0.86328, 0.86328, 0.86328]
		},
		"firstperson_righthand": {
			"rotation": [17.35, -5.22, -19.01],
			"translation": [4, 4.75, -13.25]
		},
		"firstperson_lefthand": {
			"translation": [1.5, 2.25, -10.5]
		},
		"ground": {
			"translation": [0, 5.25, -1.5],
			"scale": [0.87109, 0.87109, 0.87109]
		},
		"gui": {
			"rotation": [65.45, -53.34, 54.5],
			"scale": [0.48633, 0.48633, 0.48633]
		},
		"head": {
			"rotation": [-89.29, 33.8, 98.18],
			"translation": [0, -20.25, 5.25],
			"scale": [1.10547, 1.10547, 1.10547]
		},
		"fixed": {
			"rotation": [90, 66.25, -90],
			"translation": [0, 0, -1]
		}
	},
	"groups": [
		{
			"name": "culata",
			"origin": [0, 0, 0],
			"color": 0,
			"children": [0, 1, 2, 3, 4, 5, 6, 7, 8, 9, 10, 11, 12, 13, 14, 15, 16, 17, 18]
		},
		{
			"name": "Cuerpo",
			"origin": [0, 0, 0],
			"color": 0,
			"children": [
				19,
				20,
				21,
				22,
				23,
				24,
				25,
				26,
				27,
				28,
				29,
				30,
				31,
				32,
				33,
				34,
				35,
				36,
				37,
				38,
				39,
				40,
				41,
				42,
				{
					"name": "Cuerpo Exterior",
					"origin": [6.95, 6.5, 1.8],
					"color": 0,
					"children": [
						43,
						44,
						45,
						46,
						47,
						48,
						49,
						50,
						51,
						52,
						53,
						54,
						55,
						56,
						57,
						58,
						59,
						60,
						61,
						62,
						63,
						64,
						65,
						66,
						67,
						68,
						69,
						70,
						71,
						72,
						73,
						74,
						75,
						76,
						77,
						{
							"name": "La madre esa del cañon",
							"origin": [7.5, 9.09239, 0.96173],
							"color": 0,
							"children": [78, 79, 80, 81, 82, 83, 84, 85, 86, 87, 88, 89, 90, 91, 92, 93, 94, 95, 96, 97, 98, 99, 100, 101]
						}
					]
				}
			]
		},
		{
			"name": "Scope",
			"origin": [0, 0, 0],
			"color": 0,
			"children": [
				{
					"name": "Scope exterior",
					"origin": [16, 0.2, 1],
					"color": 0,
					"children": [102, 103, 104, 105, 106, 107, 108, 109, 110, 111, 112, 113, 114, 115, 116, 117, 118, 119, 120, 121, 122]
				},
				123,
				124,
				125,
				126,
				127,
				128,
				129,
				130,
				131
			]
		},
		{
			"name": "Cañon",
			"origin": [7.5, 7.97487, 5.21142],
			"color": 0,
			"children": [
				132,
				133,
				134,
				135,
				136,
				137,
				138,
				{
					"name": "Bocacha",
					"origin": [0, 0, 1],
					"color": 0,
					"children": [139, 140, 141, 142, 143, 144, 145, 146, 147, 148, 149, 150, 151, 152, 153, 154, 155, 156, 157, 158, 159, 160, 161]
				}
			]
		},
		162,
		163
	]
}