{
	"credit": "Made with Blockbench",
	"texture_size": [64, 64],
	"textures": {
		"0": "block/color/graymetal_dark",
		"2": "block/color/bluelines",
		"particle": "block/color/graymetal_dark"
	},
	"elements": [
		{
			"from": [9, -3.9, 28.6],
			"to": [9, 17.7, 28.8],
			"rotation": {"angle": 0, "axis": "x", "origin": [9, 6.1, 8.8]},
			"faces": {
				"north": {"uv": [0, 0, 0, 5.5], "texture": "#2"},
				"east": {"uv": [5, 2, 5.25, 7.5], "texture": "#2"},
				"south": {"uv": [0, 0, 0, 5.5], "texture": "#2"},
				"west": {"uv": [5.25, 2, 5.5, 7.5], "texture": "#2"},
				"up": {"uv": [0, 0.25, 0, 0], "texture": "#2"},
				"down": {"uv": [0, 0, 0, 0.25], "texture": "#2"}
			}
		},
		{
			"from": [9, -0.8, 27.3],
			"to": [9, 15, 27.5],
			"rotation": {"angle": 0, "axis": "y", "origin": [9, 6.1, 8.8]},
			"faces": {
				"north": {"uv": [0, 0, 0, 4], "texture": "#2"},
				"east": {"uv": [6, 2, 6.25, 6], "texture": "#2"},
				"south": {"uv": [0, 0, 0, 4], "texture": "#2"},
				"west": {"uv": [6, 6, 6.25, 10], "texture": "#2"},
				"up": {"uv": [0, 0.25, 0, 0], "texture": "#2"},
				"down": {"uv": [0, 0, 0, 0.25], "texture": "#2"}
			}
		},
		{
			"from": [9, 25.5, 15.6],
			"to": [9, 27.4, 15.8],
			"rotation": {"angle": 45, "axis": "x", "origin": [9, 6.1, 8.8]},
			"faces": {
				"north": {"uv": [0, 0, 0, 0.5], "texture": "#2"},
				"east": {"uv": [3, 6.75, 3.25, 7.25], "texture": "#2"},
				"south": {"uv": [0, 0, 0, 0.5], "texture": "#2"},
				"west": {"uv": [3.25, 6.75, 3.5, 7.25], "texture": "#2"},
				"up": {"uv": [0, 0.25, 0, 0], "texture": "#2"},
				"down": {"uv": [0, 0, 0, 0.25], "texture": "#2"}
			}
		},
		{
			"from": [9, -2.04723, 26.10297],
			"to": [9, -0.14723, 26.30297],
			"rotation": {"angle": -45, "axis": "x", "origin": [9, 0.90277, 27.50297]},
			"faces": {
				"north": {"uv": [0, 0, 0, 0.5], "texture": "#2"},
				"east": {"uv": [3.5, 6.75, 3.75, 7.25], "texture": "#2"},
				"south": {"uv": [0, 0, 0, 0.5], "texture": "#2"},
				"west": {"uv": [6.75, 3.75, 7, 4.25], "texture": "#2"},
				"up": {"uv": [0, 0.25, 0, 0], "texture": "#2"},
				"down": {"uv": [0, 0, 0, 0.25], "texture": "#2"}
			}
		},
		{
			"from": [9, -1, 30.55],
			"to": [9, 0.8, 30.75],
			"rotation": {"angle": -45, "axis": "x", "origin": [9, 6.1, 7.2]},
			"faces": {
				"north": {"uv": [0, 0, 0, 0.5], "texture": "#2"},
				"east": {"uv": [7, 6.25, 7.25, 6.75], "texture": "#2"},
				"south": {"uv": [0, 0, 0, 0.5], "texture": "#2"},
				"west": {"uv": [7, 6.75, 7.25, 7.25], "texture": "#2"},
				"up": {"uv": [0, 0.25, 0, 0], "texture": "#2"},
				"down": {"uv": [0, 0, 0, 0.25], "texture": "#2"}
			}
		},
		{
			"from": [9, 18.8, -10.2],
			"to": [9, 19, 27.8],
			"faces": {
				"north": {"uv": [0, 0, 0, 0.25], "texture": "#2"},
				"east": {"uv": [4, 1, 13.5, 1.25], "texture": "#2"},
				"south": {"uv": [0, 0, 0, 0.25], "texture": "#2"},
				"west": {"uv": [4, 1.25, 13.5, 1.5], "texture": "#2"},
				"up": {"uv": [0, 9.5, 0, 0], "texture": "#2"},
				"down": {"uv": [0, 0, 0, 9.5], "texture": "#2"}
			}
		},
		{
			"from": [9, -6.48736, 22.71346],
			"to": [9, -6.28736, 24.21346],
			"rotation": {"angle": -45, "axis": "x", "origin": [9, 0.21264, 23.46346]},
			"faces": {
				"north": {"uv": [0, 0, 0, 0.25], "texture": "#2"},
				"east": {"uv": [2, 7.25, 2.5, 7.5], "texture": "#2"},
				"south": {"uv": [0, 0, 0, 0.25], "texture": "#2"},
				"west": {"uv": [2.5, 7.25, 3, 7.5], "texture": "#2"},
				"up": {"uv": [0, 0.5, 0, 0], "texture": "#2"},
				"down": {"uv": [0, 0, 0, 0.5], "texture": "#2"}
			}
		},
		{
			"from": [9, -5, -10.6],
			"to": [9, -4.8, 27.8],
			"rotation": {"angle": 0, "axis": "y", "origin": [9, -4.9, 8.8]},
			"faces": {
				"north": {"uv": [0, 0, 0, 0.25], "texture": "#2"},
				"east": {"uv": [4, 1.5, 13.5, 1.75], "texture": "#2"},
				"south": {"uv": [0, 0, 0, 0.25], "texture": "#2"},
				"west": {"uv": [4, 1.75, 13.5, 2], "texture": "#2"},
				"up": {"uv": [0, 9.5, 0, 0], "texture": "#2"},
				"down": {"uv": [0, 0, 0, 9.5], "texture": "#2"}
			}
		},
		{
			"from": [9, -5.68736, -7.41346],
			"to": [9, -5.48736, -5.91346],
			"rotation": {"angle": 45, "axis": "x", "origin": [9, 0.21264, -7.46346]},
			"faces": {
				"north": {"uv": [0, 0, 0, 0.25], "texture": "#2"},
				"east": {"uv": [3, 7.25, 3.5, 7.5], "texture": "#2"},
				"south": {"uv": [0, 0, 0, 0.25], "texture": "#2"},
				"west": {"uv": [7.25, 3.75, 7.75, 4], "texture": "#2"},
				"up": {"uv": [0, 0.5, 0, 0], "texture": "#2"},
				"down": {"uv": [0, 0, 0, 0.5], "texture": "#2"}
			}
		},
		{
			"from": [9, -4, -11.4],
			"to": [9, 17.7, -11.2],
			"rotation": {"angle": 0, "axis": "y", "origin": [9, 6.1, 8.8]},
			"faces": {
				"north": {"uv": [0, 0, 0, 5.5], "texture": "#2"},
				"east": {"uv": [5.5, 2, 5.75, 7.5], "texture": "#2"},
				"south": {"uv": [0, 0, 0, 5.5], "texture": "#2"},
				"west": {"uv": [5.75, 2, 6, 7.5], "texture": "#2"},
				"up": {"uv": [0, 0.25, 0, 0], "texture": "#2"},
				"down": {"uv": [0, 0, 0, 0.25], "texture": "#2"}
			}
		},
		{
			"from": [9, -2.04723, -9.00297],
			"to": [9, -0.14723, -8.80297],
			"rotation": {"angle": 45, "axis": "x", "origin": [9, 0.90277, -10.20297]},
			"faces": {
				"north": {"uv": [0, 0, 0, 0.5], "texture": "#2"},
				"east": {"uv": [6.75, 6.75, 7, 7.25], "texture": "#2"},
				"south": {"uv": [0, 0, 0, 0.5], "texture": "#2"},
				"west": {"uv": [7, 3.75, 7.25, 4.25], "texture": "#2"},
				"up": {"uv": [0, 0.25, 0, 0], "texture": "#2"},
				"down": {"uv": [0, 0, 0, 0.25], "texture": "#2"}
			}
		},
		{
			"from": [9, -0.8, -10.2],
			"to": [9, 15, -10],
			"rotation": {"angle": 0, "axis": "y", "origin": [9, 6.1, 8.5]},
			"faces": {
				"north": {"uv": [0, 0, 0, 4], "texture": "#2"},
				"east": {"uv": [6.25, 2, 6.5, 6], "texture": "#2"},
				"south": {"uv": [0, 0, 0, 4], "texture": "#2"},
				"west": {"uv": [6.25, 6, 6.5, 10], "texture": "#2"},
				"up": {"uv": [0, 0.25, 0, 0], "texture": "#2"},
				"down": {"uv": [0, 0, 0, 0.25], "texture": "#2"}
			}
		},
		{
			"from": [9, 25.5, 1.5],
			"to": [9, 27.4, 1.7],
			"rotation": {"angle": -45, "axis": "x", "origin": [9, 6.1, 8.5]},
			"faces": {
				"north": {"uv": [0, 0, 0, 0.5], "texture": "#2"},
				"east": {"uv": [6.75, 4.25, 7, 4.75], "texture": "#2"},
				"south": {"uv": [0, 0, 0, 0.5], "texture": "#2"},
				"west": {"uv": [6.5, 6.75, 6.75, 7.25], "texture": "#2"},
				"up": {"uv": [0, 0.25, 0, 0], "texture": "#2"},
				"down": {"uv": [0, 0, 0, 0.25], "texture": "#2"}
			}
		},
		{
			"from": [9, 0, -13.75],
			"to": [9, 1.8, -13.55],
			"rotation": {"angle": 45, "axis": "x", "origin": [9, 6.1, 8.8]},
			"faces": {
				"north": {"uv": [0, 0, 0, 0.5], "texture": "#2"},
				"east": {"uv": [7, 5.25, 7.25, 5.75], "texture": "#2"},
				"south": {"uv": [0, 0, 0, 0.5], "texture": "#2"},
				"west": {"uv": [7, 5.75, 7.25, 6.25], "texture": "#2"},
				"up": {"uv": [0, 0.25, 0, 0], "texture": "#2"},
				"down": {"uv": [0, 0, 0, 0.25], "texture": "#2"}
			}
		},
		{
			"from": [8.9, 2.1, -5.8],
			"to": [8.9, 2.5, -4.4],
			"rotation": {"angle": 0, "axis": "y", "origin": [16, 0, 16]},
			"faces": {
				"north": {"uv": [0, 0, 0, 0.1], "texture": "#2"},
				"east": {"uv": [0, 0, 0.35, 0.1], "texture": "#2"},
				"south": {"uv": [0, 0, 0, 0.1], "texture": "#2"},
				"west": {"uv": [0, 0, 0.35, 0.1], "texture": "#2"},
				"up": {"uv": [0, 0.35, 0, 0.7], "texture": "#2"},
				"down": {"uv": [0, 0.35, 0, 0.7], "texture": "#2"}
			}
		},
		{
			"from": [8.9, 2.2, -4.4],
			"to": [8.9, 2.4, -3.3],
			"rotation": {"angle": 0, "axis": "y", "origin": [16, 0, 16]},
			"faces": {
				"north": {"uv": [0, 0, 0, 0.05], "texture": "#2"},
				"east": {"uv": [0, 0, 0.275, 0.05], "texture": "#2"},
				"south": {"uv": [0, 0, 0, 0.05], "texture": "#2"},
				"west": {"uv": [0, 0, 0.275, 0.05], "texture": "#2"},
				"up": {"uv": [0, 0.275, 0, 0.55], "texture": "#2"},
				"down": {"uv": [0, 0.275, 0, 0.55], "texture": "#2"}
			}
		},
		{
			"from": [8.9, 1.95, -5.95],
			"to": [8.9, 2.65, -5.75],
			"rotation": {"angle": 0, "axis": "x", "origin": [15, 2.3, -8.75]},
			"faces": {
				"north": {"uv": [0, 0, 0, 0.175], "texture": "#2"},
				"east": {"uv": [0, 0, 0.175, 0.05], "rotation": 270, "texture": "#2"},
				"south": {"uv": [0, 0, 0, 0.175], "rotation": 180, "texture": "#2"},
				"west": {"uv": [0, 0, 0.175, 0.05], "rotation": 90, "texture": "#2"},
				"up": {"uv": [0, 0.05, 0, 0.1], "texture": "#2"},
				"down": {"uv": [0, 0.05, 0, 0.1], "rotation": 180, "texture": "#2"}
			}
		},
		{
			"from": [8.9, 3.2, -4.4],
			"to": [8.9, 3.4, -3.3],
			"rotation": {"angle": 0, "axis": "y", "origin": [16, 0, 16]},
			"faces": {
				"north": {"uv": [0, 0, 0, 0.05], "texture": "#2"},
				"east": {"uv": [0, 0, 0.275, 0.05], "texture": "#2"},
				"south": {"uv": [0, 0, 0, 0.05], "texture": "#2"},
				"west": {"uv": [0, 0, 0.275, 0.05], "texture": "#2"},
				"up": {"uv": [0, 0.275, 0, 0.55], "texture": "#2"},
				"down": {"uv": [0, 0.275, 0, 0.55], "texture": "#2"}
			}
		},
		{
			"from": [8.9, 3.1, -5.8],
			"to": [8.9, 3.5, -4.4],
			"rotation": {"angle": 0, "axis": "y", "origin": [16, 0, 16]},
			"faces": {
				"north": {"uv": [0, 0, 0, 0.1], "texture": "#2"},
				"east": {"uv": [0, 0, 0.35, 0.1], "texture": "#2"},
				"south": {"uv": [0, 0, 0, 0.1], "texture": "#2"},
				"west": {"uv": [0, 0, 0.35, 0.1], "texture": "#2"},
				"up": {"uv": [0, 0.35, 0, 0.7], "texture": "#2"},
				"down": {"uv": [0, 0.35, 0, 0.7], "texture": "#2"}
			}
		},
		{
			"from": [8.9, 2.95, -5.95],
			"to": [8.9, 3.65, -5.75],
			"rotation": {"angle": 0, "axis": "y", "origin": [15, 2.3, -8.75]},
			"faces": {
				"north": {"uv": [0, 0, 0, 0.175], "texture": "#2"},
				"east": {"uv": [0, 0, 0.175, 0.05], "rotation": 270, "texture": "#2"},
				"south": {"uv": [0, 0, 0, 0.175], "rotation": 180, "texture": "#2"},
				"west": {"uv": [0, 0, 0.175, 0.05], "rotation": 90, "texture": "#2"},
				"up": {"uv": [0, 0.05, 0, 0.1], "texture": "#2"},
				"down": {"uv": [0, 0.05, 0, 0.1], "rotation": 180, "texture": "#2"}
			}
		},
		{
			"from": [8.9, 1.2, -4.4],
			"to": [8.9, 1.4, -3.3],
			"rotation": {"angle": 0, "axis": "y", "origin": [16, 0, 16]},
			"faces": {
				"north": {"uv": [0, 0, 0, 0.05], "texture": "#2"},
				"east": {"uv": [0, 0, 0.275, 0.05], "texture": "#2"},
				"south": {"uv": [0, 0, 0, 0.05], "texture": "#2"},
				"west": {"uv": [0, 0, 0.275, 0.05], "texture": "#2"},
				"up": {"uv": [0, 0.275, 0, 0.55], "texture": "#2"},
				"down": {"uv": [0, 0.275, 0, 0.55], "texture": "#2"}
			}
		},
		{
			"from": [8.9, 1.1, -5.8],
			"to": [8.9, 1.5, -4.4],
			"rotation": {"angle": 0, "axis": "y", "origin": [16, 0, 16]},
			"faces": {
				"north": {"uv": [0, 0, 0, 0.1], "texture": "#2"},
				"east": {"uv": [0, 0, 0.35, 0.1], "texture": "#2"},
				"south": {"uv": [0, 0, 0, 0.1], "texture": "#2"},
				"west": {"uv": [0, 0, 0.35, 0.1], "texture": "#2"},
				"up": {"uv": [0, 0.35, 0, 0.7], "texture": "#2"},
				"down": {"uv": [0, 0.35, 0, 0.7], "texture": "#2"}
			}
		},
		{
			"from": [8.9, 0.95, -5.95],
			"to": [8.9, 1.65, -5.75],
			"rotation": {"angle": 0, "axis": "y", "origin": [15, 2.3, -8.75]},
			"faces": {
				"north": {"uv": [0, 0, 0, 0.175], "texture": "#2"},
				"east": {"uv": [0, 0, 0.175, 0.05], "rotation": 270, "texture": "#2"},
				"south": {"uv": [0, 0, 0, 0.175], "rotation": 180, "texture": "#2"},
				"west": {"uv": [0, 0, 0.175, 0.05], "rotation": 90, "texture": "#2"},
				"up": {"uv": [0, 0.05, 0, 0.1], "texture": "#2"},
				"down": {"uv": [0, 0.05, 0, 0.1], "rotation": 180, "texture": "#2"}
			}
		},
		{
			"from": [8.9, 4.1, -4.4],
			"to": [8.9, 4.3, -3.3],
			"rotation": {"angle": 0, "axis": "y", "origin": [16, 0, 16]},
			"faces": {
				"north": {"uv": [0, 0, 0, 0.05], "texture": "#2"},
				"east": {"uv": [0, 0, 0.275, 0.05], "texture": "#2"},
				"south": {"uv": [0, 0, 0, 0.05], "texture": "#2"},
				"west": {"uv": [0, 0, 0.275, 0.05], "texture": "#2"},
				"up": {"uv": [0, 0.275, 0, 0.55], "texture": "#2"},
				"down": {"uv": [0, 0.275, 0, 0.55], "texture": "#2"}
			}
		},
		{
			"from": [8.9, 4, -5.8],
			"to": [8.9, 4.4, -4.4],
			"rotation": {"angle": 0, "axis": "y", "origin": [16, 0, 16]},
			"faces": {
				"north": {"uv": [0, 0, 0, 0.1], "texture": "#2"},
				"east": {"uv": [0, 0, 0.35, 0.1], "texture": "#2"},
				"south": {"uv": [0, 0, 0, 0.1], "texture": "#2"},
				"west": {"uv": [0, 0, 0.35, 0.1], "texture": "#2"},
				"up": {"uv": [0, 0.35, 0, 0.7], "texture": "#2"},
				"down": {"uv": [0, 0.35, 0, 0.7], "texture": "#2"}
			}
		},
		{
			"from": [8.9, 3.85, -5.95],
			"to": [8.9, 4.55, -5.75],
			"rotation": {"angle": 0, "axis": "y", "origin": [15, 2.3, -8.75]},
			"faces": {
				"north": {"uv": [0, 0, 0, 0.175], "texture": "#2"},
				"east": {"uv": [0, 0, 0.175, 0.05], "rotation": 270, "texture": "#2"},
				"south": {"uv": [0, 0, 0, 0.175], "rotation": 180, "texture": "#2"},
				"west": {"uv": [0, 0, 0.175, 0.05], "rotation": 90, "texture": "#2"},
				"up": {"uv": [0, 0.05, 0, 0.1], "texture": "#2"},
				"down": {"uv": [0, 0.05, 0, 0.1], "rotation": 180, "texture": "#2"}
			}
		},
		{
			"from": [9, 7, 18.1],
			"to": [9, 7.3, 23.5],
			"faces": {
				"north": {"uv": [0, 0, 0, 0.25], "texture": "#2"},
				"east": {"uv": [6.5, 2.75, 7.75, 3], "texture": "#2"},
				"south": {"uv": [0, 0, 0, 0.25], "texture": "#2"},
				"west": {"uv": [6.5, 3, 7.75, 3.25], "texture": "#2"},
				"up": {"uv": [0, 1.25, 0, 0], "texture": "#2"},
				"down": {"uv": [0, 0, 0, 1.25], "texture": "#2"}
			}
		},
		{
			"from": [9, 7.1, 11.1],
			"to": [9, 7.2, 18.1],
			"faces": {
				"north": {"uv": [0, 0, 0, 0.25], "texture": "#2"},
				"east": {"uv": [2, 6.5, 3.75, 6.75], "texture": "#2"},
				"south": {"uv": [0, 0, 0, 0.25], "texture": "#2"},
				"west": {"uv": [6.5, 2, 8.25, 2.25], "texture": "#2"},
				"up": {"uv": [0, 1.75, 0, 0], "texture": "#2"},
				"down": {"uv": [0, 0, 0, 1.75], "texture": "#2"}
			}
		},
		{
			"from": [9, 7.1, -0.6],
			"to": [9, 7.2, 6.4],
			"rotation": {"angle": 0, "axis": "y", "origin": [0, 0, 16]},
			"faces": {
				"north": {"uv": [0, 0, 0, 0.25], "texture": "#2"},
				"east": {"uv": [6.5, 2.25, 8.25, 2.5], "texture": "#2"},
				"south": {"uv": [0, 0, 0, 0.25], "texture": "#2"},
				"west": {"uv": [6.5, 2.5, 8.25, 2.75], "texture": "#2"},
				"up": {"uv": [0, 1.75, 0, 0], "texture": "#2"},
				"down": {"uv": [0, 0, 0, 1.75], "texture": "#2"}
			}
		},
		{
			"from": [9, 7, -6],
			"to": [9, 7.3, -0.6],
			"rotation": {"angle": 0, "axis": "y", "origin": [0, 0, 16]},
			"faces": {
				"north": {"uv": [0, 0, 0, 0.25], "texture": "#2"},
				"east": {"uv": [6.5, 3.25, 7.75, 3.5], "texture": "#2"},
				"south": {"uv": [0, 0, 0, 0.25], "texture": "#2"},
				"west": {"uv": [6.5, 3.5, 7.75, 3.75], "texture": "#2"},
				"up": {"uv": [0, 1.25, 0, 0], "texture": "#2"},
				"down": {"uv": [0, 0, 0, 1.25], "texture": "#2"}
			}
		},
		{
			"from": [9, 1.05, 8.55],
			"to": [9, 5.35, 8.75],
			"rotation": {"angle": 0, "axis": "y", "origin": [1, 11.25, 8.6]},
			"faces": {
				"north": {"uv": [0, 0, 0, 1], "texture": "#2"},
				"east": {"uv": [3.75, 6.5, 4, 7.5], "texture": "#2"},
				"south": {"uv": [0, 0, 0, 1], "texture": "#2"},
				"west": {"uv": [6.5, 3.75, 6.75, 4.75], "texture": "#2"},
				"up": {"uv": [0, 0.25, 0, 0], "texture": "#2"},
				"down": {"uv": [0, 0, 0, 0.25], "texture": "#2"}
			}
		},
		{
			"from": [9, 2.5, 8],
			"to": [9, 2.7, 9.3],
			"rotation": {"angle": 0, "axis": "y", "origin": [1, 9.15, 8.05]},
			"faces": {
				"north": {"uv": [0, 0, 0, 0.25], "texture": "#2"},
				"east": {"uv": [7.5, 7, 7.75, 7.25], "texture": "#2"},
				"south": {"uv": [0, 0, 0, 0.25], "texture": "#2"},
				"west": {"uv": [7.5, 7.25, 7.75, 7.5], "texture": "#2"},
				"up": {"uv": [0, 0.25, 0, 0], "texture": "#2"},
				"down": {"uv": [0, 0, 0, 0.25], "texture": "#2"}
			}
		},
		{
			"from": [9, 4.4, 8],
			"to": [9, 4.6, 9.3],
			"rotation": {"angle": 0, "axis": "y", "origin": [1, 9.15, 8.05]},
			"faces": {
				"north": {"uv": [0, 0, 0, 0.25], "texture": "#2"},
				"east": {"uv": [7.5, 7.5, 7.75, 7.75], "texture": "#2"},
				"south": {"uv": [0, 0, 0, 0.25], "texture": "#2"},
				"west": {"uv": [2, 7.75, 2.25, 8], "texture": "#2"},
				"up": {"uv": [0, 0.25, 0, 0], "texture": "#2"},
				"down": {"uv": [0, 0, 0, 0.25], "texture": "#2"}
			}
		},
		{
			"from": [9, 5.3, 8.3],
			"to": [9, 5.5, 9],
			"rotation": {"angle": 0, "axis": "y", "origin": [1, 9.15, 8.05]},
			"faces": {
				"north": {"uv": [0, 0, 0, 0.25], "texture": "#2"},
				"east": {"uv": [2.25, 7.75, 2.5, 8], "texture": "#2"},
				"south": {"uv": [0, 0, 0, 0.25], "texture": "#2"},
				"west": {"uv": [7.75, 2.75, 8, 3], "texture": "#2"},
				"up": {"uv": [0, 0.25, 0, 0], "texture": "#2"},
				"down": {"uv": [0, 0, 0, 0.25], "texture": "#2"}
			}
		},
		{
			"from": [9, 3.3, 8.3],
			"to": [9, 3.5, 9],
			"rotation": {"angle": 0, "axis": "y", "origin": [1, 9.15, 8.05]},
			"faces": {
				"north": {"uv": [0, 0, 0, 0.25], "texture": "#2"},
				"east": {"uv": [3, 7.75, 3.25, 8], "texture": "#2"},
				"south": {"uv": [0, 0, 0, 0.25], "texture": "#2"},
				"west": {"uv": [7.75, 3, 8, 3.25], "texture": "#2"},
				"up": {"uv": [0, 0.25, 0, 0], "texture": "#2"},
				"down": {"uv": [0, 0, 0, 0.25], "texture": "#2"}
			}
		},
		{
			"from": [9, 1.4, 8.3],
			"to": [9, 1.6, 9],
			"rotation": {"angle": 0, "axis": "y", "origin": [1, 9.15, 8.05]},
			"faces": {
				"north": {"uv": [0, 0, 0, 0.25], "texture": "#2"},
				"east": {"uv": [3.25, 7.75, 3.5, 8], "texture": "#2"},
				"south": {"uv": [0, 0, 0, 0.25], "texture": "#2"},
				"west": {"uv": [7.75, 3.25, 8, 3.5], "texture": "#2"},
				"up": {"uv": [0, 0.25, 0, 0], "texture": "#2"},
				"down": {"uv": [0, 0, 0, 0.25], "texture": "#2"}
			}
		},
		{
			"from": [9, 0.3, 8.3],
			"to": [9, 0.5, 9],
			"rotation": {"angle": 0, "axis": "y", "origin": [1, 9.15, 8.05]},
			"faces": {
				"north": {"uv": [0, 0, 0, 0.25], "texture": "#2"},
				"east": {"uv": [3.5, 7.75, 3.75, 8], "texture": "#2"},
				"south": {"uv": [0, 0, 0, 0.25], "texture": "#2"},
				"west": {"uv": [7.75, 3.5, 8, 3.75], "texture": "#2"},
				"up": {"uv": [0, 0.25, 0, 0], "texture": "#2"},
				"down": {"uv": [0, 0, 0, 0.25], "texture": "#2"}
			}
		},
		{
			"from": [9, 0.05, 8.55],
			"to": [9, 0.75, 8.75],
			"rotation": {"angle": 0, "axis": "x", "origin": [1, 0.4, 8.65]},
			"faces": {
				"north": {"uv": [0, 0, 0, 0.25], "texture": "#2"},
				"east": {"uv": [7.75, 3.75, 8, 4], "texture": "#2"},
				"south": {"uv": [0, 0, 0, 0.25], "texture": "#2"},
				"west": {"uv": [7.75, 4, 8, 4.25], "texture": "#2"},
				"up": {"uv": [0, 0.25, 0, 0], "texture": "#2"},
				"down": {"uv": [0, 0, 0, 0.25], "texture": "#2"}
			}
		},
		{
			"from": [9, -1.5, 7.7],
			"to": [9, -1.3, 9.5],
			"rotation": {"angle": 0, "axis": "y", "origin": [1, 9.15, 8.05]},
			"faces": {
				"north": {"uv": [0, 0, 0, 0.25], "texture": "#2"},
				"east": {"uv": [7, 4.25, 7.5, 4.5], "texture": "#2"},
				"south": {"uv": [0, 0, 0, 0.25], "texture": "#2"},
				"west": {"uv": [7, 4.5, 7.5, 4.75], "texture": "#2"},
				"up": {"uv": [0, 0.5, 0, 0], "texture": "#2"},
				"down": {"uv": [0, 0, 0, 0.5], "texture": "#2"}
			}
		},
		{
			"from": [9, -1.15, 8.55],
			"to": [9, -0.45, 8.75],
			"rotation": {"angle": 0, "axis": "y", "origin": [1, 0.4, 8.65]},
			"faces": {
				"north": {"uv": [0, 0, 0, 0.25], "texture": "#2"},
				"east": {"uv": [7.75, 4.5, 8, 4.75], "texture": "#2"},
				"south": {"uv": [0, 0, 0, 0.25], "texture": "#2"},
				"west": {"uv": [7.75, 4.75, 8, 5], "texture": "#2"},
				"up": {"uv": [0, 0.25, 0, 0], "texture": "#2"},
				"down": {"uv": [0, 0, 0, 0.25], "texture": "#2"}
			}
		},
		{
			"from": [9, -0.9, 8.3],
			"to": [9, -0.7, 9],
			"rotation": {"angle": 0, "axis": "y", "origin": [1, 9.15, 8.05]},
			"faces": {
				"north": {"uv": [0, 0, 0, 0.25], "texture": "#2"},
				"east": {"uv": [5, 7.75, 5.25, 8], "texture": "#2"},
				"south": {"uv": [0, 0, 0, 0.25], "texture": "#2"},
				"west": {"uv": [5.25, 7.75, 5.5, 8], "texture": "#2"},
				"up": {"uv": [0, 0.25, 0, 0], "texture": "#2"},
				"down": {"uv": [0, 0, 0, 0.25], "texture": "#2"}
			}
		},
		{
			"from": [9, -2.2, 8.1],
			"to": [9, -2, 9.1],
			"rotation": {"angle": 0, "axis": "y", "origin": [1, 9.15, 8.05]},
			"faces": {
				"north": {"uv": [0, 0, 0, 0.25], "texture": "#2"},
				"east": {"uv": [7.75, 5.25, 8, 5.5], "texture": "#2"},
				"south": {"uv": [0, 0, 0, 0.25], "texture": "#2"},
				"west": {"uv": [5.5, 7.75, 5.75, 8], "texture": "#2"},
				"up": {"uv": [0, 0.25, 0, 0], "texture": "#2"},
				"down": {"uv": [0, 0, 0, 0.25], "texture": "#2"}
			}
		},
		{
			"from": [9, -2.8, 7.7],
			"to": [9, -2.6, 9.5],
			"rotation": {"angle": 0, "axis": "y", "origin": [1, 9.15, 8.05]},
			"faces": {
				"north": {"uv": [0, 0, 0, 0.25], "texture": "#2"},
				"east": {"uv": [7, 4.75, 7.5, 5], "texture": "#2"},
				"south": {"uv": [0, 0, 0, 0.25], "texture": "#2"},
				"west": {"uv": [7, 5, 7.5, 5.25], "texture": "#2"},
				"up": {"uv": [0, 0.5, 0, 0], "texture": "#2"},
				"down": {"uv": [0, 0, 0, 0.5], "texture": "#2"}
			}
		},
		{
			"from": [9, -4.3, 8.1],
			"to": [9, -4.1, 9.1],
			"rotation": {"angle": 0, "axis": "y", "origin": [1, 9.15, 8.05]},
			"faces": {
				"north": {"uv": [0, 0, 0, 0.25], "texture": "#2"},
				"east": {"uv": [7.75, 5.5, 8, 5.75], "texture": "#2"},
				"south": {"uv": [0, 0, 0, 0.25], "texture": "#2"},
				"west": {"uv": [5.75, 7.75, 6, 8], "texture": "#2"},
				"up": {"uv": [0, 0.25, 0, 0], "texture": "#2"},
				"down": {"uv": [0, 0, 0, 0.25], "texture": "#2"}
			}
		},
		{
			"from": [9, -3.75, 8.55],
			"to": [9, -3.05, 8.75],
			"rotation": {"angle": 0, "axis": "y", "origin": [1, 0.4, 8.65]},
			"faces": {
				"north": {"uv": [0, 0, 0, 0.25], "texture": "#2"},
				"east": {"uv": [7.75, 5.75, 8, 6], "texture": "#2"},
				"south": {"uv": [0, 0, 0, 0.25], "texture": "#2"},
				"west": {"uv": [7.75, 6, 8, 6.25], "texture": "#2"},
				"up": {"uv": [0, 0.25, 0, 0], "texture": "#2"},
				"down": {"uv": [0, 0, 0, 0.25], "texture": "#2"}
			}
		},
		{
			"from": [9, -3.5, 8.3],
			"to": [9, -3.3, 9],
			"rotation": {"angle": 0, "axis": "y", "origin": [1, 9.15, 8.05]},
			"faces": {
				"north": {"uv": [0, 0, 0, 0.25], "texture": "#2"},
				"east": {"uv": [7.75, 6.25, 8, 6.5], "texture": "#2"},
				"south": {"uv": [0, 0, 0, 0.25], "texture": "#2"},
				"west": {"uv": [6.5, 7.75, 6.75, 8], "texture": "#2"},
				"up": {"uv": [0, 0.25, 0, 0], "texture": "#2"},
				"down": {"uv": [0, 0, 0, 0.25], "texture": "#2"}
			}
		},
		{
			"from": [6.9, 18.95, -12.65],
			"to": [8.9, 20.35, 30.05],
			"rotation": {"angle": 0, "axis": "x", "origin": [7.9, 7.25, -12]},
			"faces": {
				"north": {"uv": [7.25, 6, 7.75, 6.25], "texture": "#0"},
				"east": {"uv": [4, 0, 14.75, 0.25], "texture": "#0"},
				"south": {"uv": [7.25, 6.25, 7.75, 6.5], "texture": "#0"},
				"west": {"uv": [4, 0.25, 14.75, 0.5], "texture": "#0"},
				"up": {"uv": [0.5, 10.75, 0, 0], "texture": "#0"},
				"down": {"uv": [1, 0, 0.5, 10.75], "texture": "#0"}
			}
		},
		{
			"from": [6.9, 17.95, 28.05],
			"to": [8.9, 19.45, 28.85],
			"rotation": {"angle": -45, "axis": "x", "origin": [6.9, 18.65, 28.55]},
			"faces": {
				"north": {"uv": [6.5, 4.75, 7, 5.25], "texture": "#0"},
				"east": {"uv": [3.5, 7.25, 3.75, 7.75], "texture": "#0"},
				"south": {"uv": [6.5, 5.25, 7, 5.75], "texture": "#0"},
				"west": {"uv": [7.25, 6.75, 7.5, 7.25], "texture": "#0"},
				"up": {"uv": [7.5, 7.5, 7, 7.25], "texture": "#0"},
				"down": {"uv": [2.5, 7.5, 2, 7.75], "texture": "#0"}
			}
		},
		{
			"from": [6.9, -6.25, -12.65],
			"to": [8.9, -4.95, 30.05],
			"rotation": {"angle": 0, "axis": "y", "origin": [7.9, -5.55, 8.7]},
			"faces": {
				"north": {"uv": [6.5, 7.25, 7, 7.5], "texture": "#0"},
				"east": {"uv": [4, 0.5, 14.75, 0.75], "texture": "#0"},
				"south": {"uv": [7.25, 6.5, 7.75, 6.75], "texture": "#0"},
				"west": {"uv": [4, 0.75, 14.75, 1], "texture": "#0"},
				"up": {"uv": [1.5, 10.75, 1, 0], "texture": "#0"},
				"down": {"uv": [2, 0, 1.5, 10.75], "texture": "#0"}
			}
		},
		{
			"from": [6.9, -5.75, 27.65],
			"to": [8.9, -4.25, 28.65],
			"rotation": {"angle": 45, "axis": "x", "origin": [6.9, -5.15, 28.55]},
			"faces": {
				"north": {"uv": [5.5, 7.5, 6, 7.75], "texture": "#0"},
				"east": {"uv": [7.75, 6.5, 8, 6.75], "texture": "#0"},
				"south": {"uv": [6.5, 7.5, 7, 7.75], "texture": "#0"},
				"west": {"uv": [6.75, 7.75, 7, 8], "texture": "#0"},
				"up": {"uv": [8, 7, 7.5, 6.75], "texture": "#0"},
				"down": {"uv": [7.5, 7.5, 7, 7.75], "texture": "#0"}
			}
		},
		{
			"from": [6.9, -5.6, 28.6],
			"to": [8.9, 20.1, 30],
			"rotation": {"angle": 0, "axis": "y", "origin": [7.7, 7.25, 29.3]},
			"faces": {
				"north": {"uv": [2, 0, 2.5, 6.5], "texture": "#0"},
				"east": {"uv": [4, 2, 4.25, 8.5], "texture": "#0"},
				"south": {"uv": [2.5, 0, 3, 6.5], "texture": "#0"},
				"west": {"uv": [4.25, 2, 4.5, 8.5], "texture": "#0"},
				"up": {"uv": [7.75, 4.25, 7.25, 4], "texture": "#0"},
				"down": {"uv": [7.75, 5.25, 7.25, 5.5], "texture": "#0"}
			}
		},
		{
			"from": [6.9, -5.85251, -11.54191],
			"to": [8.9, -4.15251, -10.64191],
			"rotation": {"angle": -45, "axis": "x", "origin": [7.9, -4.90251, -10.94191]},
			"faces": {
				"north": {"uv": [2, 6.75, 2.5, 7.25], "texture": "#0"},
				"east": {"uv": [3.75, 7.5, 4, 8], "texture": "#0"},
				"south": {"uv": [2.5, 6.75, 3, 7.25], "texture": "#0"},
				"west": {"uv": [7.5, 4.5, 7.75, 5], "texture": "#0"},
				"up": {"uv": [5.5, 7.75, 5, 7.5], "texture": "#0"},
				"down": {"uv": [8, 5, 7.5, 5.25], "texture": "#0"}
			}
		},
		{
			"from": [6.9, -5.6, -12.7],
			"to": [8.9, 20.1, -11.3],
			"faces": {
				"north": {"uv": [3, 0, 3.5, 6.5], "texture": "#0"},
				"east": {"uv": [4.5, 2, 4.75, 8.5], "texture": "#0"},
				"south": {"uv": [3.5, 0, 4, 6.5], "texture": "#0"},
				"west": {"uv": [4.75, 2, 5, 8.5], "texture": "#0"},
				"up": {"uv": [7.75, 5.75, 7.25, 5.5], "texture": "#0"},
				"down": {"uv": [7.75, 5.75, 7.25, 6], "texture": "#0"}
			}
		},
		{
			"from": [6.9, 17.65251, -11.54191],
			"to": [8.9, 19.35251, -10.64191],
			"rotation": {"angle": 45, "axis": "x", "origin": [7.9, 18.40251, -10.94191]},
			"faces": {
				"north": {"uv": [6.5, 5.75, 7, 6.25], "texture": "#0"},
				"east": {"uv": [2.5, 7.5, 2.75, 8], "texture": "#0"},
				"south": {"uv": [6.5, 6.25, 7, 6.75], "texture": "#0"},
				"west": {"uv": [2.75, 7.5, 3, 8], "texture": "#0"},
				"up": {"uv": [3.5, 7.75, 3, 7.5], "texture": "#0"},
				"down": {"uv": [8, 4.25, 7.5, 4.5], "texture": "#0"}
			}
		}
	],
	"display": {
		"firstperson_righthand": {
			"rotation": [0, 90, 0],
			"translation": [-9.5, 9, 0],
			"scale": [0.73633, 0.73633, 0.73633]
		}
	},
	"groups": [
		{
			"name": "Marco interior",
			"origin": [9, 0.90277, -10.20297],
			"color": 0,
			"children": [0, 1, 2, 3, 4, 5, 6, 7, 8, 9, 10, 11, 12, 13, 14, 15, 16, 17, 18, 19, 20, 21, 22, 23, 24, 25]
		},
		{
			"name": "Lineas",
			"origin": [1, 9.15, 8.05],
			"color": 0,
			"children": [26, 27, 28, 29, 30, 31, 32, 33, 34, 35, 36, 37, 38, 39, 40, 41, 42, 43, 44, 45]
		},
		{
			"name": "Marco exterior",
			"origin": [7.9, 18.40251, -10.94191],
			"color": 0,
			"children": [46, 47, 48, 49, 50, 51, 52, 53]
		}
	]
}